CUDA status: use_cuda=True, device_count=1
{'baseline': 'rollout',
 'batch_size': 64,
 'bl_alpha': 0.05,
 'bl_warmup_epochs': 0,
 'checkpoint_encoder': False,
 'checkpoint_epochs': 1,
 'data_distribution': None,
 'embedding_dim': 128,
 'epoch_size': 12800,
 'epoch_start': 0,
 'eval_batch_size': 1000,
 'eval_only': False,
 'exp_beta': 0.8,
 'fine_tune': False,
 'graph_size': 50,
 'hidden_dim': 128,
 'load_path': None,
 'log_dir': 'logs',
 'log_stdout': True,
 'log_step': 50,
 'lr_critic': 0.0001,
 'lr_decay': 1.0,
 'lr_model': 0.0001,
 'max_grad_norm': 1.0,
 'model': 'attention',
 'n_encode_layers': 3,
 'n_epochs': 200,
 'no_cuda': False,
 'no_progress_bar': True,
 'no_tensorboard': True,
 'normalization': 'batch',
 'optimizer': 'Adam',
 'output_dir': 'outputs',
 'problem': 'agh',
 'resume': None,
 'rnn_time': False,
 'run_name': 'train_raw_50_200ep_20260228T162007',
 'save_dir': 'outputs/agh_50/train_raw_50_200ep_20260228T162007',
 'seed': 123456,
 'shrink_size': None,
 'tanh_clipping': 10.0,
 'use_cuda': True,
 'val_dataset': None,
 'val_size': 1000,
 'wo_time': False}
调用AttentionModel
加载 rollout baseline
Evaluating baseline model on evaluation dataset

Training
Start train epoch 0, lr=0.0001 for run train_raw_50_200ep_20260228T162007
Evaluating baseline on dataset...
Training baseline model...
开始train_epoch正式训练，总的 batch 大小: 200
Start training epoch 0...
epoch: 0, train_batch_id: 0, avg_cost: 2402.598571151301
loss: -526.9745009571419, grad norm: 29921.521484375, clipped: 1.0
epoch: 0, train_batch_id: 50, avg_cost: 2174.441714931874
loss: 3014.5199672495846, grad norm: 27538.830078125, clipped: 1.0
epoch: 0, train_batch_id: 100, avg_cost: 2275.0226180428936
loss: 3124.1512652491274, grad norm: 33596.265625, clipped: 1.0
epoch: 0, train_batch_id: 150, avg_cost: 2288.2777896694856
loss: 3503.5794779474027, grad norm: 31707.91015625, clipped: 1.0
Finished epoch 0, took 00:04:20 s
####Saving model and state...
调用validate
Validating...
Validation overall avg_cost: 2240.184050277303 +- 5.795116431513698
Evaluating candidate model on evaluation dataset
Epoch 0 candidate mean 2244.949399499779, baseline epoch 0 mean 2244.4573485445862, difference 0.4920509551925534
Start train epoch 1, lr=0.0001 for run train_raw_50_200ep_20260228T162007
Evaluating baseline on dataset...
Training baseline model...
开始train_epoch正式训练，总的 batch 大小: 200
Start training epoch 1...
epoch: 1, train_batch_id: 0, avg_cost: 1698.5220260055498
loss: 4432.9231128140655, grad norm: 31315.373046875, clipped: 1.0
epoch: 1, train_batch_id: 50, avg_cost: 2124.47162257569
loss: 5027.714108190784, grad norm: 28420.79296875, clipped: 1.0
epoch: 1, train_batch_id: 100, avg_cost: 2196.115752014426
loss: 4398.1992456296475, grad norm: 32817.26171875, clipped: 1.0
epoch: 1, train_batch_id: 150, avg_cost: 2088.1539491192243
loss: 5454.957298913943, grad norm: 37761.21875, clipped: 1.0
Finished epoch 1, took 00:04:30 s
####Saving model and state...
调用validate
Validating...
Validation overall avg_cost: 2232.978177054603 +- 5.684166812633043
Evaluating candidate model on evaluation dataset
Epoch 1 candidate mean 2235.67464620146, baseline epoch 0 mean 2244.4573485445862, difference -8.782702343126402
p-value: 0.009988841784303686
Update baseline
Evaluating baseline model on evaluation dataset

Start train epoch 2, lr=0.0001 for run train_raw_50_200ep_20260228T162007
Evaluating baseline on dataset...
Training baseline model...
开始train_epoch正式训练，总的 batch 大小: 200
Start training epoch 2...
epoch: 2, train_batch_id: 0, avg_cost: 2181.9798096930836
loss: -410.6627677501074, grad norm: 16252.54296875, clipped: 1.0
epoch: 2, train_batch_id: 50, avg_cost: 2113.252849447038
loss: -1394.1187928443767, grad norm: 23581.068359375, clipped: 1.0
epoch: 2, train_batch_id: 100, avg_cost: 2118.849174844887
loss: -282.3198226144686, grad norm: 17852.384765625, clipped: 1.0
epoch: 2, train_batch_id: 150, avg_cost: 2163.816455265571
loss: -108.03451703464992, grad norm: 20440.77734375, clipped: 1.0
Finished epoch 2, took 00:04:50 s
####Saving model and state...
调用validate
Validating...
Validation overall avg_cost: 2220.8878202543974 +- 5.680393728148343
Evaluating candidate model on evaluation dataset
Epoch 2 candidate mean 2221.533629267299, baseline epoch 1 mean 2235.600825319577, difference -14.067196052277723
p-value: 1.3327906136156604e-05
Update baseline
Evaluating baseline model on evaluation dataset

Start train epoch 3, lr=0.0001 for run train_raw_50_200ep_20260228T162007
Evaluating baseline on dataset...
Training baseline model...
开始train_epoch正式训练，总的 batch 大小: 200
Start training epoch 3...
epoch: 3, train_batch_id: 0, avg_cost: 2123.4900314945535
loss: 15.85764403207557, grad norm: 18142.01171875, clipped: 1.0
epoch: 3, train_batch_id: 50, avg_cost: 2064.609523808982
loss: -44.40554912874589, grad norm: 16320.009765625, clipped: 1.0
epoch: 3, train_batch_id: 100, avg_cost: 2156.859645996744
loss: 237.1486809591729, grad norm: 19041.39453125, clipped: 1.0
epoch: 3, train_batch_id: 150, avg_cost: 2036.4640727845003
loss: -1975.3692657048853, grad norm: 21262.525390625, clipped: 1.0
Finished epoch 3, took 00:04:56 s
####Saving model and state...
调用validate
Validating...
Validation overall avg_cost: 2209.9329844216836 +- 5.821997174679269
Evaluating candidate model on evaluation dataset
Epoch 3 candidate mean 2201.902569002756, baseline epoch 2 mean 2215.4073584976995, difference -13.504789494943452
p-value: 3.832934031576082e-05
Update baseline
Evaluating baseline model on evaluation dataset

Start train epoch 4, lr=0.0001 for run train_raw_50_200ep_20260228T162007
Evaluating baseline on dataset...
Training baseline model...
开始train_epoch正式训练，总的 batch 大小: 200
Start training epoch 4...
epoch: 4, train_batch_id: 0, avg_cost: 1920.023552429602
loss: -472.71576560484226, grad norm: 17018.4453125, clipped: 1.0
epoch: 4, train_batch_id: 50, avg_cost: 1963.912050448977
loss: -504.74677764224646, grad norm: 15472.8310546875, clipped: 1.0
epoch: 4, train_batch_id: 100, avg_cost: 1868.7486166639214
loss: -592.9840102545152, grad norm: 17600.642578125, clipped: 1.0
epoch: 4, train_batch_id: 150, avg_cost: 2193.8098374974147
loss: 720.7282971665085, grad norm: 20182.79296875, clipped: 1.0
Finished epoch 4, took 00:04:56 s
####Saving model and state...
调用validate
Validating...
Validation overall avg_cost: 2186.7284575039807 +- 5.625406531311737
Evaluating candidate model on evaluation dataset
Epoch 4 candidate mean 2182.3815958836317, baseline epoch 3 mean 2206.477240309472, difference -24.09564442584042
p-value: 2.3227222865204173e-13
Update baseline
Evaluating baseline model on evaluation dataset

Start train epoch 5, lr=0.0001 for run train_raw_50_200ep_20260228T162007
Evaluating baseline on dataset...
Training baseline model...
开始train_epoch正式训练，总的 batch 大小: 200
Start training epoch 5...
epoch: 5, train_batch_id: 0, avg_cost: 2003.155899147399
loss: -633.9654283524726, grad norm: 19080.78125, clipped: 1.0
epoch: 5, train_batch_id: 50, avg_cost: 2118.605291470286
loss: -722.6811937148989, grad norm: 16821.134765625, clipped: 1.0
epoch: 5, train_batch_id: 100, avg_cost: 2120.8934260173555
loss: 101.42097579773952, grad norm: 19416.927734375, clipped: 1.0
epoch: 5, train_batch_id: 150, avg_cost: 2313.381537411974
loss: -1327.7664580075239, grad norm: 29809.27734375, clipped: 1.0
Finished epoch 5, took 00:04:53 s
####Saving model and state...
调用validate
Validating...
Validation overall avg_cost: 2184.6742282146083 +- 5.6144316356933315
Evaluating candidate model on evaluation dataset
Epoch 5 candidate mean 2186.8639869275785, baseline epoch 4 mean 2192.137739485886, difference -5.2737525583074785
p-value: 0.06981570143531847
Start train epoch 6, lr=0.0001 for run train_raw_50_200ep_20260228T162007
Evaluating baseline on dataset...
Training baseline model...
开始train_epoch正式训练，总的 batch 大小: 200
Start training epoch 6...
epoch: 6, train_batch_id: 0, avg_cost: 2052.1090350259738
loss: 462.85747793226795, grad norm: 21845.9609375, clipped: 1.0
epoch: 6, train_batch_id: 50, avg_cost: 1907.2189696853418
loss: 436.36754526593154, grad norm: 19811.73046875, clipped: 1.0
epoch: 6, train_batch_id: 100, avg_cost: 1969.9408861057086
loss: 839.2198138670833, grad norm: 19199.673828125, clipped: 1.0
epoch: 6, train_batch_id: 150, avg_cost: 1988.9371650838473
loss: 807.9071403475325, grad norm: 24524.822265625, clipped: 1.0
Finished epoch 6, took 00:04:52 s
####Saving model and state...
调用validate
Validating...
Validation overall avg_cost: 2172.253369571575 +- 5.720326506046306
Evaluating candidate model on evaluation dataset
Epoch 6 candidate mean 2171.7164662845216, baseline epoch 4 mean 2192.137739485886, difference -20.42127320136433
p-value: 6.857075987633632e-09
Update baseline
Evaluating baseline model on evaluation dataset

Start train epoch 7, lr=0.0001 for run train_raw_50_200ep_20260228T162007
Evaluating baseline on dataset...
Training baseline model...
开始train_epoch正式训练，总的 batch 大小: 200
Start training epoch 7...
epoch: 7, train_batch_id: 0, avg_cost: 1870.9833582410943
loss: -670.065535741413, grad norm: 21589.83984375, clipped: 1.0
epoch: 7, train_batch_id: 50, avg_cost: 2148.188227239772
loss: -486.0672770087242, grad norm: 21799.740234375, clipped: 1.0
epoch: 7, train_batch_id: 100, avg_cost: 2273.171298939463
loss: -648.054270838418, grad norm: 21960.703125, clipped: 1.0
epoch: 7, train_batch_id: 150, avg_cost: 2238.1354730041257
loss: -341.051049045078, grad norm: 25055.611328125, clipped: 1.0
Finished epoch 7, took 00:04:51 s
####Saving model and state...
调用validate
Validating...
Validation overall avg_cost: 2187.5721086400185 +- 5.465836797628229
Evaluating candidate model on evaluation dataset
Epoch 7 candidate mean 2201.2802405765087, baseline epoch 6 mean 2185.608340580717, difference 15.671899995791591
Start train epoch 8, lr=0.0001 for run train_raw_50_200ep_20260228T162007
Evaluating baseline on dataset...
Training baseline model...
开始train_epoch正式训练，总的 batch 大小: 200
Start training epoch 8...
epoch: 8, train_batch_id: 0, avg_cost: 2110.824513261514
loss: -384.8801529949492, grad norm: 27430.16015625, clipped: 1.0
epoch: 8, train_batch_id: 50, avg_cost: 1917.177587180969
loss: -490.3204279196967, grad norm: 22316.203125, clipped: 1.0
epoch: 8, train_batch_id: 100, avg_cost: 1858.5637669091293
loss: -1360.8249885287837, grad norm: 23469.078125, clipped: 1.0
epoch: 8, train_batch_id: 150, avg_cost: 1926.5958555014163
loss: -825.6703071419151, grad norm: 25172.4140625, clipped: 1.0
Finished epoch 8, took 00:04:51 s
####Saving model and state...
调用validate
Validating...
Validation overall avg_cost: 2169.1207044491925 +- 5.555664375036942
Evaluating candidate model on evaluation dataset
Epoch 8 candidate mean 2182.1464172134215, baseline epoch 6 mean 2185.608340580717, difference -3.4619233672956398
p-value: 0.16322777191681853
Start train epoch 9, lr=0.0001 for run train_raw_50_200ep_20260228T162007
Evaluating baseline on dataset...
Training baseline model...
开始train_epoch正式训练，总的 batch 大小: 200
Start training epoch 9...
epoch: 9, train_batch_id: 0, avg_cost: 2047.923571229026
loss: -100.39983625234075, grad norm: 20982.423828125, clipped: 1.0
epoch: 9, train_batch_id: 50, avg_cost: 2198.0962536753937
loss: 43.41691496057534, grad norm: 21899.900390625, clipped: 1.0
epoch: 9, train_batch_id: 100, avg_cost: 2138.944875804442
loss: 251.60559665147267, grad norm: 22493.103515625, clipped: 1.0
epoch: 9, train_batch_id: 150, avg_cost: 2093.946095660349
loss: -1092.5860273863705, grad norm: 18762.8515625, clipped: 1.0
Finished epoch 9, took 00:04:54 s
####Saving model and state...
调用validate
Validating...
Validation overall avg_cost: 2168.102483208432 +- 5.665961666672015
Evaluating candidate model on evaluation dataset
Epoch 9 candidate mean 2173.542507880487, baseline epoch 6 mean 2185.608340580717, difference -12.065832700230203
p-value: 0.0005712439927936705
Update baseline
Evaluating baseline model on evaluation dataset

Start train epoch 10, lr=0.0001 for run train_raw_50_200ep_20260228T162007
Evaluating baseline on dataset...
Training baseline model...
开始train_epoch正式训练，总的 batch 大小: 200
Start training epoch 10...
epoch: 10, train_batch_id: 0, avg_cost: 1956.5585936179518
loss: -295.76163727681273, grad norm: 15456.6650390625, clipped: 1.0
epoch: 10, train_batch_id: 50, avg_cost: 2208.683720131139
loss: -787.8355943074378, grad norm: 24178.513671875, clipped: 1.0
epoch: 10, train_batch_id: 100, avg_cost: 2160.9783155213017
loss: -992.2875109735085, grad norm: 25902.1796875, clipped: 1.0
epoch: 10, train_batch_id: 150, avg_cost: 2235.8375574948054
loss: -1335.7223951880521, grad norm: 22205.150390625, clipped: 1.0
Finished epoch 10, took 00:05:01 s
####Saving model and state...
调用validate
Validating...
Validation overall avg_cost: 2167.491914006091 +- 5.807675975375671
Evaluating candidate model on evaluation dataset
Epoch 10 candidate mean 2168.7080797640006, baseline epoch 9 mean 2168.946951906433, difference -0.23887214243222843
p-value: 0.4738889319564439
Start train epoch 11, lr=0.0001 for run train_raw_50_200ep_20260228T162007
Evaluating baseline on dataset...
Training baseline model...
开始train_epoch正式训练，总的 batch 大小: 200
Start training epoch 11...
epoch: 11, train_batch_id: 0, avg_cost: 2099.678413669866
loss: -750.6283406124371, grad norm: 23062.9375, clipped: 1.0
epoch: 11, train_batch_id: 50, avg_cost: 1861.622595983435
loss: -317.7346273277861, grad norm: 21434.42578125, clipped: 1.0
epoch: 11, train_batch_id: 100, avg_cost: 2001.6082934609012
loss: -735.0777810290124, grad norm: 19599.958984375, clipped: 1.0
epoch: 11, train_batch_id: 150, avg_cost: 2082.8192609719677
loss: -328.8238615786348, grad norm: 23219.345703125, clipped: 1.0
Finished epoch 11, took 00:04:58 s
####Saving model and state...
调用validate
Validating...
Validation overall avg_cost: 2154.404695930884 +- 5.570852180839531
Evaluating candidate model on evaluation dataset
Epoch 11 candidate mean 2151.918435279214, baseline epoch 9 mean 2168.946951906433, difference -17.028516627218778
p-value: 1.4011307596246518e-06
Update baseline
Evaluating baseline model on evaluation dataset

Start train epoch 12, lr=0.0001 for run train_raw_50_200ep_20260228T162007
Evaluating baseline on dataset...
Training baseline model...
开始train_epoch正式训练，总的 batch 大小: 200
Start training epoch 12...
epoch: 12, train_batch_id: 0, avg_cost: 2303.64782039033
loss: -1340.3237148953822, grad norm: 24146.154296875, clipped: 1.0
epoch: 12, train_batch_id: 50, avg_cost: 2150.293733848336
loss: 292.9889294283674, grad norm: 17976.38671875, clipped: 1.0
epoch: 12, train_batch_id: 100, avg_cost: 1958.8506649571125
loss: -880.6570048387815, grad norm: 16405.767578125, clipped: 1.0
epoch: 12, train_batch_id: 150, avg_cost: 1738.3341154670002
loss: -128.20627811024417, grad norm: 20262.6953125, clipped: 1.0
Finished epoch 12, took 00:04:57 s
####Saving model and state...
调用validate
Validating...
Validation overall avg_cost: 2160.119121506305 +- 5.618694562125299
Evaluating candidate model on evaluation dataset
Epoch 12 candidate mean 2159.685655115486, baseline epoch 11 mean 2150.590275498172, difference 9.095379617313938
Start train epoch 13, lr=0.0001 for run train_raw_50_200ep_20260228T162007
Evaluating baseline on dataset...
Training baseline model...
开始train_epoch正式训练，总的 batch 大小: 200
Start training epoch 13...
epoch: 13, train_batch_id: 0, avg_cost: 2249.5117629543056
loss: -211.10684668856345, grad norm: 21826.3828125, clipped: 1.0
epoch: 13, train_batch_id: 50, avg_cost: 1921.3621789435933
loss: -858.1273701660688, grad norm: 26030.271484375, clipped: 1.0
epoch: 13, train_batch_id: 100, avg_cost: 2298.08357704432
loss: -773.7772236693195, grad norm: 22972.021484375, clipped: 1.0
epoch: 13, train_batch_id: 150, avg_cost: 1884.2546055194116
loss: -444.3002361008397, grad norm: 21403.017578125, clipped: 1.0
Finished epoch 13, took 00:04:51 s
####Saving model and state...
调用validate
Validating...
Validation overall avg_cost: 2137.435994427309 +- 5.446503037820216
Evaluating candidate model on evaluation dataset
Epoch 13 candidate mean 2130.76701162086, baseline epoch 11 mean 2150.590275498172, difference -19.823263877312
p-value: 4.4301477998503294e-08
Update baseline
Evaluating baseline model on evaluation dataset

Start train epoch 14, lr=0.0001 for run train_raw_50_200ep_20260228T162007
Evaluating baseline on dataset...
Training baseline model...
开始train_epoch正式训练，总的 batch 大小: 200
Start training epoch 14...
epoch: 14, train_batch_id: 0, avg_cost: 2097.8121242041616
loss: -1219.100277133661, grad norm: 22403.248046875, clipped: 1.0
epoch: 14, train_batch_id: 50, avg_cost: 1942.8573217832895
loss: 361.86272782614645, grad norm: 18562.671875, clipped: 1.0
epoch: 14, train_batch_id: 100, avg_cost: 2330.309338488621
loss: -2390.471179635319, grad norm: 25061.982421875, clipped: 1.0
epoch: 14, train_batch_id: 150, avg_cost: 2183.2853771831033
loss: -28.725160781063835, grad norm: 24865.46875, clipped: 1.0
Finished epoch 14, took 00:04:51 s
####Saving model and state...
调用validate
Validating...
Validation overall avg_cost: 2139.476830504763 +- 5.655285093103923
Evaluating candidate model on evaluation dataset
Epoch 14 candidate mean 2149.211888551885, baseline epoch 13 mean 2139.902731293113, difference 9.309157258771847
Start train epoch 15, lr=0.0001 for run train_raw_50_200ep_20260228T162007
Evaluating baseline on dataset...
Training baseline model...
开始train_epoch正式训练，总的 batch 大小: 200
Start training epoch 15...
epoch: 15, train_batch_id: 0, avg_cost: 1968.9717265502536
loss: -226.08973362012625, grad norm: 19410.34375, clipped: 1.0
epoch: 15, train_batch_id: 50, avg_cost: 2014.5512895534027
loss: 958.4837909746907, grad norm: 26253.478515625, clipped: 1.0
epoch: 15, train_batch_id: 100, avg_cost: 1984.8825515136464
loss: 162.4967606414989, grad norm: 22058.822265625, clipped: 1.0
epoch: 15, train_batch_id: 150, avg_cost: 2104.670637126181
loss: 762.218491195788, grad norm: 20925.00390625, clipped: 1.0
Finished epoch 15, took 00:04:48 s
####Saving model and state...
调用validate
Validating...
Validation overall avg_cost: 2113.7470894539356 +- 5.508320307901342
Evaluating candidate model on evaluation dataset
Epoch 15 candidate mean 2115.5392024050616, baseline epoch 13 mean 2139.902731293113, difference -24.363528888051405
p-value: 5.368723935103402e-11
Update baseline
Evaluating baseline model on evaluation dataset

Start train epoch 16, lr=0.0001 for run train_raw_50_200ep_20260228T162007
Evaluating baseline on dataset...
Training baseline model...
开始train_epoch正式训练，总的 batch 大小: 200
Start training epoch 16...
epoch: 16, train_batch_id: 0, avg_cost: 2126.116877971594
loss: -302.4133939749492, grad norm: 20353.857421875, clipped: 1.0
epoch: 16, train_batch_id: 50, avg_cost: 2199.908195925455
loss: -33.59428220703852, grad norm: 20475.1953125, clipped: 1.0
epoch: 16, train_batch_id: 100, avg_cost: 2018.1481221702268
loss: -105.57520413420971, grad norm: 18007.251953125, clipped: 1.0
epoch: 16, train_batch_id: 150, avg_cost: 2014.231134700731
loss: -1142.1138646137301, grad norm: 22065.21875, clipped: 1.0
Finished epoch 16, took 00:04:49 s
####Saving model and state...
调用validate
Validating...
Validation overall avg_cost: 2100.1358396720234 +- 5.394739914957306
Evaluating candidate model on evaluation dataset
Epoch 16 candidate mean 2110.1143769734576, baseline epoch 15 mean 2117.637878892293, difference -7.523501918835336
p-value: 0.017461330199659952
Update baseline
Evaluating baseline model on evaluation dataset

Start train epoch 17, lr=0.0001 for run train_raw_50_200ep_20260228T162007
Evaluating baseline on dataset...
Training baseline model...
开始train_epoch正式训练，总的 batch 大小: 200
Start training epoch 17...
epoch: 17, train_batch_id: 0, avg_cost: 2214.7667451147013
loss: -1266.90060480831, grad norm: 19206.892578125, clipped: 1.0
epoch: 17, train_batch_id: 50, avg_cost: 2202.612668825479
loss: -565.7968307771976, grad norm: 14303.919921875, clipped: 1.0
epoch: 17, train_batch_id: 100, avg_cost: 2116.9649996952608
loss: -1197.2292489228396, grad norm: 16371.025390625, clipped: 1.0
epoch: 17, train_batch_id: 150, avg_cost: 2054.3245833972796
loss: -55.681755712296024, grad norm: 14720.1806640625, clipped: 1.0
Finished epoch 17, took 00:04:52 s
####Saving model and state...
调用validate
Validating...
Validation overall avg_cost: 2081.9948404679258 +- 5.445021826817279
Evaluating candidate model on evaluation dataset
Epoch 17 candidate mean 2090.3435147425116, baseline epoch 16 mean 2114.463913163269, difference -24.120398420757283
p-value: 1.644612690472402e-12
Update baseline
Evaluating baseline model on evaluation dataset

Start train epoch 18, lr=0.0001 for run train_raw_50_200ep_20260228T162007
Evaluating baseline on dataset...
Training baseline model...
开始train_epoch正式训练，总的 batch 大小: 200
Start training epoch 18...
epoch: 18, train_batch_id: 0, avg_cost: 1855.6256874431565
loss: -655.319411196039, grad norm: 13689.7724609375, clipped: 1.0
epoch: 18, train_batch_id: 50, avg_cost: 2189.6469406384367
loss: -1010.3959276016395, grad norm: 22293.92578125, clipped: 1.0
epoch: 18, train_batch_id: 100, avg_cost: 1827.1546015622303
loss: -762.7985588593756, grad norm: 19109.1953125, clipped: 1.0
epoch: 18, train_batch_id: 150, avg_cost: 1926.6976463361239
loss: -972.0373805096277, grad norm: 18909.04296875, clipped: 1.0
Finished epoch 18, took 00:04:46 s
####Saving model and state...
调用validate
Validating...
Validation overall avg_cost: 2076.7986236343863 +- 5.414774917370227
Evaluating candidate model on evaluation dataset
Epoch 18 candidate mean 2083.0079906196725, baseline epoch 17 mean 2092.8685573894577, difference -9.860566769785237
p-value: 0.0033561542551492525
Update baseline
Evaluating baseline model on evaluation dataset

Start train epoch 19, lr=0.0001 for run train_raw_50_200ep_20260228T162007
Evaluating baseline on dataset...
Training baseline model...
开始train_epoch正式训练，总的 batch 大小: 200
Start training epoch 19...
epoch: 19, train_batch_id: 0, avg_cost: 2193.6850632455025
loss: -589.0370134783569, grad norm: 17497.947265625, clipped: 1.0
epoch: 19, train_batch_id: 50, avg_cost: 2044.969928850679
loss: -661.3863993262069, grad norm: 14882.9755859375, clipped: 1.0
epoch: 19, train_batch_id: 100, avg_cost: 2002.1120514168645
loss: -1387.4732980808121, grad norm: 20096.30078125, clipped: 1.0
epoch: 19, train_batch_id: 150, avg_cost: 2002.8365326635135
loss: 24.611330933726663, grad norm: 17787.6875, clipped: 1.0
Finished epoch 19, took 00:04:38 s
####Saving model and state...
调用validate
Validating...
Validation overall avg_cost: 2067.1508278740007 +- 5.358049470779301
Evaluating candidate model on evaluation dataset
Epoch 19 candidate mean 2065.2725014816797, baseline epoch 18 mean 2072.8015465411945, difference -7.529045059514829
p-value: 0.01237404874231595
Update baseline
Evaluating baseline model on evaluation dataset

Start train epoch 20, lr=0.0001 for run train_raw_50_200ep_20260228T162007
Evaluating baseline on dataset...
Training baseline model...
开始train_epoch正式训练，总的 batch 大小: 200
Start training epoch 20...
epoch: 20, train_batch_id: 0, avg_cost: 2116.433003920928
loss: -1242.0681714147636, grad norm: 16194.7490234375, clipped: 1.0
epoch: 20, train_batch_id: 50, avg_cost: 2034.5381138985886
loss: -486.0040034150376, grad norm: 12676.365234375, clipped: 1.0
epoch: 20, train_batch_id: 100, avg_cost: 2053.5378877341755
loss: -78.27264185865198, grad norm: 16766.658203125, clipped: 1.0
epoch: 20, train_batch_id: 150, avg_cost: 2115.148033461805
loss: -619.8915576227776, grad norm: 16300.701171875, clipped: 1.0
Finished epoch 20, took 00:04:45 s
####Saving model and state...
调用validate
Validating...
Validation overall avg_cost: 2061.135076016538 +- 5.371132978497472
Evaluating candidate model on evaluation dataset
Epoch 20 candidate mean 2072.537427376126, baseline epoch 19 mean 2078.4772940799826, difference -5.939866703856751
p-value: 0.03901559689959626
Update baseline
Evaluating baseline model on evaluation dataset

Start train epoch 21, lr=0.0001 for run train_raw_50_200ep_20260228T162007
Evaluating baseline on dataset...
Training baseline model...
开始train_epoch正式训练，总的 batch 大小: 200
Start training epoch 21...
epoch: 21, train_batch_id: 0, avg_cost: 1995.5539188904145
loss: -1428.6873187995238, grad norm: 16656.40234375, clipped: 1.0
epoch: 21, train_batch_id: 50, avg_cost: 2061.862131739934
loss: -603.7094967145129, grad norm: 10051.9609375, clipped: 1.0
epoch: 21, train_batch_id: 100, avg_cost: 2254.9783822488466
loss: -3007.6364243728412, grad norm: 20236.751953125, clipped: 1.0
epoch: 21, train_batch_id: 150, avg_cost: 1923.5807884689698
loss: -183.04881524305668, grad norm: 15966.5126953125, clipped: 1.0
Finished epoch 21, took 00:04:52 s
####Saving model and state...
调用validate
Validating...
Validation overall avg_cost: 2064.290844117984 +- 5.382445106328463
Evaluating candidate model on evaluation dataset
Epoch 21 candidate mean 2071.7336921636183, baseline epoch 20 mean 2063.2743905669668, difference 8.459301596651585
Start train epoch 22, lr=0.0001 for run train_raw_50_200ep_20260228T162007
Evaluating baseline on dataset...
Training baseline model...
开始train_epoch正式训练，总的 batch 大小: 200
Start training epoch 22...
epoch: 22, train_batch_id: 0, avg_cost: 1870.0227371750766
loss: -651.6212388583727, grad norm: 14726.515625, clipped: 1.0
epoch: 22, train_batch_id: 50, avg_cost: 2055.4951452275864
loss: -499.49686279925913, grad norm: 15767.2880859375, clipped: 1.0
epoch: 22, train_batch_id: 100, avg_cost: 2248.6114575146084
loss: -469.2101575009669, grad norm: 18684.732421875, clipped: 1.0
epoch: 22, train_batch_id: 150, avg_cost: 1830.7761153689746
loss: -808.557720957705, grad norm: 16248.9287109375, clipped: 1.0
Finished epoch 22, took 00:04:50 s
####Saving model and state...
调用validate
Validating...
Validation overall avg_cost: 2058.5867619593214 +- 5.358097853396098
Evaluating candidate model on evaluation dataset
Epoch 22 candidate mean 2065.5554284787477, baseline epoch 20 mean 2063.2743905669668, difference 2.2810379117809134
Start train epoch 23, lr=0.0001 for run train_raw_50_200ep_20260228T162007
Evaluating baseline on dataset...
Training baseline model...
开始train_epoch正式训练，总的 batch 大小: 200
Start training epoch 23...
epoch: 23, train_batch_id: 0, avg_cost: 1848.5341300630996
loss: -932.910561242883, grad norm: 14870.6064453125, clipped: 1.0
epoch: 23, train_batch_id: 50, avg_cost: 2025.1863675474538
loss: -943.6308472620233, grad norm: 21507.37109375, clipped: 1.0
epoch: 23, train_batch_id: 100, avg_cost: 2074.7618228734777
loss: -1546.593584690923, grad norm: 14519.296875, clipped: 1.0
epoch: 23, train_batch_id: 150, avg_cost: 1966.2188822351086
loss: -369.1036870760375, grad norm: 13747.1962890625, clipped: 1.0
Finished epoch 23, took 00:04:51 s
####Saving model and state...
调用validate
Validating...
Validation overall avg_cost: 2047.937820607747 +- 5.343463688076062
Evaluating candidate model on evaluation dataset
Epoch 23 candidate mean 2061.2915671161127, baseline epoch 20 mean 2063.2743905669668, difference -1.9828234508540845
p-value: 0.28977575201234845
Start train epoch 24, lr=0.0001 for run train_raw_50_200ep_20260228T162007
Evaluating baseline on dataset...
Training baseline model...
开始train_epoch正式训练，总的 batch 大小: 200
Start training epoch 24...
epoch: 24, train_batch_id: 0, avg_cost: 1748.8514337457877
loss: -409.26806670814244, grad norm: 16042.2919921875, clipped: 1.0
epoch: 24, train_batch_id: 50, avg_cost: 2029.8709649066063
loss: 244.29873981221579, grad norm: 18745.650390625, clipped: 1.0
epoch: 24, train_batch_id: 100, avg_cost: 2022.4386269322745
loss: -104.9177247223169, grad norm: 13524.478515625, clipped: 1.0
epoch: 24, train_batch_id: 150, avg_cost: 2124.1420623580225
loss: 465.05780035427784, grad norm: 19175.466796875, clipped: 1.0
Finished epoch 24, took 00:04:47 s
####Saving model and state...
调用validate
Validating...
Validation overall avg_cost: 2066.0879298690134 +- 5.329454746395041
Evaluating candidate model on evaluation dataset
Epoch 24 candidate mean 2075.0237856323633, baseline epoch 20 mean 2063.2743905669668, difference 11.749395065396584
Start train epoch 25, lr=0.0001 for run train_raw_50_200ep_20260228T162007
Evaluating baseline on dataset...
Training baseline model...
开始train_epoch正式训练，总的 batch 大小: 200
Start training epoch 25...
epoch: 25, train_batch_id: 0, avg_cost: 2120.385357467824
loss: -1250.009988315395, grad norm: 16594.142578125, clipped: 1.0
epoch: 25, train_batch_id: 50, avg_cost: 1864.7512071859003
loss: 19.435970351788356, grad norm: 18380.939453125, clipped: 1.0
epoch: 25, train_batch_id: 100, avg_cost: 1883.5910371755358
loss: 154.30792163707122, grad norm: 16659.361328125, clipped: 1.0
epoch: 25, train_batch_id: 150, avg_cost: 2232.857473388822
loss: 191.1355596329572, grad norm: 16601.875, clipped: 1.0
Finished epoch 25, took 00:04:46 s
####Saving model and state...
调用validate
Validating...
Validation overall avg_cost: 2021.3442493848504 +- 5.283246020515823
Evaluating candidate model on evaluation dataset
Epoch 25 candidate mean 2029.75213722886, baseline epoch 20 mean 2063.2743905669668, difference -33.52225333810679
p-value: 4.668745133710346e-19
Update baseline
Evaluating baseline model on evaluation dataset

Start train epoch 26, lr=0.0001 for run train_raw_50_200ep_20260228T162007
Evaluating baseline on dataset...
Training baseline model...
开始train_epoch正式训练，总的 batch 大小: 200
Start training epoch 26...
epoch: 26, train_batch_id: 0, avg_cost: 2008.1348366623868
loss: -303.6474097483119, grad norm: 9346.0048828125, clipped: 1.0
epoch: 26, train_batch_id: 50, avg_cost: 2098.274340431824
loss: -108.13931126352402, grad norm: 12278.9052734375, clipped: 1.0
epoch: 26, train_batch_id: 100, avg_cost: 1923.4050145480167
loss: 104.59849939640465, grad norm: 13092.8076171875, clipped: 1.0
epoch: 26, train_batch_id: 150, avg_cost: 1955.3904862236757
loss: -771.8755123188644, grad norm: 15542.3798828125, clipped: 1.0
Finished epoch 26, took 00:04:43 s
####Saving model and state...
调用validate
Validating...
Validation overall avg_cost: 2016.211446144428 +- 5.17089996959394
Evaluating candidate model on evaluation dataset
Epoch 26 candidate mean 2019.5095738084563, baseline epoch 25 mean 2025.7484730868337, difference -6.238899278377403
p-value: 0.03117216214145538
Update baseline
Evaluating baseline model on evaluation dataset

Start train epoch 27, lr=0.0001 for run train_raw_50_200ep_20260228T162007
Evaluating baseline on dataset...
Training baseline model...
开始train_epoch正式训练，总的 batch 大小: 200
Start training epoch 27...
epoch: 27, train_batch_id: 0, avg_cost: 1895.799605672732
loss: -173.73655798109002, grad norm: 11167.2705078125, clipped: 1.0
epoch: 27, train_batch_id: 50, avg_cost: 1887.8131372625428
loss: -161.82248672731532, grad norm: 12059.033203125, clipped: 1.0
epoch: 27, train_batch_id: 100, avg_cost: 1866.494935230085
loss: 103.10838887187684, grad norm: 13971.517578125, clipped: 1.0
epoch: 27, train_batch_id: 150, avg_cost: 2049.578352367996
loss: -1147.9195600795128, grad norm: 13179.4638671875, clipped: 1.0
Finished epoch 27, took 00:04:42 s
####Saving model and state...
调用validate
Validating...
Validation overall avg_cost: 2020.9533323285216 +- 5.4004777826621515
Evaluating candidate model on evaluation dataset
Epoch 27 candidate mean 2015.426464355378, baseline epoch 26 mean 2013.8671287206696, difference 1.5593356347083045
Start train epoch 28, lr=0.0001 for run train_raw_50_200ep_20260228T162007
Evaluating baseline on dataset...
Training baseline model...
开始train_epoch正式训练，总的 batch 大小: 200
Start training epoch 28...
epoch: 28, train_batch_id: 0, avg_cost: 1809.751100333363
loss: -349.371969165737, grad norm: 13359.4853515625, clipped: 1.0
epoch: 28, train_batch_id: 50, avg_cost: 1783.139720174849
loss: -293.3931307827915, grad norm: 13865.7763671875, clipped: 1.0
epoch: 28, train_batch_id: 100, avg_cost: 1906.5164574677656
loss: -390.0313125891986, grad norm: 13412.3056640625, clipped: 1.0
epoch: 28, train_batch_id: 150, avg_cost: 1894.6269153179524
loss: 244.60650436430703, grad norm: 14194.4736328125, clipped: 1.0
Finished epoch 28, took 00:04:42 s
####Saving model and state...
调用validate
Validating...
Validation overall avg_cost: 2007.82863464834 +- 5.1024714733206356
Evaluating candidate model on evaluation dataset
Epoch 28 candidate mean 2006.9566099961587, baseline epoch 26 mean 2013.8671287206696, difference -6.910518724510894
p-value: 0.021148456649501685
Update baseline
Evaluating baseline model on evaluation dataset

Start train epoch 29, lr=0.0001 for run train_raw_50_200ep_20260228T162007
Evaluating baseline on dataset...
Training baseline model...
开始train_epoch正式训练，总的 batch 大小: 200
Start training epoch 29...
epoch: 29, train_batch_id: 0, avg_cost: 1926.7201021910132
loss: -168.80170558514953, grad norm: 7277.083984375, clipped: 1.0
epoch: 29, train_batch_id: 50, avg_cost: 1946.5257416998027
loss: 26.470238657732978, grad norm: 10969.51171875, clipped: 1.0
epoch: 29, train_batch_id: 100, avg_cost: 1760.0420191555709
loss: -665.1114889814006, grad norm: 13868.0693359375, clipped: 1.0
epoch: 29, train_batch_id: 150, avg_cost: 1883.43263257302
loss: -210.44424841404484, grad norm: 17485.39453125, clipped: 1.0
Finished epoch 29, took 00:04:46 s
####Saving model and state...
调用validate
Validating...
Validation overall avg_cost: 1980.152929225487 +- 5.228673084197376
Evaluating candidate model on evaluation dataset
Epoch 29 candidate mean 1991.800217516491, baseline epoch 28 mean 2014.3601914124074, difference -22.5599738959163
p-value: 9.126128764667548e-10
Update baseline
Evaluating baseline model on evaluation dataset

Start train epoch 30, lr=0.0001 for run train_raw_50_200ep_20260228T162007
Evaluating baseline on dataset...
Training baseline model...
开始train_epoch正式训练，总的 batch 大小: 200
Start training epoch 30...
epoch: 30, train_batch_id: 0, avg_cost: 1936.077163803091
loss: 137.3947825090407, grad norm: 9295.5771484375, clipped: 1.0
epoch: 30, train_batch_id: 50, avg_cost: 2103.013169110547
loss: 231.5731639637252, grad norm: 11365.5361328125, clipped: 1.0
epoch: 30, train_batch_id: 100, avg_cost: 1822.1289441667623
loss: -303.60457085095885, grad norm: 11655.11328125, clipped: 1.0
epoch: 30, train_batch_id: 150, avg_cost: 1897.9535576885623
loss: -200.72869640025527, grad norm: 12468.556640625, clipped: 1.0
Finished epoch 30, took 00:04:34 s
####Saving model and state...
调用validate
Validating...
Validation overall avg_cost: 1970.895066787084 +- 5.063026741478916
Evaluating candidate model on evaluation dataset
Epoch 30 candidate mean 1985.5826599981692, baseline epoch 29 mean 1994.0546370016089, difference -8.471977003439633
p-value: 0.0072914276003693
Update baseline
Evaluating baseline model on evaluation dataset

Start train epoch 31, lr=0.0001 for run train_raw_50_200ep_20260228T162007
Evaluating baseline on dataset...
Training baseline model...
开始train_epoch正式训练，总的 batch 大小: 200
Start training epoch 31...
epoch: 31, train_batch_id: 0, avg_cost: 2182.9284163755947
loss: -355.0611216145216, grad norm: 10170.1064453125, clipped: 1.0
epoch: 31, train_batch_id: 50, avg_cost: 2172.186159296009
loss: -821.1406724003994, grad norm: 14556.556640625, clipped: 1.0
epoch: 31, train_batch_id: 100, avg_cost: 2025.570296957466
loss: -2479.563358332909, grad norm: 17146.552734375, clipped: 1.0
epoch: 31, train_batch_id: 150, avg_cost: 1945.460737512099
loss: -95.68456220774559, grad norm: 11097.716796875, clipped: 1.0
Finished epoch 31, took 00:04:44 s
####Saving model and state...
调用validate
Validating...
Validation overall avg_cost: 1966.0397081897718 +- 5.101044972126538
Evaluating candidate model on evaluation dataset
Epoch 31 candidate mean 1970.4529244752678, baseline epoch 30 mean 1981.8154670010335, difference -11.362542525765775
p-value: 0.0004669984382983216
Update baseline
Evaluating baseline model on evaluation dataset

Start train epoch 32, lr=0.0001 for run train_raw_50_200ep_20260228T162007
Evaluating baseline on dataset...
Training baseline model...
开始train_epoch正式训练，总的 batch 大小: 200
Start training epoch 32...
epoch: 32, train_batch_id: 0, avg_cost: 1994.084836910385
loss: -100.99251971668176, grad norm: 7042.43896484375, clipped: 1.0
epoch: 32, train_batch_id: 50, avg_cost: 2059.777765472927
loss: -120.28906319560946, grad norm: 13865.771484375, clipped: 1.0
epoch: 32, train_batch_id: 100, avg_cost: 1826.20171550843
loss: -253.80450092785503, grad norm: 11468.560546875, clipped: 1.0
epoch: 32, train_batch_id: 150, avg_cost: 2007.1422431661745
loss: -38.92190844840826, grad norm: 12692.3134765625, clipped: 1.0
Finished epoch 32, took 00:04:41 s
####Saving model and state...
调用validate
Validating...
Validation overall avg_cost: 1960.0544546987646 +- 5.139886413869388
Evaluating candidate model on evaluation dataset
Epoch 32 candidate mean 1970.6089870122476, baseline epoch 31 mean 1975.4927892957523, difference -4.883802283504792
p-value: 0.05909206232590649
Start train epoch 33, lr=0.0001 for run train_raw_50_200ep_20260228T162007
Evaluating baseline on dataset...
Training baseline model...
开始train_epoch正式训练，总的 batch 大小: 200
Start training epoch 33...
epoch: 33, train_batch_id: 0, avg_cost: 1926.0347289826952
loss: -399.4560816533431, grad norm: 12363.10546875, clipped: 1.0
epoch: 33, train_batch_id: 50, avg_cost: 1861.9306563273267
loss: -771.7930671647532, grad norm: 11705.0556640625, clipped: 1.0
epoch: 33, train_batch_id: 100, avg_cost: 1871.8236151796486
loss: -30.55210902340491, grad norm: 13038.48828125, clipped: 1.0
epoch: 33, train_batch_id: 150, avg_cost: 1640.832940110758
loss: 98.99576554429169, grad norm: 10311.8515625, clipped: 1.0
Finished epoch 33, took 00:04:42 s
####Saving model and state...
调用validate
Validating...
Validation overall avg_cost: 1960.037319659038 +- 5.121130831482216
Evaluating candidate model on evaluation dataset
Epoch 33 candidate mean 1968.3962254464986, baseline epoch 31 mean 1975.4927892957523, difference -7.096563849253698
p-value: 0.019260101193600197
Update baseline
Evaluating baseline model on evaluation dataset

Start train epoch 34, lr=0.0001 for run train_raw_50_200ep_20260228T162007
Evaluating baseline on dataset...
Training baseline model...
开始train_epoch正式训练，总的 batch 大小: 200
Start training epoch 34...
epoch: 34, train_batch_id: 0, avg_cost: 1974.7191318363462
loss: -1412.0522443809496, grad norm: 12893.42578125, clipped: 1.0
epoch: 34, train_batch_id: 50, avg_cost: 2002.1638169493608
loss: -399.66470096081713, grad norm: 9692.1474609375, clipped: 1.0
epoch: 34, train_batch_id: 100, avg_cost: 2083.3954331273876
loss: -59.90033455113863, grad norm: 13942.0849609375, clipped: 1.0
epoch: 34, train_batch_id: 150, avg_cost: 1854.2841927894106
loss: -105.59218139479054, grad norm: 13364.9365234375, clipped: 1.0
Finished epoch 34, took 00:04:32 s
####Saving model and state...
调用validate
Validating...
Validation overall avg_cost: 1959.813895138697 +- 5.226020400669876
Evaluating candidate model on evaluation dataset
Epoch 34 candidate mean 1968.5370333605297, baseline epoch 33 mean 1966.7400116457832, difference 1.7970217147465064
Start train epoch 35, lr=0.0001 for run train_raw_50_200ep_20260228T162007
Evaluating baseline on dataset...
Training baseline model...
开始train_epoch正式训练，总的 batch 大小: 200
Start training epoch 35...
epoch: 35, train_batch_id: 0, avg_cost: 1963.0753649459796
loss: -669.9569925204278, grad norm: 10590.3525390625, clipped: 1.0
epoch: 35, train_batch_id: 50, avg_cost: 2164.3758818174074
loss: -294.2754417813686, grad norm: 13764.365234375, clipped: 1.0
epoch: 35, train_batch_id: 100, avg_cost: 2079.50591566019
loss: -255.6004444527685, grad norm: 16263.177734375, clipped: 1.0
epoch: 35, train_batch_id: 150, avg_cost: 1813.7369213311304
loss: -398.09007194349573, grad norm: 16545.39453125, clipped: 1.0
Finished epoch 35, took 00:04:42 s
####Saving model and state...
调用validate
Validating...
Validation overall avg_cost: 1973.9445136762445 +- 5.1269152769444855
Evaluating candidate model on evaluation dataset
Epoch 35 candidate mean 1976.0989875841433, baseline epoch 33 mean 1966.7400116457832, difference 9.358975938360118
Start train epoch 36, lr=0.0001 for run train_raw_50_200ep_20260228T162007
Evaluating baseline on dataset...
Training baseline model...
开始train_epoch正式训练，总的 batch 大小: 200
Start training epoch 36...
epoch: 36, train_batch_id: 0, avg_cost: 1839.9194467208406
loss: -325.019202079914, grad norm: 11916.8798828125, clipped: 1.0
epoch: 36, train_batch_id: 50, avg_cost: 1762.7781757898406
loss: -21.28868540379011, grad norm: 14456.7939453125, clipped: 1.0
epoch: 36, train_batch_id: 100, avg_cost: 1716.6471772026473
loss: -156.6894420447073, grad norm: 15356.1025390625, clipped: 1.0
epoch: 36, train_batch_id: 150, avg_cost: 1890.0395803699637
loss: 430.51133737831196, grad norm: 12137.4814453125, clipped: 1.0
Finished epoch 36, took 00:04:35 s
####Saving model and state...
调用validate
Validating...
Validation overall avg_cost: 1945.1996983941283 +- 5.152591936173698
Evaluating candidate model on evaluation dataset
Epoch 36 candidate mean 1954.4946087651776, baseline epoch 33 mean 1966.7400116457832, difference -12.245402880605525
p-value: 0.00013078765770106204
Update baseline
Evaluating baseline model on evaluation dataset

Start train epoch 37, lr=0.0001 for run train_raw_50_200ep_20260228T162007
Evaluating baseline on dataset...
Training baseline model...
开始train_epoch正式训练，总的 batch 大小: 200
Start training epoch 37...
epoch: 37, train_batch_id: 0, avg_cost: 1938.7939539814477
loss: -21.81295703062237, grad norm: 10231.8212890625, clipped: 1.0
epoch: 37, train_batch_id: 50, avg_cost: 1929.2021368850917
loss: -262.4022413609159, grad norm: 11278.2685546875, clipped: 1.0
epoch: 37, train_batch_id: 100, avg_cost: 1812.9738137555012
loss: -191.36839551906712, grad norm: 8849.0263671875, clipped: 1.0
epoch: 37, train_batch_id: 150, avg_cost: 1767.7202605846678
loss: 422.043183848126, grad norm: 12596.509765625, clipped: 1.0
Finished epoch 37, took 00:04:31 s
####Saving model and state...
调用validate
Validating...
Validation overall avg_cost: 1943.4844042890713 +- 5.063909607266422
Evaluating candidate model on evaluation dataset
Epoch 37 candidate mean 1946.2965648623144, baseline epoch 36 mean 1951.9517732085624, difference -5.655208346247946
p-value: 0.03774195979660263
Update baseline
Evaluating baseline model on evaluation dataset

Start train epoch 38, lr=0.0001 for run train_raw_50_200ep_20260228T162007
Evaluating baseline on dataset...
Training baseline model...
开始train_epoch正式训练，总的 batch 大小: 200
Start training epoch 38...
epoch: 38, train_batch_id: 0, avg_cost: 1994.082106989264
loss: -167.22531249975702, grad norm: 11409.98828125, clipped: 1.0
epoch: 38, train_batch_id: 50, avg_cost: 1878.764483037159
loss: 403.1112356981332, grad norm: 8598.818359375, clipped: 1.0
epoch: 38, train_batch_id: 100, avg_cost: 1795.2539279599528
loss: 228.77514536861176, grad norm: 9500.4287109375, clipped: 1.0
epoch: 38, train_batch_id: 150, avg_cost: 1824.9452891409978
loss: 32.12472340584007, grad norm: 8925.9794921875, clipped: 1.0
Finished epoch 38, took 00:04:44 s
####Saving model and state...
调用validate
Validating...
Validation overall avg_cost: 1939.343655822221 +- 5.0394257781555325
Evaluating candidate model on evaluation dataset
Epoch 38 candidate mean 1940.7889430437708, baseline epoch 37 mean 1946.130986209284, difference -5.342043165513132
p-value: 0.05202077149007441
Start train epoch 39, lr=0.0001 for run train_raw_50_200ep_20260228T162007
Evaluating baseline on dataset...
Training baseline model...
开始train_epoch正式训练，总的 batch 大小: 200
Start training epoch 39...
epoch: 39, train_batch_id: 0, avg_cost: 2066.7459753375497
loss: -67.5579304067926, grad norm: 7976.59033203125, clipped: 1.0
epoch: 39, train_batch_id: 50, avg_cost: 1819.9652601835712
loss: -101.16171611129633, grad norm: 11013.408203125, clipped: 1.0
epoch: 39, train_batch_id: 100, avg_cost: 1700.5954382209352
loss: 470.33529227681555, grad norm: 10375.8642578125, clipped: 1.0
epoch: 39, train_batch_id: 150, avg_cost: 2053.870239451714
loss: 141.41207458607454, grad norm: 12588.388671875, clipped: 1.0
Finished epoch 39, took 00:04:44 s
####Saving model and state...
调用validate
Validating...
Validation overall avg_cost: 1923.4576743788664 +- 5.107231604418243
Evaluating candidate model on evaluation dataset
Epoch 39 candidate mean 1928.2318039429488, baseline epoch 37 mean 1946.130986209284, difference -17.899182266335174
p-value: 2.1636211164825816e-07
Update baseline
Evaluating baseline model on evaluation dataset

Start train epoch 40, lr=0.0001 for run train_raw_50_200ep_20260228T162007
Evaluating baseline on dataset...
Training baseline model...
开始train_epoch正式训练，总的 batch 大小: 200
Start training epoch 40...
epoch: 40, train_batch_id: 0, avg_cost: 2023.368963542441
loss: -219.93703887035227, grad norm: 9181.2783203125, clipped: 1.0
epoch: 40, train_batch_id: 50, avg_cost: 1774.5849801208149
loss: -308.6089010594126, grad norm: 9284.8369140625, clipped: 1.0
epoch: 40, train_batch_id: 100, avg_cost: 2107.8551654558664
loss: -331.82202080898344, grad norm: 13175.0439453125, clipped: 1.0
epoch: 40, train_batch_id: 150, avg_cost: 1938.168522199443
loss: 109.24971385177179, grad norm: 12220.88671875, clipped: 1.0
Finished epoch 40, took 00:04:36 s
####Saving model and state...
调用validate
Validating...
Validation overall avg_cost: 1907.880417163843 +- 4.9317255689084245
Evaluating candidate model on evaluation dataset
Epoch 40 candidate mean 1911.7312165579133, baseline epoch 39 mean 1929.3841882926386, difference -17.65297173472527
p-value: 7.615119519304467e-09
Update baseline
Evaluating baseline model on evaluation dataset

Start train epoch 41, lr=0.0001 for run train_raw_50_200ep_20260228T162007
Evaluating baseline on dataset...
Training baseline model...
开始train_epoch正式训练，总的 batch 大小: 200
Start training epoch 41...
epoch: 41, train_batch_id: 0, avg_cost: 1733.8713273464812
loss: -443.2175694966215, grad norm: 11492.9169921875, clipped: 1.0
epoch: 41, train_batch_id: 50, avg_cost: 1920.4607925946495
loss: 101.21157336868893, grad norm: 9729.0283203125, clipped: 1.0
epoch: 41, train_batch_id: 100, avg_cost: 1802.8562094323727
loss: -326.0741587945447, grad norm: 12096.701171875, clipped: 1.0
epoch: 41, train_batch_id: 150, avg_cost: 1900.983902904761
loss: -12.316080329577005, grad norm: 13035.34375, clipped: 1.0
Finished epoch 41, took 00:04:30 s
####Saving model and state...
调用validate
Validating...
Validation overall avg_cost: 1898.7022660846717 +- 5.013318442880478
Evaluating candidate model on evaluation dataset
Epoch 41 candidate mean 1901.3827682618946, baseline epoch 40 mean 1916.3901494096704, difference -15.007381147775732
p-value: 1.0456733781464888e-06
Update baseline
Evaluating baseline model on evaluation dataset

Start train epoch 42, lr=0.0001 for run train_raw_50_200ep_20260228T162007
Evaluating baseline on dataset...
Training baseline model...
开始train_epoch正式训练，总的 batch 大小: 200
Start training epoch 42...
epoch: 42, train_batch_id: 0, avg_cost: 1962.872992478152
loss: -268.0856164125371, grad norm: 9156.7958984375, clipped: 1.0
epoch: 42, train_batch_id: 50, avg_cost: 1982.982924230333
loss: -223.46971490068648, grad norm: 11870.880859375, clipped: 1.0
epoch: 42, train_batch_id: 100, avg_cost: 2160.3755734634296
loss: -891.8421528502697, grad norm: 16863.380859375, clipped: 1.0
epoch: 42, train_batch_id: 150, avg_cost: 2117.7876846205404
loss: -901.6049028226641, grad norm: 15550.779296875, clipped: 1.0
Finished epoch 42, took 00:04:36 s
####Saving model and state...
调用validate
Validating...
Validation overall avg_cost: 1889.5774253261548 +- 5.008801266847059
Evaluating candidate model on evaluation dataset
Epoch 42 candidate mean 1896.7635570014577, baseline epoch 41 mean 1902.716463329346, difference -5.952906327888286
p-value: 0.03663967936748071
Update baseline
Evaluating baseline model on evaluation dataset

Start train epoch 43, lr=0.0001 for run train_raw_50_200ep_20260228T162007
Evaluating baseline on dataset...
Training baseline model...
开始train_epoch正式训练，总的 batch 大小: 200
Start training epoch 43...
epoch: 43, train_batch_id: 0, avg_cost: 1857.0845149528236
loss: -174.40065930681777, grad norm: 8716.3759765625, clipped: 1.0
epoch: 43, train_batch_id: 50, avg_cost: 1757.3283624020878
loss: -526.4480415895486, grad norm: 12307.2138671875, clipped: 1.0
epoch: 43, train_batch_id: 100, avg_cost: 1911.5181994718337
loss: -266.49780458712513, grad norm: 12294.640625, clipped: 1.0
epoch: 43, train_batch_id: 150, avg_cost: 1709.7022241548025
loss: 15.17949629161248, grad norm: 12685.1357421875, clipped: 1.0
Finished epoch 43, took 00:04:40 s
####Saving model and state...
调用validate
Validating...
Validation overall avg_cost: 1873.680254087587 +- 4.970329509735053
Evaluating candidate model on evaluation dataset
Epoch 43 candidate mean 1878.1212507759817, baseline epoch 42 mean 1897.7434197004861, difference -19.62216892450442
p-value: 1.6868226328629158e-09
Update baseline
Evaluating baseline model on evaluation dataset

Start train epoch 44, lr=0.0001 for run train_raw_50_200ep_20260228T162007
Evaluating baseline on dataset...
Training baseline model...
开始train_epoch正式训练，总的 batch 大小: 200
Start training epoch 44...
epoch: 44, train_batch_id: 0, avg_cost: 1846.2001125603279
loss: -528.4806116100217, grad norm: 7139.43359375, clipped: 1.0
epoch: 44, train_batch_id: 50, avg_cost: 2027.3141360280183
loss: -103.56438533388342, grad norm: 12005.509765625, clipped: 1.0
epoch: 44, train_batch_id: 100, avg_cost: 1757.4864067657595
loss: -441.6339113661945, grad norm: 19024.625, clipped: 1.0
epoch: 44, train_batch_id: 150, avg_cost: 1710.926291055751
loss: 120.2380670607301, grad norm: 15339.7353515625, clipped: 1.0
Finished epoch 44, took 00:04:31 s
####Saving model and state...
调用validate
Validating...
Validation overall avg_cost: 1832.7501774654816 +- 4.858833328634348
Evaluating candidate model on evaluation dataset
Epoch 44 candidate mean 1833.5978350606308, baseline epoch 43 mean 1874.0722637926233, difference -40.474428731992475
p-value: 5.014232973321801e-32
Update baseline
Evaluating baseline model on evaluation dataset

Start train epoch 45, lr=0.0001 for run train_raw_50_200ep_20260228T162007
Evaluating baseline on dataset...
Training baseline model...
开始train_epoch正式训练，总的 batch 大小: 200
Start training epoch 45...
epoch: 45, train_batch_id: 0, avg_cost: 1795.18237064293
loss: -67.63172797690476, grad norm: 8590.7158203125, clipped: 1.0
epoch: 45, train_batch_id: 50, avg_cost: 1749.4114031962913
loss: 126.00638426171139, grad norm: 12560.9033203125, clipped: 1.0
epoch: 45, train_batch_id: 100, avg_cost: 1757.939961344773
loss: -712.852704186229, grad norm: 15795.5322265625, clipped: 1.0
epoch: 45, train_batch_id: 150, avg_cost: 1745.6504088476531
loss: -570.3412416015294, grad norm: 12642.119140625, clipped: 1.0
Finished epoch 45, took 00:04:28 s
####Saving model and state...
调用validate
Validating...
Validation overall avg_cost: 1900.0697743352503 +- 5.1083456215750696
Evaluating candidate model on evaluation dataset
Epoch 45 candidate mean 1912.9500128355025, baseline epoch 44 mean 1840.6800558950492, difference 72.26995694045331
Start train epoch 46, lr=0.0001 for run train_raw_50_200ep_20260228T162007
Evaluating baseline on dataset...
Training baseline model...
开始train_epoch正式训练，总的 batch 大小: 200
Start training epoch 46...
epoch: 46, train_batch_id: 0, avg_cost: 1531.2351159474138
loss: -438.30823691670776, grad norm: 15551.609375, clipped: 1.0
epoch: 46, train_batch_id: 50, avg_cost: 1623.950201829712
loss: -503.8254035335931, grad norm: 9656.0546875, clipped: 1.0
epoch: 46, train_batch_id: 100, avg_cost: 1734.3185541610674
loss: -569.9923276205201, grad norm: 13963.5302734375, clipped: 1.0
epoch: 46, train_batch_id: 150, avg_cost: 1748.1260768596144
loss: -414.2106316961735, grad norm: 15637.396484375, clipped: 1.0
Finished epoch 46, took 00:04:35 s
####Saving model and state...
调用validate
Validating...
Validation overall avg_cost: 1825.8724287195241 +- 4.7399018207272405
Evaluating candidate model on evaluation dataset
Epoch 46 candidate mean 1835.642609214539, baseline epoch 44 mean 1840.6800558950492, difference -5.037446680510129
p-value: 0.07330901610945838
Start train epoch 47, lr=0.0001 for run train_raw_50_200ep_20260228T162007
Evaluating baseline on dataset...
Training baseline model...
开始train_epoch正式训练，总的 batch 大小: 200
Start training epoch 47...
epoch: 47, train_batch_id: 0, avg_cost: 1724.7706660667845
loss: -681.2777284094883, grad norm: 11415.474609375, clipped: 1.0
epoch: 47, train_batch_id: 50, avg_cost: 1873.4891900568496
loss: -341.7934432370064, grad norm: 14998.5869140625, clipped: 1.0
epoch: 47, train_batch_id: 100, avg_cost: 1783.4647898968926
loss: -26.867858444051066, grad norm: 9977.13671875, clipped: 1.0
epoch: 47, train_batch_id: 150, avg_cost: 2030.8265847345579
loss: -184.33567998521175, grad norm: 11699.58203125, clipped: 1.0
Finished epoch 47, took 00:04:28 s
####Saving model and state...
调用validate
Validating...
Validation overall avg_cost: 1788.614557496571 +- 4.684904438272191
Evaluating candidate model on evaluation dataset
Epoch 47 candidate mean 1801.120013922166, baseline epoch 44 mean 1840.6800558950492, difference -39.560041972883255
p-value: 5.486144896368684e-28
Update baseline
Evaluating baseline model on evaluation dataset

Start train epoch 48, lr=0.0001 for run train_raw_50_200ep_20260228T162007
Evaluating baseline on dataset...
Training baseline model...
开始train_epoch正式训练，总的 batch 大小: 200
Start training epoch 48...
epoch: 48, train_batch_id: 0, avg_cost: 1740.6883465116284
loss: -437.1959684754399, grad norm: 11898.931640625, clipped: 1.0
epoch: 48, train_batch_id: 50, avg_cost: 1848.8296016082807
loss: -373.2524668818468, grad norm: 13151.427734375, clipped: 1.0
epoch: 48, train_batch_id: 100, avg_cost: 1712.7776481646588
loss: -38.47743941158052, grad norm: 11628.0849609375, clipped: 1.0
epoch: 48, train_batch_id: 150, avg_cost: 1822.593904198828
loss: -305.15345517699035, grad norm: 10605.2421875, clipped: 1.0
Finished epoch 48, took 00:04:25 s
####Saving model and state...
调用validate
Validating...
Validation overall avg_cost: 1806.7347885538923 +- 4.819568823486876
Evaluating candidate model on evaluation dataset
Epoch 48 candidate mean 1816.3975369573257, baseline epoch 47 mean 1793.5496854598966, difference 22.84785149742902
Start train epoch 49, lr=0.0001 for run train_raw_50_200ep_20260228T162007
Evaluating baseline on dataset...
Training baseline model...
开始train_epoch正式训练，总的 batch 大小: 200
Start training epoch 49...
epoch: 49, train_batch_id: 0, avg_cost: 1989.6803993419169
loss: -81.98406456223373, grad norm: 14102.5380859375, clipped: 1.0
epoch: 49, train_batch_id: 50, avg_cost: 1912.6040625765033
loss: 204.7176356763727, grad norm: 13168.7255859375, clipped: 1.0
epoch: 49, train_batch_id: 100, avg_cost: 1852.5649484779929
loss: 581.6832597479589, grad norm: 19911.623046875, clipped: 1.0
epoch: 49, train_batch_id: 150, avg_cost: 1753.8253784046253
loss: -494.1913108036449, grad norm: 14910.6015625, clipped: 1.0
Finished epoch 49, took 00:04:20 s
####Saving model and state...
调用validate
Validating...
Validation overall avg_cost: 1768.6959526270116 +- 4.665661114387289
Evaluating candidate model on evaluation dataset
Epoch 49 candidate mean 1775.6542820917405, baseline epoch 47 mean 1793.5496854598966, difference -17.895403368156167
p-value: 7.76024842863439e-09
Update baseline
Evaluating baseline model on evaluation dataset

Start train epoch 50, lr=0.0001 for run train_raw_50_200ep_20260228T162007
Evaluating baseline on dataset...
Training baseline model...
开始train_epoch正式训练，总的 batch 大小: 200
Start training epoch 50...
epoch: 50, train_batch_id: 0, avg_cost: 1912.1673984474228
loss: -27.704602260316165, grad norm: 8940.47265625, clipped: 1.0
epoch: 50, train_batch_id: 50, avg_cost: 1637.7904831158448
loss: -156.34106594014273, grad norm: 17322.033203125, clipped: 1.0
epoch: 50, train_batch_id: 100, avg_cost: 1785.713217541588
loss: -648.7033801753246, grad norm: 10667.8466796875, clipped: 1.0
epoch: 50, train_batch_id: 150, avg_cost: 1773.4051596291556
loss: -294.0369605174152, grad norm: 14195.35546875, clipped: 1.0
Finished epoch 50, took 00:04:21 s
####Saving model and state...
调用validate
Validating...
Validation overall avg_cost: 1769.4933265934533 +- 4.524898344838974
Evaluating candidate model on evaluation dataset
Epoch 50 candidate mean 1764.5647462435027, baseline epoch 49 mean 1766.207936077777, difference -1.6431898342743807
p-value: 0.2935137063711613
Start train epoch 51, lr=0.0001 for run train_raw_50_200ep_20260228T162007
Evaluating baseline on dataset...
Training baseline model...
开始train_epoch正式训练，总的 batch 大小: 200
Start training epoch 51...
epoch: 51, train_batch_id: 0, avg_cost: 1637.780561999064
loss: 68.74073939381407, grad norm: 12356.486328125, clipped: 1.0
epoch: 51, train_batch_id: 50, avg_cost: 1836.993560952959
loss: -123.90378316823067, grad norm: 11009.4814453125, clipped: 1.0
epoch: 51, train_batch_id: 100, avg_cost: 1610.4119297570742
loss: 45.22243325646272, grad norm: 10708.7666015625, clipped: 1.0
epoch: 51, train_batch_id: 150, avg_cost: 1932.9633567812098
loss: -997.6788488072908, grad norm: 12404.419921875, clipped: 1.0
Finished epoch 51, took 00:04:16 s
####Saving model and state...
调用validate
Validating...
Validation overall avg_cost: 1809.5204494929478 +- 4.579079140738986
Evaluating candidate model on evaluation dataset
Epoch 51 candidate mean 1811.4939270100938, baseline epoch 49 mean 1766.207936077777, difference 45.285990932316736
Start train epoch 52, lr=0.0001 for run train_raw_50_200ep_20260228T162007
Evaluating baseline on dataset...
Training baseline model...
开始train_epoch正式训练，总的 batch 大小: 200
Start training epoch 52...
epoch: 52, train_batch_id: 0, avg_cost: 1767.2999195930875
loss: -771.5664458338355, grad norm: 24396.86328125, clipped: 1.0
epoch: 52, train_batch_id: 50, avg_cost: 2023.3913778989072
loss: -374.8393560998926, grad norm: 13587.900390625, clipped: 1.0
epoch: 52, train_batch_id: 100, avg_cost: 1892.64826137439
loss: -264.4786747644308, grad norm: 11172.677734375, clipped: 1.0
epoch: 52, train_batch_id: 150, avg_cost: 2053.8462167738253
loss: -177.7873193701996, grad norm: 13584.0107421875, clipped: 1.0
Finished epoch 52, took 00:04:15 s
####Saving model and state...
调用validate
Validating...
Validation overall avg_cost: 1751.472640771708 +- 4.442344495653297
Evaluating candidate model on evaluation dataset
Epoch 52 candidate mean 1751.7071716163393, baseline epoch 49 mean 1766.207936077777, difference -14.500764461437711
p-value: 1.5166701321874505e-05
Update baseline
Evaluating baseline model on evaluation dataset

Start train epoch 53, lr=0.0001 for run train_raw_50_200ep_20260228T162007
Evaluating baseline on dataset...
Training baseline model...
开始train_epoch正式训练，总的 batch 大小: 200
Start training epoch 53...
epoch: 53, train_batch_id: 0, avg_cost: 1576.1235253677323
loss: -53.624447957245444, grad norm: 8298.4599609375, clipped: 1.0
epoch: 53, train_batch_id: 50, avg_cost: 1798.4961607685982
loss: 53.944821998337936, grad norm: 9258.5908203125, clipped: 1.0
epoch: 53, train_batch_id: 100, avg_cost: 1787.3078301231935
loss: -302.35636973491046, grad norm: 10862.654296875, clipped: 1.0
epoch: 53, train_batch_id: 150, avg_cost: 2007.84426636763
loss: -1451.1862533726712, grad norm: 19576.287109375, clipped: 1.0
Finished epoch 53, took 00:04:28 s
####Saving model and state...
调用validate
Validating...
Validation overall avg_cost: 1754.489624883102 +- 4.555657545978123
Evaluating candidate model on evaluation dataset
Epoch 53 candidate mean 1762.9484560885771, baseline epoch 52 mean 1757.656318319997, difference 5.292137768580233
Start train epoch 54, lr=0.0001 for run train_raw_50_200ep_20260228T162007
Evaluating baseline on dataset...
Training baseline model...
开始train_epoch正式训练，总的 batch 大小: 200
Start training epoch 54...
epoch: 54, train_batch_id: 0, avg_cost: 1957.9874656041457
loss: -98.68063872947138, grad norm: 12205.76953125, clipped: 1.0
epoch: 54, train_batch_id: 50, avg_cost: 1866.242873511072
loss: -505.99396216233566, grad norm: 17571.755859375, clipped: 1.0
epoch: 54, train_batch_id: 100, avg_cost: 1835.9562999103453
loss: -685.4714928293662, grad norm: 11694.765625, clipped: 1.0
epoch: 54, train_batch_id: 150, avg_cost: 1676.2863785257641
loss: -441.4116926798408, grad norm: 8675.8447265625, clipped: 1.0
Finished epoch 54, took 00:04:32 s
####Saving model and state...
调用validate
Validating...
Validation overall avg_cost: 1745.497362379655 +- 4.666659149082792
Evaluating candidate model on evaluation dataset
Epoch 54 candidate mean 1751.9356425145143, baseline epoch 52 mean 1757.656318319997, difference -5.720675805482642
p-value: 0.05023106096237532
Start train epoch 55, lr=0.0001 for run train_raw_50_200ep_20260228T162007
Evaluating baseline on dataset...
Training baseline model...
开始train_epoch正式训练，总的 batch 大小: 200
Start training epoch 55...
epoch: 55, train_batch_id: 0, avg_cost: 1624.9782455623722
loss: -316.49736847026645, grad norm: 9424.857421875, clipped: 1.0
epoch: 55, train_batch_id: 50, avg_cost: 1524.1297261131886
loss: -203.33182268163026, grad norm: 10076.615234375, clipped: 1.0
epoch: 55, train_batch_id: 100, avg_cost: 1864.638239166461
loss: -560.3881073494588, grad norm: 13189.48828125, clipped: 1.0
epoch: 55, train_batch_id: 150, avg_cost: 1794.2587484049418
loss: -209.25273329308882, grad norm: 11573.9189453125, clipped: 1.0
Finished epoch 55, took 00:04:25 s
####Saving model and state...
调用validate
Validating...
Validation overall avg_cost: 1736.1243200091521 +- 4.499739342540892
Evaluating candidate model on evaluation dataset
Epoch 55 candidate mean 1745.9475230423975, baseline epoch 52 mean 1757.656318319997, difference -11.708795277599393
p-value: 0.0002609778727276504
Update baseline
Evaluating baseline model on evaluation dataset

Start train epoch 56, lr=0.0001 for run train_raw_50_200ep_20260228T162007
Evaluating baseline on dataset...
Training baseline model...
开始train_epoch正式训练，总的 batch 大小: 200
Start training epoch 56...
epoch: 56, train_batch_id: 0, avg_cost: 1742.5279676458458
loss: -150.80885751352943, grad norm: 7110.185546875, clipped: 1.0
epoch: 56, train_batch_id: 50, avg_cost: 1883.6874634804135
loss: -256.2013417110573, grad norm: 10385.955078125, clipped: 1.0
epoch: 56, train_batch_id: 100, avg_cost: 1716.9453493931992
loss: -55.90580561367348, grad norm: 10679.1103515625, clipped: 1.0
epoch: 56, train_batch_id: 150, avg_cost: 1876.5889423527628
loss: 1.3201219203976535, grad norm: 11642.5537109375, clipped: 1.0
Finished epoch 56, took 00:04:24 s
####Saving model and state...
调用validate
Validating...
Validation overall avg_cost: 1725.0587336439544 +- 4.466884178757047
Evaluating candidate model on evaluation dataset
Epoch 56 candidate mean 1732.3330059506327, baseline epoch 55 mean 1745.901109503936, difference -13.568103553303217
p-value: 3.743215966003007e-06
Update baseline
Evaluating baseline model on evaluation dataset

Start train epoch 57, lr=0.0001 for run train_raw_50_200ep_20260228T162007
Evaluating baseline on dataset...
Training baseline model...
开始train_epoch正式训练，总的 batch 大小: 200
Start training epoch 57...
epoch: 57, train_batch_id: 0, avg_cost: 1630.960439561596
loss: -66.82812779623316, grad norm: 6579.46484375, clipped: 1.0
epoch: 57, train_batch_id: 50, avg_cost: 1547.1790413201898
loss: -96.69633906854168, grad norm: 8525.048828125, clipped: 1.0
epoch: 57, train_batch_id: 100, avg_cost: 1610.0856538953271
loss: -128.5739789790569, grad norm: 7964.9013671875, clipped: 1.0
epoch: 57, train_batch_id: 150, avg_cost: 1735.832910883813
loss: -50.78467524553136, grad norm: 9989.2890625, clipped: 1.0
Finished epoch 57, took 00:04:20 s
####Saving model and state...
调用validate
Validating...
Validation overall avg_cost: 1773.159689258031 +- 4.6419432217072885
Evaluating candidate model on evaluation dataset
Epoch 57 candidate mean 1775.8123182540048, baseline epoch 56 mean 1731.342792431848, difference 44.46952582215681
Start train epoch 58, lr=0.0001 for run train_raw_50_200ep_20260228T162007
Evaluating baseline on dataset...
Training baseline model...
开始train_epoch正式训练，总的 batch 大小: 200
Start training epoch 58...
epoch: 58, train_batch_id: 0, avg_cost: 1607.0432252799399
loss: -274.6569021359295, grad norm: 10241.1611328125, clipped: 1.0
epoch: 58, train_batch_id: 50, avg_cost: 1665.964437143051
loss: 57.28106645991642, grad norm: 8432.478515625, clipped: 1.0
epoch: 58, train_batch_id: 100, avg_cost: 1713.839068770587
loss: -208.35235700948272, grad norm: 9608.9912109375, clipped: 1.0
epoch: 58, train_batch_id: 150, avg_cost: 1880.479321841226
loss: -169.54209182668342, grad norm: 14647.88671875, clipped: 1.0
Finished epoch 58, took 00:04:11 s
####Saving model and state...
调用validate
Validating...
Validation overall avg_cost: 1732.6815093276887 +- 4.445452589778451
Evaluating candidate model on evaluation dataset
Epoch 58 candidate mean 1740.4789796846144, baseline epoch 56 mean 1731.342792431848, difference 9.136187252766376
Start train epoch 59, lr=0.0001 for run train_raw_50_200ep_20260228T162007
Evaluating baseline on dataset...
Training baseline model...
开始train_epoch正式训练，总的 batch 大小: 200
Start training epoch 59...
epoch: 59, train_batch_id: 0, avg_cost: 1687.5777239812187
loss: -542.7186092783788, grad norm: 11628.28515625, clipped: 1.0
epoch: 59, train_batch_id: 50, avg_cost: 1620.3163094002248
loss: 16.47167270306535, grad norm: 10323.478515625, clipped: 1.0
epoch: 59, train_batch_id: 100, avg_cost: 1709.0809218987515
loss: -108.62525609469944, grad norm: 9664.953125, clipped: 1.0
epoch: 59, train_batch_id: 150, avg_cost: 1705.704942558209
loss: -125.62096010589032, grad norm: 12045.8798828125, clipped: 1.0
Finished epoch 59, took 00:04:16 s
####Saving model and state...
调用validate
Validating...
Validation overall avg_cost: 1713.184393269031 +- 4.310283984946531
Evaluating candidate model on evaluation dataset
Epoch 59 candidate mean 1717.5568910085046, baseline epoch 56 mean 1731.342792431848, difference -13.785901423343375
p-value: 7.165290795930295e-06
Update baseline
Evaluating baseline model on evaluation dataset

Start train epoch 60, lr=0.0001 for run train_raw_50_200ep_20260228T162007
Evaluating baseline on dataset...
Training baseline model...
开始train_epoch正式训练，总的 batch 大小: 200
Start training epoch 60...
epoch: 60, train_batch_id: 0, avg_cost: 1679.5737621622388
loss: -130.7362091267216, grad norm: 8337.6357421875, clipped: 1.0
epoch: 60, train_batch_id: 50, avg_cost: 1636.1561736591075
loss: 43.15808376900143, grad norm: 7314.59375, clipped: 1.0
epoch: 60, train_batch_id: 100, avg_cost: 1656.8479843994298
loss: -80.55279715709077, grad norm: 10148.3447265625, clipped: 1.0
epoch: 60, train_batch_id: 150, avg_cost: 1806.6072430089373
loss: -107.50362962211017, grad norm: 8880.3701171875, clipped: 1.0
Finished epoch 60, took 00:04:18 s
####Saving model and state...
调用validate
Validating...
Validation overall avg_cost: 1718.284242155138 +- 4.513328204422813
Evaluating candidate model on evaluation dataset
Epoch 60 candidate mean 1723.0984340599389, baseline epoch 59 mean 1708.7240951381095, difference 14.374338921829349
Start train epoch 61, lr=0.0001 for run train_raw_50_200ep_20260228T162007
Evaluating baseline on dataset...
Training baseline model...
开始train_epoch正式训练，总的 batch 大小: 200
Start training epoch 61...
epoch: 61, train_batch_id: 0, avg_cost: 1699.5487225517181
loss: -431.44182456974323, grad norm: 12475.3955078125, clipped: 1.0
epoch: 61, train_batch_id: 50, avg_cost: 1633.7182831450302
loss: -124.89559926055452, grad norm: 11035.2138671875, clipped: 1.0
epoch: 61, train_batch_id: 100, avg_cost: 1641.843936781956
loss: 142.49288903158907, grad norm: 10987.5283203125, clipped: 1.0
epoch: 61, train_batch_id: 150, avg_cost: 1586.4023687694958
loss: -273.44232699453966, grad norm: 10916.2841796875, clipped: 1.0
Finished epoch 61, took 00:04:19 s
####Saving model and state...
调用validate
Validating...
Validation overall avg_cost: 1738.398070234839 +- 4.624784413296879
Evaluating candidate model on evaluation dataset
Epoch 61 candidate mean 1735.8474525515098, baseline epoch 59 mean 1708.7240951381095, difference 27.1233574134003
Start train epoch 62, lr=0.0001 for run train_raw_50_200ep_20260228T162007
Evaluating baseline on dataset...
Training baseline model...
开始train_epoch正式训练，总的 batch 大小: 200
Start training epoch 62...
epoch: 62, train_batch_id: 0, avg_cost: 1779.007767888136
loss: -610.1243214693889, grad norm: 10472.0556640625, clipped: 1.0
epoch: 62, train_batch_id: 50, avg_cost: 1606.4663757184678
loss: -28.90565821976415, grad norm: 12717.517578125, clipped: 1.0
epoch: 62, train_batch_id: 100, avg_cost: 1748.2874093137636
loss: 149.9894043906496, grad norm: 10412.6142578125, clipped: 1.0
epoch: 62, train_batch_id: 150, avg_cost: 1728.5698886253924
loss: 238.75604534457193, grad norm: 8215.96484375, clipped: 1.0
Finished epoch 62, took 00:04:28 s
####Saving model and state...
调用validate
Validating...
Validation overall avg_cost: 1701.267052088626 +- 4.479694788823393
Evaluating candidate model on evaluation dataset
Epoch 62 candidate mean 1699.789141199756, baseline epoch 59 mean 1708.7240951381095, difference -8.934953938353601
p-value: 0.002640247766652877
Update baseline
Evaluating baseline model on evaluation dataset

Start train epoch 63, lr=0.0001 for run train_raw_50_200ep_20260228T162007
Evaluating baseline on dataset...
Training baseline model...
开始train_epoch正式训练，总的 batch 大小: 200
Start training epoch 63...
epoch: 63, train_batch_id: 0, avg_cost: 1701.8670743210664
loss: -103.54044356212603, grad norm: 6644.04345703125, clipped: 1.0
epoch: 63, train_batch_id: 50, avg_cost: 1796.2618028434604
loss: -237.19083889441424, grad norm: 11953.509765625, clipped: 1.0
epoch: 63, train_batch_id: 100, avg_cost: 1693.507722767345
loss: -396.65213333662695, grad norm: 11352.4443359375, clipped: 1.0
epoch: 63, train_batch_id: 150, avg_cost: 1857.0959477110632
loss: -743.0725709949386, grad norm: 12730.09765625, clipped: 1.0
Finished epoch 63, took 00:04:11 s
####Saving model and state...
调用validate
Validating...
Validation overall avg_cost: 1718.7249060163656 +- 4.452769951614249
Evaluating candidate model on evaluation dataset
Epoch 63 candidate mean 1725.26996946658, baseline epoch 62 mean 1710.1656265349286, difference 15.104342931651445
Start train epoch 64, lr=0.0001 for run train_raw_50_200ep_20260228T162007
Evaluating baseline on dataset...
Training baseline model...
开始train_epoch正式训练，总的 batch 大小: 200
Start training epoch 64...
epoch: 64, train_batch_id: 0, avg_cost: 1797.475070482299
loss: -135.0645786070458, grad norm: 11115.7412109375, clipped: 1.0
epoch: 64, train_batch_id: 50, avg_cost: 1611.115774287387
loss: -322.2742504997622, grad norm: 11475.4775390625, clipped: 1.0
epoch: 64, train_batch_id: 100, avg_cost: 1847.1351393421965
loss: -5382.264235353681, grad norm: 27618.474609375, clipped: 1.0
epoch: 64, train_batch_id: 150, avg_cost: 1615.7806975905282
loss: -794.940038993323, grad norm: 13615.6728515625, clipped: 1.0
Finished epoch 64, took 00:04:15 s
####Saving model and state...
调用validate
Validating...
Validation overall avg_cost: 1737.934678624014 +- 4.535985877677796
Evaluating candidate model on evaluation dataset
Epoch 64 candidate mean 1745.0946913673242, baseline epoch 62 mean 1710.1656265349286, difference 34.929064832395625
Start train epoch 65, lr=0.0001 for run train_raw_50_200ep_20260228T162007
Evaluating baseline on dataset...
Training baseline model...
开始train_epoch正式训练，总的 batch 大小: 200
Start training epoch 65...
epoch: 65, train_batch_id: 0, avg_cost: 1871.4940564915232
loss: -1191.775056934367, grad norm: 19815.861328125, clipped: 1.0
epoch: 65, train_batch_id: 50, avg_cost: 1620.2563453493874
loss: -226.24072381984206, grad norm: 12638.9072265625, clipped: 1.0
epoch: 65, train_batch_id: 100, avg_cost: 1643.480105963287
loss: -57.34979550753529, grad norm: 11687.26953125, clipped: 1.0
epoch: 65, train_batch_id: 150, avg_cost: 1561.5827024991804
loss: -428.3270589633611, grad norm: 11013.681640625, clipped: 1.0
Finished epoch 65, took 00:04:16 s
####Saving model and state...
调用validate
Validating...
Validation overall avg_cost: 1718.9897858276568 +- 4.52044585233912
Evaluating candidate model on evaluation dataset
Epoch 65 candidate mean 1722.225081473896, baseline epoch 62 mean 1710.1656265349286, difference 12.059454938967292
Start train epoch 66, lr=0.0001 for run train_raw_50_200ep_20260228T162007
Evaluating baseline on dataset...
Training baseline model...
开始train_epoch正式训练，总的 batch 大小: 200
Start training epoch 66...
epoch: 66, train_batch_id: 0, avg_cost: 1644.1469627902927
loss: -783.8172761874464, grad norm: 13623.3935546875, clipped: 1.0
epoch: 66, train_batch_id: 50, avg_cost: 1693.9024323348626
loss: -602.3774117078252, grad norm: 13824.5458984375, clipped: 1.0
epoch: 66, train_batch_id: 100, avg_cost: 1555.7089499318972
loss: -367.95639756360987, grad norm: 13996.7822265625, clipped: 1.0
epoch: 66, train_batch_id: 150, avg_cost: 1705.2882271908604
loss: -374.5309275315836, grad norm: 12854.6611328125, clipped: 1.0
Finished epoch 66, took 00:04:14 s
####Saving model and state...
调用validate
Validating...
Validation overall avg_cost: 1712.1655534525416 +- 4.4311543075598445
Evaluating candidate model on evaluation dataset
Epoch 66 candidate mean 1722.0131035411694, baseline epoch 62 mean 1710.1656265349286, difference 11.847477006240752
Start train epoch 67, lr=0.0001 for run train_raw_50_200ep_20260228T162007
Evaluating baseline on dataset...
Training baseline model...
开始train_epoch正式训练，总的 batch 大小: 200
Start training epoch 67...
epoch: 67, train_batch_id: 0, avg_cost: 1621.7041657355362
loss: -64.3209870763963, grad norm: 9226.9287109375, clipped: 1.0
epoch: 67, train_batch_id: 50, avg_cost: 1542.5561118900296
loss: -395.8007696534149, grad norm: 10727.46875, clipped: 1.0
epoch: 67, train_batch_id: 100, avg_cost: 1646.9943253685535
loss: -52.159216228079416, grad norm: 9112.9912109375, clipped: 1.0
epoch: 67, train_batch_id: 150, avg_cost: 1780.3257020413944
loss: -55.1556828134093, grad norm: 8598.0205078125, clipped: 1.0
Finished epoch 67, took 00:04:14 s
####Saving model and state...
调用validate
Validating...
Validation overall avg_cost: 1696.267982769434 +- 4.537702746456947
Evaluating candidate model on evaluation dataset
Epoch 67 candidate mean 1699.9370136095586, baseline epoch 62 mean 1710.1656265349286, difference -10.228612925370044
p-value: 0.0009201125195412021
Update baseline
Evaluating baseline model on evaluation dataset

Start train epoch 68, lr=0.0001 for run train_raw_50_200ep_20260228T162007
Evaluating baseline on dataset...
Training baseline model...
开始train_epoch正式训练，总的 batch 大小: 200
Start training epoch 68...
epoch: 68, train_batch_id: 0, avg_cost: 1780.5131995925178
loss: -191.3677992531437, grad norm: 8362.6953125, clipped: 1.0
epoch: 68, train_batch_id: 50, avg_cost: 1726.1609587847568
loss: 116.57420736414946, grad norm: 9365.2705078125, clipped: 1.0
epoch: 68, train_batch_id: 100, avg_cost: 1787.4595995588447
loss: -215.39354142905796, grad norm: 11906.849609375, clipped: 1.0
epoch: 68, train_batch_id: 150, avg_cost: 1639.859739684482
loss: 191.19942592762482, grad norm: 11001.7265625, clipped: 1.0
Finished epoch 68, took 00:04:15 s
####Saving model and state...
调用validate
Validating...
Validation overall avg_cost: 1689.552251626852 +- 4.392933339674482
Evaluating candidate model on evaluation dataset
Epoch 68 candidate mean 1684.938517448671, baseline epoch 67 mean 1702.9496274780256, difference -18.01111002935454
p-value: 5.4576669251690055e-09
Update baseline
Evaluating baseline model on evaluation dataset

Start train epoch 69, lr=0.0001 for run train_raw_50_200ep_20260228T162007
Evaluating baseline on dataset...
Training baseline model...
开始train_epoch正式训练，总的 batch 大小: 200
Start training epoch 69...
epoch: 69, train_batch_id: 0, avg_cost: 1838.5315339100327
loss: -506.65914850218144, grad norm: 7133.4716796875, clipped: 1.0
epoch: 69, train_batch_id: 50, avg_cost: 1638.357285123671
loss: -47.10472057369107, grad norm: 10030.5859375, clipped: 1.0
epoch: 69, train_batch_id: 100, avg_cost: 1566.8006303271359
loss: -70.98666551762422, grad norm: 10513.91796875, clipped: 1.0
epoch: 69, train_batch_id: 150, avg_cost: 1737.0040680905627
loss: -191.96086616411947, grad norm: 9865.705078125, clipped: 1.0
Finished epoch 69, took 00:04:16 s
####Saving model and state...
调用validate
Validating...
Validation overall avg_cost: 1678.7321001860305 +- 4.48675796811857
Evaluating candidate model on evaluation dataset
Epoch 69 candidate mean 1676.7921872596223, baseline epoch 68 mean 1694.512280464107, difference -17.720093204484783
p-value: 6.2398169496205445e-09
Update baseline
Evaluating baseline model on evaluation dataset

Start train epoch 70, lr=0.0001 for run train_raw_50_200ep_20260228T162007
Evaluating baseline on dataset...
Training baseline model...
开始train_epoch正式训练，总的 batch 大小: 200
Start training epoch 70...
epoch: 70, train_batch_id: 0, avg_cost: 1618.5387172837495
loss: -17.838161804875178, grad norm: 5483.224609375, clipped: 1.0
epoch: 70, train_batch_id: 50, avg_cost: 1672.155792409576
loss: -182.55127568294137, grad norm: 11828.4970703125, clipped: 1.0
epoch: 70, train_batch_id: 100, avg_cost: 1545.9761945142845
loss: -460.53413863582443, grad norm: 13397.025390625, clipped: 1.0
epoch: 70, train_batch_id: 150, avg_cost: 1720.8343708517643
loss: 73.31745314084591, grad norm: 9795.5927734375, clipped: 1.0
Finished epoch 70, took 00:04:15 s
####Saving model and state...
调用validate
Validating...
Validation overall avg_cost: 1658.0369034909077 +- 4.2362138620479906
Evaluating candidate model on evaluation dataset
Epoch 70 candidate mean 1665.1436301986787, baseline epoch 69 mean 1679.577405619642, difference -14.43377542096323
p-value: 2.1951936462789802e-07
Update baseline
Evaluating baseline model on evaluation dataset

Start train epoch 71, lr=0.0001 for run train_raw_50_200ep_20260228T162007
Evaluating baseline on dataset...
Training baseline model...
开始train_epoch正式训练，总的 batch 大小: 200
Start training epoch 71...
epoch: 71, train_batch_id: 0, avg_cost: 1614.1084806261165
loss: -107.42078643206301, grad norm: 5021.9833984375, clipped: 1.0
epoch: 71, train_batch_id: 50, avg_cost: 1772.9019248060886
loss: -222.83975422876946, grad norm: 9208.23828125, clipped: 1.0
epoch: 71, train_batch_id: 100, avg_cost: 1651.9226130267202
loss: -451.06039670641206, grad norm: 10000.1171875, clipped: 1.0
epoch: 71, train_batch_id: 150, avg_cost: 1680.8505159772055
loss: -169.0671110350445, grad norm: 9812.1162109375, clipped: 1.0
Finished epoch 71, took 00:04:20 s
####Saving model and state...
调用validate
Validating...
Validation overall avg_cost: 1685.9676858247794 +- 4.226521121480837
Evaluating candidate model on evaluation dataset
Epoch 71 candidate mean 1682.9555576509426, baseline epoch 70 mean 1661.074165991379, difference 21.881391659563633
Start train epoch 72, lr=0.0001 for run train_raw_50_200ep_20260228T162007
Evaluating baseline on dataset...
Training baseline model...
开始train_epoch正式训练，总的 batch 大小: 200
Start training epoch 72...
epoch: 72, train_batch_id: 0, avg_cost: 1754.2957520040277
loss: -536.4414776795559, grad norm: 10460.1826171875, clipped: 1.0
epoch: 72, train_batch_id: 50, avg_cost: 1731.1762397628186
loss: -891.3163064028377, grad norm: 16272.494140625, clipped: 1.0
epoch: 72, train_batch_id: 100, avg_cost: 1656.3598146672607
loss: -954.7700183513139, grad norm: 10312.484375, clipped: 1.0
epoch: 72, train_batch_id: 150, avg_cost: 1706.4401260446289
loss: -862.5448924012493, grad norm: 10789.3232421875, clipped: 1.0
Finished epoch 72, took 00:04:14 s
####Saving model and state...
调用validate
Validating...
Validation overall avg_cost: 1696.1957654930975 +- 4.429840313873173
Evaluating candidate model on evaluation dataset
Epoch 72 candidate mean 1697.6572120372866, baseline epoch 70 mean 1661.074165991379, difference 36.58304604590762
Start train epoch 73, lr=0.0001 for run train_raw_50_200ep_20260228T162007
Evaluating baseline on dataset...
Training baseline model...
开始train_epoch正式训练，总的 batch 大小: 200
Start training epoch 73...
epoch: 73, train_batch_id: 0, avg_cost: 1687.5675192221738
loss: -791.0706404991048, grad norm: 13930.68359375, clipped: 1.0
epoch: 73, train_batch_id: 50, avg_cost: 1613.0691657642055
loss: -276.7832921687098, grad norm: 10698.0556640625, clipped: 1.0
epoch: 73, train_batch_id: 100, avg_cost: 1840.4119439604885
loss: -293.32744749434846, grad norm: 12468.8017578125, clipped: 1.0
epoch: 73, train_batch_id: 150, avg_cost: 1523.0073443781625
loss: -280.6268585547175, grad norm: 12712.04296875, clipped: 1.0
Finished epoch 73, took 00:04:09 s
####Saving model and state...
调用validate
Validating...
Validation overall avg_cost: 1680.5323252381238 +- 4.383774852154332
Evaluating candidate model on evaluation dataset
Epoch 73 candidate mean 1681.5026340293987, baseline epoch 70 mean 1661.074165991379, difference 20.428468038019673
Start train epoch 74, lr=0.0001 for run train_raw_50_200ep_20260228T162007
Evaluating baseline on dataset...
Training baseline model...
开始train_epoch正式训练，总的 batch 大小: 200
Start training epoch 74...
epoch: 74, train_batch_id: 0, avg_cost: 1624.3527525725888
loss: -574.9397279157672, grad norm: 9423.4990234375, clipped: 1.0
epoch: 74, train_batch_id: 50, avg_cost: 1592.01292472754
loss: -465.94992066749717, grad norm: 10061.3056640625, clipped: 1.0
epoch: 74, train_batch_id: 100, avg_cost: 1638.2599420436914
loss: -500.06204042293507, grad norm: 10874.509765625, clipped: 1.0
epoch: 74, train_batch_id: 150, avg_cost: 1624.937275798428
loss: -871.4806579625678, grad norm: 14223.3994140625, clipped: 1.0
Finished epoch 74, took 00:04:08 s
####Saving model and state...
调用validate
Validating...
Validation overall avg_cost: 1690.3707386588524 +- 4.331463424274221
Evaluating candidate model on evaluation dataset
Epoch 74 candidate mean 1689.8435628802497, baseline epoch 70 mean 1661.074165991379, difference 28.769396888870688
Start train epoch 75, lr=0.0001 for run train_raw_50_200ep_20260228T162007
Evaluating baseline on dataset...
Training baseline model...
开始train_epoch正式训练，总的 batch 大小: 200
Start training epoch 75...
epoch: 75, train_batch_id: 0, avg_cost: 1500.9513738586847
loss: -368.90831098587387, grad norm: 8401.8017578125, clipped: 1.0
epoch: 75, train_batch_id: 50, avg_cost: 1813.7581606759866
loss: -603.1020713613983, grad norm: 11160.5078125, clipped: 1.0
epoch: 75, train_batch_id: 100, avg_cost: 1647.48248575056
loss: -481.6939795989565, grad norm: 11231.3056640625, clipped: 1.0
epoch: 75, train_batch_id: 150, avg_cost: 1786.5416609338145
loss: -799.7416790200348, grad norm: 9991.349609375, clipped: 1.0
Finished epoch 75, took 00:04:14 s
####Saving model and state...
调用validate
Validating...
Validation overall avg_cost: 1702.036990181589 +- 4.328654048649732
Evaluating candidate model on evaluation dataset
Epoch 75 candidate mean 1699.334002224612, baseline epoch 70 mean 1661.074165991379, difference 38.259836233233045
Start train epoch 76, lr=0.0001 for run train_raw_50_200ep_20260228T162007
Evaluating baseline on dataset...
Training baseline model...
开始train_epoch正式训练，总的 batch 大小: 200
Start training epoch 76...
epoch: 76, train_batch_id: 0, avg_cost: 1729.8426386467202
loss: -548.1838986688845, grad norm: 10744.677734375, clipped: 1.0
epoch: 76, train_batch_id: 50, avg_cost: 1655.1568387365242
loss: -992.5526724931569, grad norm: 15288.5244140625, clipped: 1.0
epoch: 76, train_batch_id: 100, avg_cost: 1655.0861560724484
loss: -482.1787577224484, grad norm: 10121.298828125, clipped: 1.0
epoch: 76, train_batch_id: 150, avg_cost: 1809.1863013705142
loss: -910.2122104059044, grad norm: 18309.060546875, clipped: 1.0
Finished epoch 76, took 00:04:21 s
####Saving model and state...
调用validate
Validating...
Validation overall avg_cost: 1716.4687608732308 +- 4.375786720469116
Evaluating candidate model on evaluation dataset
Epoch 76 candidate mean 1712.114629077857, baseline epoch 70 mean 1661.074165991379, difference 51.040463086477985
Start train epoch 77, lr=0.0001 for run train_raw_50_200ep_20260228T162007
Evaluating baseline on dataset...
Training baseline model...
开始train_epoch正式训练，总的 batch 大小: 200
Start training epoch 77...
epoch: 77, train_batch_id: 0, avg_cost: 1707.2083385727587
loss: -802.6850946962049, grad norm: 13218.33984375, clipped: 1.0
epoch: 77, train_batch_id: 50, avg_cost: 1510.9892906094221
loss: -332.61788305315395, grad norm: 11189.1611328125, clipped: 1.0
epoch: 77, train_batch_id: 100, avg_cost: 1708.1751702387091
loss: -38.667754186765315, grad norm: 8759.880859375, clipped: 1.0
epoch: 77, train_batch_id: 150, avg_cost: 1782.9122493794134
loss: -547.6659970911659, grad norm: 21189.08984375, clipped: 1.0
Finished epoch 77, took 00:04:18 s
####Saving model and state...
调用validate
Validating...
Validation overall avg_cost: 1681.6225998983562 +- 4.409974645285938
Evaluating candidate model on evaluation dataset
Epoch 77 candidate mean 1679.1359022820197, baseline epoch 70 mean 1661.074165991379, difference 18.061736290640738
Start train epoch 78, lr=0.0001 for run train_raw_50_200ep_20260228T162007
Evaluating baseline on dataset...
Training baseline model...
开始train_epoch正式训练，总的 batch 大小: 200
Start training epoch 78...
epoch: 78, train_batch_id: 0, avg_cost: 1590.47194149921
loss: -231.98401935712758, grad norm: 8388.2470703125, clipped: 1.0
epoch: 78, train_batch_id: 50, avg_cost: 1656.440400419787
loss: -565.2570204624815, grad norm: 11545.2431640625, clipped: 1.0
epoch: 78, train_batch_id: 100, avg_cost: 1639.461208877146
loss: -398.6147729981711, grad norm: 11963.443359375, clipped: 1.0
epoch: 78, train_batch_id: 150, avg_cost: 1791.3723260878937
loss: -335.6232318709782, grad norm: 11363.7578125, clipped: 1.0
Finished epoch 78, took 00:04:15 s
####Saving model and state...
调用validate
Validating...
Validation overall avg_cost: 1687.7793099951996 +- 4.533484650848124
Evaluating candidate model on evaluation dataset
Epoch 78 candidate mean 1686.8684830867426, baseline epoch 70 mean 1661.074165991379, difference 25.794317095363567
Start train epoch 79, lr=0.0001 for run train_raw_50_200ep_20260228T162007
Evaluating baseline on dataset...
Training baseline model...
开始train_epoch正式训练，总的 batch 大小: 200
Start training epoch 79...
epoch: 79, train_batch_id: 0, avg_cost: 1612.0705770961301
loss: -427.92923498031513, grad norm: 7566.349609375, clipped: 1.0
epoch: 79, train_batch_id: 50, avg_cost: 1683.206882575903
loss: -259.5115527506664, grad norm: 10727.73046875, clipped: 1.0
epoch: 79, train_batch_id: 100, avg_cost: 1868.4027442703377
loss: -604.0145161431846, grad norm: 11292.8017578125, clipped: 1.0
epoch: 79, train_batch_id: 150, avg_cost: 1731.0877104135593
loss: -839.6443652538667, grad norm: 11229.8388671875, clipped: 1.0
Finished epoch 79, took 00:04:12 s
####Saving model and state...
调用validate
Validating...
Validation overall avg_cost: 1733.2275123145623 +- 4.54586505510836
Evaluating candidate model on evaluation dataset
Epoch 79 candidate mean 1734.8912912098097, baseline epoch 70 mean 1661.074165991379, difference 73.81712521843065
Start train epoch 80, lr=0.0001 for run train_raw_50_200ep_20260228T162007
Evaluating baseline on dataset...
Training baseline model...
开始train_epoch正式训练，总的 batch 大小: 200
Start training epoch 80...
epoch: 80, train_batch_id: 0, avg_cost: 1674.539226128797
loss: -591.5573149230992, grad norm: 14511.28515625, clipped: 1.0
epoch: 80, train_batch_id: 50, avg_cost: 1740.2606691026751
loss: -712.8199065697183, grad norm: 13224.107421875, clipped: 1.0
epoch: 80, train_batch_id: 100, avg_cost: 1590.0057025255232
loss: -664.7240055452014, grad norm: 16904.041015625, clipped: 1.0
epoch: 80, train_batch_id: 150, avg_cost: 1634.3437472918263
loss: -518.026821433335, grad norm: 13148.3994140625, clipped: 1.0
Finished epoch 80, took 00:04:16 s
####Saving model and state...
调用validate
Validating...
Validation overall avg_cost: 1700.0391324353204 +- 4.456663561233549
Evaluating candidate model on evaluation dataset
Epoch 80 candidate mean 1693.0084125290189, baseline epoch 70 mean 1661.074165991379, difference 31.934246537639865
Start train epoch 81, lr=0.0001 for run train_raw_50_200ep_20260228T162007
Evaluating baseline on dataset...
Training baseline model...
开始train_epoch正式训练，总的 batch 大小: 200
Start training epoch 81...
epoch: 81, train_batch_id: 0, avg_cost: 1604.254985460289
loss: -1791.1945948241362, grad norm: 14891.154296875, clipped: 1.0
epoch: 81, train_batch_id: 50, avg_cost: 1680.5343352505265
loss: -69.5335667560912, grad norm: 8249.59765625, clipped: 1.0
epoch: 81, train_batch_id: 100, avg_cost: 1757.5357657924746
loss: -262.6545130416754, grad norm: 8041.2890625, clipped: 1.0
epoch: 81, train_batch_id: 150, avg_cost: 1700.9959762311094
loss: -801.0785058805154, grad norm: 11263.11328125, clipped: 1.0
Finished epoch 81, took 00:04:06 s
####Saving model and state...
调用validate
Validating...
Validation overall avg_cost: 1697.9725150981258 +- 4.411973323324151
Evaluating candidate model on evaluation dataset
Epoch 81 candidate mean 1693.002480287123, baseline epoch 70 mean 1661.074165991379, difference 31.92831429574403
Start train epoch 82, lr=0.0001 for run train_raw_50_200ep_20260228T162007
Evaluating baseline on dataset...
Training baseline model...
开始train_epoch正式训练，总的 batch 大小: 200
Start training epoch 82...
epoch: 82, train_batch_id: 0, avg_cost: 1880.8105786254841
loss: -515.3538778484851, grad norm: 11396.0654296875, clipped: 1.0
epoch: 82, train_batch_id: 50, avg_cost: 1675.5149317452551
loss: -259.78409826501775, grad norm: 13938.7392578125, clipped: 1.0
epoch: 82, train_batch_id: 100, avg_cost: 1563.1432701841538
loss: -534.4435645276973, grad norm: 8741.580078125, clipped: 1.0
epoch: 82, train_batch_id: 150, avg_cost: 1690.9196969821774
loss: -529.5264667339288, grad norm: 10015.3408203125, clipped: 1.0
Finished epoch 82, took 00:04:11 s
####Saving model and state...
调用validate
Validating...
Validation overall avg_cost: 1718.1012905415148 +- 4.420208760072171
Evaluating candidate model on evaluation dataset
Epoch 82 candidate mean 1711.3167756258097, baseline epoch 70 mean 1661.074165991379, difference 50.242609634430664
Start train epoch 83, lr=0.0001 for run train_raw_50_200ep_20260228T162007
Evaluating baseline on dataset...
Training baseline model...
开始train_epoch正式训练，总的 batch 大小: 200
Start training epoch 83...
epoch: 83, train_batch_id: 0, avg_cost: 1818.044205894947
loss: -620.4063564109662, grad norm: 9770.029296875, clipped: 1.0
epoch: 83, train_batch_id: 50, avg_cost: 1780.0963747557994
loss: -692.8096295853388, grad norm: 17414.720703125, clipped: 1.0
epoch: 83, train_batch_id: 100, avg_cost: 1607.6098978561258
loss: -494.5824759641967, grad norm: 11495.419921875, clipped: 1.0
epoch: 83, train_batch_id: 150, avg_cost: 1604.303616893449
loss: -1134.990340799871, grad norm: 14782.8515625, clipped: 1.0
Finished epoch 83, took 00:04:13 s
####Saving model and state...
调用validate
Validating...
Validation overall avg_cost: 1710.8084070291281 +- 4.491254196652866
Evaluating candidate model on evaluation dataset
Epoch 83 candidate mean 1707.8924125618598, baseline epoch 70 mean 1661.074165991379, difference 46.818246570480824
Start train epoch 84, lr=0.0001 for run train_raw_50_200ep_20260228T162007
Evaluating baseline on dataset...
Training baseline model...
开始train_epoch正式训练，总的 batch 大小: 200
Start training epoch 84...
epoch: 84, train_batch_id: 0, avg_cost: 1804.4157778934527
loss: -787.9271004828357, grad norm: 12019.5048828125, clipped: 1.0
epoch: 84, train_batch_id: 50, avg_cost: 1494.4292286994933
loss: -272.9467299745058, grad norm: 9951.9140625, clipped: 1.0
epoch: 84, train_batch_id: 100, avg_cost: 1844.2539853001222
loss: -849.8387399994655, grad norm: 16992.021484375, clipped: 1.0
epoch: 84, train_batch_id: 150, avg_cost: 1639.0407761685333
loss: -777.4785761762553, grad norm: 11542.130859375, clipped: 1.0
Finished epoch 84, took 00:04:15 s
####Saving model and state...
调用validate
Validating...
Validation overall avg_cost: 1710.3215796851714 +- 4.381797654872221
Evaluating candidate model on evaluation dataset
Epoch 84 candidate mean 1701.0729267240442, baseline epoch 70 mean 1661.074165991379, difference 39.99876073266523
Start train epoch 85, lr=0.0001 for run train_raw_50_200ep_20260228T162007
Evaluating baseline on dataset...
Training baseline model...
开始train_epoch正式训练，总的 batch 大小: 200
Start training epoch 85...
epoch: 85, train_batch_id: 0, avg_cost: 1547.3488895355565
loss: -515.1492899996578, grad norm: 11182.6865234375, clipped: 1.0
epoch: 85, train_batch_id: 50, avg_cost: 1593.6915023942652
loss: -385.9788583761632, grad norm: 9494.458984375, clipped: 1.0
epoch: 85, train_batch_id: 100, avg_cost: 1653.220838989359
loss: -798.4954495319772, grad norm: 11231.8251953125, clipped: 1.0
epoch: 85, train_batch_id: 150, avg_cost: 1596.8025114481732
loss: -833.260757194704, grad norm: 11947.5068359375, clipped: 1.0
Finished epoch 85, took 00:04:19 s
####Saving model and state...
调用validate
Validating...
Validation overall avg_cost: 1703.5222580543161 +- 4.476245383357479
Evaluating candidate model on evaluation dataset
Epoch 85 candidate mean 1693.4654002311065, baseline epoch 70 mean 1661.074165991379, difference 32.39123423972751
Start train epoch 86, lr=0.0001 for run train_raw_50_200ep_20260228T162007
Evaluating baseline on dataset...
Training baseline model...
开始train_epoch正式训练，总的 batch 大小: 200
Start training epoch 86...
epoch: 86, train_batch_id: 0, avg_cost: 1548.0098467742446
loss: -332.7844556242282, grad norm: 10253.7841796875, clipped: 1.0
epoch: 86, train_batch_id: 50, avg_cost: 1800.2654911506763
loss: -1160.303280206851, grad norm: 13418.724609375, clipped: 1.0
epoch: 86, train_batch_id: 100, avg_cost: 1842.4702547998913
loss: -480.8390164308088, grad norm: 10320.28125, clipped: 1.0
epoch: 86, train_batch_id: 150, avg_cost: 1595.676307588466
loss: -744.3369336960005, grad norm: 9957.240234375, clipped: 1.0
Finished epoch 86, took 00:04:12 s
####Saving model and state...
调用validate
Validating...
Validation overall avg_cost: 1683.7997275054204 +- 4.547627105507127
Evaluating candidate model on evaluation dataset
Epoch 86 candidate mean 1678.9966743245716, baseline epoch 70 mean 1661.074165991379, difference 17.92250833319258
Start train epoch 87, lr=0.0001 for run train_raw_50_200ep_20260228T162007
Evaluating baseline on dataset...
Training baseline model...
开始train_epoch正式训练，总的 batch 大小: 200
Start training epoch 87...
epoch: 87, train_batch_id: 0, avg_cost: 1654.069109660922
loss: -427.8879139844877, grad norm: 9514.5341796875, clipped: 1.0
epoch: 87, train_batch_id: 50, avg_cost: 1547.3840277583533
loss: 15.085601093715468, grad norm: 9258.025390625, clipped: 1.0
epoch: 87, train_batch_id: 100, avg_cost: 1530.5781794508373
loss: -66.54021994846272, grad norm: 7209.09716796875, clipped: 1.0
epoch: 87, train_batch_id: 150, avg_cost: 1717.7923909048827
loss: -414.90532446148933, grad norm: 9124.953125, clipped: 1.0
Finished epoch 87, took 00:04:13 s
####Saving model and state...
调用validate
Validating...
Validation overall avg_cost: 1705.761118907327 +- 4.5535173990209765
Evaluating candidate model on evaluation dataset
Epoch 87 candidate mean 1703.7697981206393, baseline epoch 70 mean 1661.074165991379, difference 42.695632129260275
Start train epoch 88, lr=0.0001 for run train_raw_50_200ep_20260228T162007
Evaluating baseline on dataset...
Training baseline model...
开始train_epoch正式训练，总的 batch 大小: 200
Start training epoch 88...
epoch: 88, train_batch_id: 0, avg_cost: 1547.341714763972
loss: -438.51765686602124, grad norm: 9063.982421875, clipped: 1.0
epoch: 88, train_batch_id: 50, avg_cost: 1754.631583637707
loss: -273.36918253720876, grad norm: 8737.6767578125, clipped: 1.0
epoch: 88, train_batch_id: 100, avg_cost: 1700.0102508920618
loss: 111.6641665289909, grad norm: 9226.900390625, clipped: 1.0
epoch: 88, train_batch_id: 150, avg_cost: 1798.5006180305438
loss: -198.61542440817462, grad norm: 10018.5244140625, clipped: 1.0
Finished epoch 88, took 00:04:17 s
####Saving model and state...
调用validate
Validating...
Validation overall avg_cost: 1640.719351350251 +- 4.246236905142564
Evaluating candidate model on evaluation dataset
Epoch 88 candidate mean 1637.482689378891, baseline epoch 70 mean 1661.074165991379, difference -23.591476612487895
p-value: 4.119302502130797e-14
Update baseline
Evaluating baseline model on evaluation dataset

Start train epoch 89, lr=0.0001 for run train_raw_50_200ep_20260228T162007
Evaluating baseline on dataset...
Training baseline model...
开始train_epoch正式训练，总的 batch 大小: 200
Start training epoch 89...
epoch: 89, train_batch_id: 0, avg_cost: 1686.8614694088367
loss: -189.550462778428, grad norm: 7513.96435546875, clipped: 1.0
epoch: 89, train_batch_id: 50, avg_cost: 1830.5130059786893
loss: -124.6639020651925, grad norm: 9191.9716796875, clipped: 1.0
epoch: 89, train_batch_id: 100, avg_cost: 1633.1043860749724
loss: 19.643341282307077, grad norm: 7812.24951171875, clipped: 1.0
epoch: 89, train_batch_id: 150, avg_cost: 1696.1020090116713
loss: -371.1684484042576, grad norm: 6638.8291015625, clipped: 1.0
Finished epoch 89, took 00:04:03 s
####Saving model and state...
调用validate
Validating...
Validation overall avg_cost: 1640.369259260346 +- 4.192937238127865
Evaluating candidate model on evaluation dataset
Epoch 89 candidate mean 1651.6264842822952, baseline epoch 88 mean 1655.431465992533, difference -3.8049817102378256
p-value: 0.09297521011865567
Start train epoch 90, lr=0.0001 for run train_raw_50_200ep_20260228T162007
Evaluating baseline on dataset...
Training baseline model...
开始train_epoch正式训练，总的 batch 大小: 200
Start training epoch 90...
epoch: 90, train_batch_id: 0, avg_cost: 1729.3613661214786
loss: 16.84365766725749, grad norm: 6579.70458984375, clipped: 1.0
epoch: 90, train_batch_id: 50, avg_cost: 1669.403122086165
loss: -57.02804071430051, grad norm: 7576.802734375, clipped: 1.0
epoch: 90, train_batch_id: 100, avg_cost: 1583.0420258324748
loss: -283.0147660333058, grad norm: 7889.7158203125, clipped: 1.0
epoch: 90, train_batch_id: 150, avg_cost: 1503.4969326704643
loss: -261.10855449067316, grad norm: 9417.1630859375, clipped: 1.0
Finished epoch 90, took 00:04:01 s
####Saving model and state...
调用validate
Validating...
Validation overall avg_cost: 1632.3013772358363 +- 4.146969498255942
Evaluating candidate model on evaluation dataset
Epoch 90 candidate mean 1639.8811368191214, baseline epoch 88 mean 1655.431465992533, difference -15.550329173411683
p-value: 1.2679432104420625e-08
Update baseline
Evaluating baseline model on evaluation dataset

Start train epoch 91, lr=0.0001 for run train_raw_50_200ep_20260228T162007
Evaluating baseline on dataset...
Training baseline model...
开始train_epoch正式训练，总的 batch 大小: 200
Start training epoch 91...
epoch: 91, train_batch_id: 0, avg_cost: 1663.4093441281882
loss: -5.991439128679104, grad norm: 4284.60009765625, clipped: 1.0
epoch: 91, train_batch_id: 50, avg_cost: 1819.9324552587923
loss: -244.46737793530468, grad norm: 7265.2021484375, clipped: 1.0
epoch: 91, train_batch_id: 100, avg_cost: 1634.1322724086856
loss: -545.6788468407516, grad norm: 9010.3330078125, clipped: 1.0
epoch: 91, train_batch_id: 150, avg_cost: 1449.8016046571079
loss: -133.3819034554442, grad norm: 6824.71728515625, clipped: 1.0
Finished epoch 91, took 00:04:04 s
####Saving model and state...
调用validate
Validating...
Validation overall avg_cost: 1615.2356246908948 +- 4.049237830719844
Evaluating candidate model on evaluation dataset
Epoch 91 candidate mean 1613.2072377007487, baseline epoch 90 mean 1633.208050628277, difference -20.000812927528386
p-value: 5.7772481509598884e-15
Update baseline
Evaluating baseline model on evaluation dataset

Start train epoch 92, lr=0.0001 for run train_raw_50_200ep_20260228T162007
Evaluating baseline on dataset...
Training baseline model...
开始train_epoch正式训练，总的 batch 大小: 200
Start training epoch 92...
epoch: 92, train_batch_id: 0, avg_cost: 1722.2041822328404
loss: -128.64896628580408, grad norm: 6011.419921875, clipped: 1.0
epoch: 92, train_batch_id: 50, avg_cost: 1611.4609482231244
loss: -285.01445982172254, grad norm: 7139.53271484375, clipped: 1.0
epoch: 92, train_batch_id: 100, avg_cost: 1731.4411133143349
loss: -354.46211851599196, grad norm: 8982.2822265625, clipped: 1.0
epoch: 92, train_batch_id: 150, avg_cost: 1609.6613429408426
loss: -633.2029182647935, grad norm: 9377.3515625, clipped: 1.0
Finished epoch 92, took 00:03:59 s
####Saving model and state...
调用validate
Validating...
Validation overall avg_cost: 1617.5177539790461 +- 4.312894848644126
Evaluating candidate model on evaluation dataset
Epoch 92 candidate mean 1620.4804053836492, baseline epoch 91 mean 1613.7601235000545, difference 6.72028188359468
Start train epoch 93, lr=0.0001 for run train_raw_50_200ep_20260228T162007
Evaluating baseline on dataset...
Training baseline model...
开始train_epoch正式训练，总的 batch 大小: 200
Start training epoch 93...
epoch: 93, train_batch_id: 0, avg_cost: 1505.3879935061984
loss: -155.45519733419604, grad norm: 8236.296875, clipped: 1.0
epoch: 93, train_batch_id: 50, avg_cost: 1795.640455420976
loss: -208.45443452421597, grad norm: 7975.505859375, clipped: 1.0
epoch: 93, train_batch_id: 100, avg_cost: 1337.071236723154
loss: -574.8432918694368, grad norm: 9724.4619140625, clipped: 1.0
epoch: 93, train_batch_id: 150, avg_cost: 1439.8130531069419
loss: -177.01823183632914, grad norm: 7030.13525390625, clipped: 1.0
Finished epoch 93, took 00:03:58 s
####Saving model and state...
调用validate
Validating...
Validation overall avg_cost: 1615.902650570685 +- 4.133855017577077
Evaluating candidate model on evaluation dataset
Epoch 93 candidate mean 1618.4375701897982, baseline epoch 91 mean 1613.7601235000545, difference 4.677446689743647
Start train epoch 94, lr=0.0001 for run train_raw_50_200ep_20260228T162007
Evaluating baseline on dataset...
Training baseline model...
开始train_epoch正式训练，总的 batch 大小: 200
Start training epoch 94...
epoch: 94, train_batch_id: 0, avg_cost: 1639.072914855601
loss: 96.10017671275507, grad norm: 7722.9931640625, clipped: 1.0
epoch: 94, train_batch_id: 50, avg_cost: 1643.5571956337894
loss: -73.99469265329341, grad norm: 8936.544921875, clipped: 1.0
epoch: 94, train_batch_id: 100, avg_cost: 1655.4035234423905
loss: -101.77945032889357, grad norm: 8486.0302734375, clipped: 1.0
epoch: 94, train_batch_id: 150, avg_cost: 1637.7639723334996
loss: -451.32533167452107, grad norm: 11717.251953125, clipped: 1.0
Finished epoch 94, took 00:04:05 s
####Saving model and state...
调用validate
Validating...
Validation overall avg_cost: 1612.695829590828 +- 4.125169496115148
Evaluating candidate model on evaluation dataset
Epoch 94 candidate mean 1617.3704164333408, baseline epoch 91 mean 1613.7601235000545, difference 3.610292933286246
Start train epoch 95, lr=0.0001 for run train_raw_50_200ep_20260228T162007
Evaluating baseline on dataset...
Training baseline model...
开始train_epoch正式训练，总的 batch 大小: 200
Start training epoch 95...
epoch: 95, train_batch_id: 0, avg_cost: 1609.9455607489826
loss: -370.7855400068381, grad norm: 9009.390625, clipped: 1.0
epoch: 95, train_batch_id: 50, avg_cost: 1614.6244279586685
loss: -134.18051789041868, grad norm: 11090.4130859375, clipped: 1.0
epoch: 95, train_batch_id: 100, avg_cost: 1557.1276850488275
loss: 20.105204448848028, grad norm: 9752.2333984375, clipped: 1.0
epoch: 95, train_batch_id: 150, avg_cost: 1742.4915702818357
loss: -723.7317331024312, grad norm: 8249.9248046875, clipped: 1.0
Finished epoch 95, took 00:04:13 s
####Saving model and state...
调用validate
Validating...
Validation overall avg_cost: 1598.6552275818792 +- 3.955017154165455
Evaluating candidate model on evaluation dataset
Epoch 95 candidate mean 1595.9920442292234, baseline epoch 91 mean 1613.7601235000545, difference -17.768079270831095
p-value: 2.242215313498719e-11
Update baseline
Evaluating baseline model on evaluation dataset

Start train epoch 96, lr=0.0001 for run train_raw_50_200ep_20260228T162007
Evaluating baseline on dataset...
Training baseline model...
开始train_epoch正式训练，总的 batch 大小: 200
Start training epoch 96...
epoch: 96, train_batch_id: 0, avg_cost: 1626.0286894689743
loss: -139.76890799672714, grad norm: 2925.268310546875, clipped: 1.0
epoch: 96, train_batch_id: 50, avg_cost: 1612.1528027234813
loss: -413.8937710417585, grad norm: 7500.06689453125, clipped: 1.0
epoch: 96, train_batch_id: 100, avg_cost: 1698.7185815798912
loss: -242.04847820031125, grad norm: 6819.060546875, clipped: 1.0
epoch: 96, train_batch_id: 150, avg_cost: 1808.7824184060364
loss: -265.8268169074588, grad norm: 6034.82470703125, clipped: 1.0
Finished epoch 96, took 00:04:17 s
####Saving model and state...
调用validate
Validating...
Validation overall avg_cost: 1599.532735733853 +- 4.027963798923873
Evaluating candidate model on evaluation dataset
Epoch 96 candidate mean 1594.316219643624, baseline epoch 95 mean 1594.0664024791738, difference 0.2498171644501781
Start train epoch 97, lr=0.0001 for run train_raw_50_200ep_20260228T162007
Evaluating baseline on dataset...
Training baseline model...
开始train_epoch正式训练，总的 batch 大小: 200
Start training epoch 97...
epoch: 97, train_batch_id: 0, avg_cost: 1855.7059756967246
loss: -181.90845654871327, grad norm: 6787.13818359375, clipped: 1.0
epoch: 97, train_batch_id: 50, avg_cost: 1573.0899794334014
loss: 134.42325791302784, grad norm: 5528.947265625, clipped: 1.0
epoch: 97, train_batch_id: 100, avg_cost: 1740.9161626531036
loss: -171.69119783358232, grad norm: 9353.44921875, clipped: 1.0
epoch: 97, train_batch_id: 150, avg_cost: 1587.112313860651
loss: 19.52756768161632, grad norm: 7662.35546875, clipped: 1.0
Finished epoch 97, took 00:04:18 s
####Saving model and state...
调用validate
Validating...
Validation overall avg_cost: 1591.510983334654 +- 4.000370000171962
Evaluating candidate model on evaluation dataset
Epoch 97 candidate mean 1591.5766608389813, baseline epoch 95 mean 1594.0664024791738, difference -2.4897416401925057
p-value: 0.1580110168375255
Start train epoch 98, lr=0.0001 for run train_raw_50_200ep_20260228T162007
Evaluating baseline on dataset...
Training baseline model...
开始train_epoch正式训练，总的 batch 大小: 200
Start training epoch 98...
epoch: 98, train_batch_id: 0, avg_cost: 1618.29628021072
loss: -176.59879789051496, grad norm: 7978.5458984375, clipped: 1.0
epoch: 98, train_batch_id: 50, avg_cost: 1554.9150756851086
loss: 107.74122348145082, grad norm: 8324.4404296875, clipped: 1.0
epoch: 98, train_batch_id: 100, avg_cost: 1594.7817351609708
loss: 194.1755773271894, grad norm: 7355.8291015625, clipped: 1.0
epoch: 98, train_batch_id: 150, avg_cost: 1482.0724968290929
loss: 24.043775289563992, grad norm: 6933.271484375, clipped: 1.0
Finished epoch 98, took 00:04:13 s
####Saving model and state...
调用validate
Validating...
Validation overall avg_cost: 1607.007376403873 +- 4.2320263539340415
Evaluating candidate model on evaluation dataset
Epoch 98 candidate mean 1603.4669681646453, baseline epoch 95 mean 1594.0664024791738, difference 9.40056568547152
Start train epoch 99, lr=0.0001 for run train_raw_50_200ep_20260228T162007
Evaluating baseline on dataset...
Training baseline model...
开始train_epoch正式训练，总的 batch 大小: 200
Start training epoch 99...
epoch: 99, train_batch_id: 0, avg_cost: 1607.5119679986828
loss: 336.34706607976807, grad norm: 7819.66943359375, clipped: 1.0
epoch: 99, train_batch_id: 50, avg_cost: 1682.566864407918
loss: -60.42779442809899, grad norm: 6293.146484375, clipped: 1.0
epoch: 99, train_batch_id: 100, avg_cost: 1643.4801832782314
loss: 161.72823220746562, grad norm: 8303.2607421875, clipped: 1.0
epoch: 99, train_batch_id: 150, avg_cost: 1504.621440016983
loss: 86.18136623480865, grad norm: 7790.22265625, clipped: 1.0
Finished epoch 99, took 00:04:27 s
####Saving model and state...
调用validate
Validating...
Validation overall avg_cost: 1601.8726609059654 +- 4.011282028490727
Evaluating candidate model on evaluation dataset
Epoch 99 candidate mean 1597.9884164480823, baseline epoch 95 mean 1594.0664024791738, difference 3.922013968908459
Start train epoch 100, lr=0.0001 for run train_raw_50_200ep_20260228T162007
Evaluating baseline on dataset...
Training baseline model...
开始train_epoch正式训练，总的 batch 大小: 200
Start training epoch 100...
epoch: 100, train_batch_id: 0, avg_cost: 1612.2290037984858
loss: -498.6833586180653, grad norm: 8461.78515625, clipped: 1.0
epoch: 100, train_batch_id: 50, avg_cost: 1825.1078281209775
loss: -100.42280285605881, grad norm: 8551.9765625, clipped: 1.0
epoch: 100, train_batch_id: 100, avg_cost: 1433.7298165471257
loss: 399.34142492382773, grad norm: 7829.31591796875, clipped: 1.0
epoch: 100, train_batch_id: 150, avg_cost: 1721.1976996645874
loss: 220.33190646336558, grad norm: 7166.8359375, clipped: 1.0
Finished epoch 100, took 00:04:17 s
####Saving model and state...
调用validate
Validating...
Validation overall avg_cost: 1589.4442785104322 +- 4.043309344571316
Evaluating candidate model on evaluation dataset
Epoch 100 candidate mean 1591.0021419617945, baseline epoch 95 mean 1594.0664024791738, difference -3.0642605173793527
p-value: 0.11912315677958173
Start train epoch 101, lr=0.0001 for run train_raw_50_200ep_20260228T162007
Evaluating baseline on dataset...
Training baseline model...
开始train_epoch正式训练，总的 batch 大小: 200
Start training epoch 101...
epoch: 101, train_batch_id: 0, avg_cost: 1611.7794619545248
loss: 93.97297000137344, grad norm: 6670.37646484375, clipped: 1.0
epoch: 101, train_batch_id: 50, avg_cost: 1443.053588829438
loss: -17.394129239177115, grad norm: 5422.83642578125, clipped: 1.0
epoch: 101, train_batch_id: 100, avg_cost: 1372.0346802333993
loss: 160.96031985739626, grad norm: 6853.3798828125, clipped: 1.0
epoch: 101, train_batch_id: 150, avg_cost: 1695.8720050807058
loss: 425.59799453360864, grad norm: 9106.5888671875, clipped: 1.0
Finished epoch 101, took 00:04:18 s
####Saving model and state...
调用validate
Validating...
Validation overall avg_cost: 1583.3023891274238 +- 4.090198621152543
Evaluating candidate model on evaluation dataset
Epoch 101 candidate mean 1584.2345861756426, baseline epoch 95 mean 1594.0664024791738, difference -9.831816303531241
p-value: 5.5161929075549786e-05
Update baseline
Evaluating baseline model on evaluation dataset

Start train epoch 102, lr=0.0001 for run train_raw_50_200ep_20260228T162007
Evaluating baseline on dataset...
Training baseline model...
开始train_epoch正式训练，总的 batch 大小: 200
Start training epoch 102...
epoch: 102, train_batch_id: 0, avg_cost: 1742.8814780090565
loss: -374.8159298027816, grad norm: 5532.15869140625, clipped: 1.0
epoch: 102, train_batch_id: 50, avg_cost: 1777.5709840274098
loss: -302.42913122636463, grad norm: 6328.4052734375, clipped: 1.0
epoch: 102, train_batch_id: 100, avg_cost: 1514.6397207205687
loss: -219.70431124557228, grad norm: 9265.3671875, clipped: 1.0
epoch: 102, train_batch_id: 150, avg_cost: 1473.122708263401
loss: -550.9627595608273, grad norm: 10150.802734375, clipped: 1.0
Finished epoch 102, took 00:04:03 s
####Saving model and state...
调用validate
Validating...
Validation overall avg_cost: 1587.8135180774166 +- 4.037239557457068
Evaluating candidate model on evaluation dataset
Epoch 102 candidate mean 1591.5995842653688, baseline epoch 101 mean 1593.184065765885, difference -1.5844815005161763
p-value: 0.2708958294883149
Start train epoch 103, lr=0.0001 for run train_raw_50_200ep_20260228T162007
Evaluating baseline on dataset...
Training baseline model...
开始train_epoch正式训练，总的 batch 大小: 200
Start training epoch 103...
epoch: 103, train_batch_id: 0, avg_cost: 1602.2564478456743
loss: -205.45284639487542, grad norm: 5310.08154296875, clipped: 1.0
epoch: 103, train_batch_id: 50, avg_cost: 1679.762201217144
loss: -49.84183477010939, grad norm: 10119.7041015625, clipped: 1.0
epoch: 103, train_batch_id: 100, avg_cost: 1491.1355549843627
loss: -130.1819228240589, grad norm: 7422.0185546875, clipped: 1.0
epoch: 103, train_batch_id: 150, avg_cost: 1421.1449022689462
loss: -102.76547109355494, grad norm: 5048.154296875, clipped: 1.0
Finished epoch 103, took 00:04:11 s
####Saving model and state...
调用validate
Validating...
Validation overall avg_cost: 1570.7276270845243 +- 4.064156582693737
Evaluating candidate model on evaluation dataset
Epoch 103 candidate mean 1578.1006474306118, baseline epoch 101 mean 1593.184065765885, difference -15.083418335273109
p-value: 8.009009883877332e-09
Update baseline
Evaluating baseline model on evaluation dataset

Start train epoch 104, lr=0.0001 for run train_raw_50_200ep_20260228T162007
Evaluating baseline on dataset...
Training baseline model...
开始train_epoch正式训练，总的 batch 大小: 200
Start training epoch 104...
epoch: 104, train_batch_id: 0, avg_cost: 1635.2753847512317
loss: -251.63559221341268, grad norm: 5846.17822265625, clipped: 1.0
epoch: 104, train_batch_id: 50, avg_cost: 1603.9975431815058
loss: -77.49127463134725, grad norm: 4689.1474609375, clipped: 1.0
epoch: 104, train_batch_id: 100, avg_cost: 1654.629265723602
loss: 13.626673875332528, grad norm: 5665.00341796875, clipped: 1.0
epoch: 104, train_batch_id: 150, avg_cost: 1541.5202963128754
loss: -225.7893276588986, grad norm: 6891.65966796875, clipped: 1.0
Finished epoch 104, took 00:04:08 s
####Saving model and state...
调用validate
Validating...
Validation overall avg_cost: 1566.9741651957058 +- 3.9741884534352288
Evaluating candidate model on evaluation dataset
Epoch 104 candidate mean 1577.1149422762733, baseline epoch 103 mean 1575.2607979780066, difference 1.8541442982666467
Start train epoch 105, lr=0.0001 for run train_raw_50_200ep_20260228T162007
Evaluating baseline on dataset...
Training baseline model...
开始train_epoch正式训练，总的 batch 大小: 200
Start training epoch 105...
epoch: 105, train_batch_id: 0, avg_cost: 1307.881567693219
loss: -329.8246845836183, grad norm: 6972.01123046875, clipped: 1.0
epoch: 105, train_batch_id: 50, avg_cost: 1491.512716468143
loss: -14.168413595705971, grad norm: 5634.2958984375, clipped: 1.0
epoch: 105, train_batch_id: 100, avg_cost: 1323.6309307268107
loss: 86.159433477759, grad norm: 4490.583984375, clipped: 1.0
epoch: 105, train_batch_id: 150, avg_cost: 1451.8605629155095
loss: -133.87694005535604, grad norm: 5945.095703125, clipped: 1.0
Finished epoch 105, took 00:04:00 s
####Saving model and state...
调用validate
Validating...
Validation overall avg_cost: 1572.6005652581255 +- 4.081719274532309
Evaluating candidate model on evaluation dataset
Epoch 105 candidate mean 1578.9507530269655, baseline epoch 103 mean 1575.2607979780066, difference 3.6899550489588364
Start train epoch 106, lr=0.0001 for run train_raw_50_200ep_20260228T162007
Evaluating baseline on dataset...
Training baseline model...
开始train_epoch正式训练，总的 batch 大小: 200
Start training epoch 106...
epoch: 106, train_batch_id: 0, avg_cost: 1518.1781997016164
loss: -111.75883420468539, grad norm: 5630.2529296875, clipped: 1.0
epoch: 106, train_batch_id: 50, avg_cost: 1677.9905247943989
loss: 12.279282359270859, grad norm: 6049.6494140625, clipped: 1.0
epoch: 106, train_batch_id: 100, avg_cost: 1703.8418227375896
loss: -224.1307423126637, grad norm: 11231.0029296875, clipped: 1.0
epoch: 106, train_batch_id: 150, avg_cost: 1594.2297680711315
loss: 11.828134526671743, grad norm: 6325.74365234375, clipped: 1.0
Finished epoch 106, took 00:04:04 s
####Saving model and state...
调用validate
Validating...
Validation overall avg_cost: 1547.9011016660818 +- 3.8649700750329536
Evaluating candidate model on evaluation dataset
Epoch 106 candidate mean 1559.2131440399835, baseline epoch 103 mean 1575.2607979780066, difference -16.04765393802313
p-value: 1.0120479666100663e-10
Update baseline
Evaluating baseline model on evaluation dataset

Start train epoch 107, lr=0.0001 for run train_raw_50_200ep_20260228T162007
Evaluating baseline on dataset...
Training baseline model...
开始train_epoch正式训练，总的 batch 大小: 200
Start training epoch 107...
epoch: 107, train_batch_id: 0, avg_cost: 1570.7027440324855
loss: -334.53227694019745, grad norm: 5172.46533203125, clipped: 1.0
epoch: 107, train_batch_id: 50, avg_cost: 1557.8605274198817
loss: -306.3930803099605, grad norm: 4957.58154296875, clipped: 1.0
epoch: 107, train_batch_id: 100, avg_cost: 1435.5530112075944
loss: -258.1185595214683, grad norm: 7143.982421875, clipped: 1.0
epoch: 107, train_batch_id: 150, avg_cost: 1626.6684929472376
loss: -303.2645609089668, grad norm: 5792.765625, clipped: 1.0
Finished epoch 107, took 00:04:11 s
####Saving model and state...
调用validate
Validating...
Validation overall avg_cost: 1544.0099165240176 +- 3.8050127259468844
Evaluating candidate model on evaluation dataset
Epoch 107 candidate mean 1544.9229990685856, baseline epoch 106 mean 1544.2241841167881, difference 0.6988149517974307
Start train epoch 108, lr=0.0001 for run train_raw_50_200ep_20260228T162007
Evaluating baseline on dataset...
Training baseline model...
开始train_epoch正式训练，总的 batch 大小: 200
Start training epoch 108...
epoch: 108, train_batch_id: 0, avg_cost: 1643.8562983669722
loss: -660.2070602776417, grad norm: 6620.11865234375, clipped: 1.0
epoch: 108, train_batch_id: 50, avg_cost: 1525.310624617583
loss: -204.87557737131857, grad norm: 4909.888671875, clipped: 1.0
epoch: 108, train_batch_id: 100, avg_cost: 1684.5796492477593
loss: -430.80158631088756, grad norm: 5777.01611328125, clipped: 1.0
epoch: 108, train_batch_id: 150, avg_cost: 1638.051810800577
loss: -2.236462613791396, grad norm: 5850.56591796875, clipped: 1.0
Finished epoch 108, took 00:04:06 s
####Saving model and state...
调用validate
Validating...
Validation overall avg_cost: 1534.4598282879083 +- 3.8469859420007566
Evaluating candidate model on evaluation dataset
Epoch 108 candidate mean 1533.2135939259667, baseline epoch 106 mean 1544.2241841167881, difference -11.010590190821404
p-value: 7.582859781109731e-07
Update baseline
Evaluating baseline model on evaluation dataset

Start train epoch 109, lr=0.0001 for run train_raw_50_200ep_20260228T162007
Evaluating baseline on dataset...
Training baseline model...
开始train_epoch正式训练，总的 batch 大小: 200
Start training epoch 109...
epoch: 109, train_batch_id: 0, avg_cost: 1369.256152006779
loss: -82.50863789288063, grad norm: 3808.337890625, clipped: 1.0
epoch: 109, train_batch_id: 50, avg_cost: 1371.207741681936
loss: -458.12113636839103, grad norm: 5706.494140625, clipped: 1.0
epoch: 109, train_batch_id: 100, avg_cost: 1396.2673381651362
loss: -53.85389277699972, grad norm: 6372.01953125, clipped: 1.0
epoch: 109, train_batch_id: 150, avg_cost: 1618.1840049986113
loss: -416.2760467076588, grad norm: 5593.6591796875, clipped: 1.0
Finished epoch 109, took 00:03:59 s
####Saving model and state...
调用validate
Validating...
Validation overall avg_cost: 1537.7211644240888 +- 3.822974290300524
Evaluating candidate model on evaluation dataset
Epoch 109 candidate mean 1542.9685089158043, baseline epoch 108 mean 1542.5805892066849, difference 0.38791970911938733
Start train epoch 110, lr=0.0001 for run train_raw_50_200ep_20260228T162007
Evaluating baseline on dataset...
Training baseline model...
开始train_epoch正式训练，总的 batch 大小: 200
Start training epoch 110...
epoch: 110, train_batch_id: 0, avg_cost: 1558.1425452266155
loss: -340.83493218539877, grad norm: 5895.34228515625, clipped: 1.0
epoch: 110, train_batch_id: 50, avg_cost: 1554.6730140028344
loss: -224.3702772775835, grad norm: 5602.4248046875, clipped: 1.0
epoch: 110, train_batch_id: 100, avg_cost: 1530.1715720984548
loss: -72.11963502321879, grad norm: 7676.400390625, clipped: 1.0
epoch: 110, train_batch_id: 150, avg_cost: 1718.9824855351421
loss: -233.01378805272037, grad norm: 8169.212890625, clipped: 1.0
Finished epoch 110, took 00:03:54 s
####Saving model and state...
调用validate
Validating...
Validation overall avg_cost: 1531.7338659210295 +- 3.8915673955165957
Evaluating candidate model on evaluation dataset
Epoch 110 candidate mean 1542.6140897238163, baseline epoch 108 mean 1542.5805892066849, difference 0.03350051713141511
Start train epoch 111, lr=0.0001 for run train_raw_50_200ep_20260228T162007
Evaluating baseline on dataset...
Training baseline model...
开始train_epoch正式训练，总的 batch 大小: 200
Start training epoch 111...
epoch: 111, train_batch_id: 0, avg_cost: 1551.117738334589
loss: -22.68413534911258, grad norm: 4861.06201171875, clipped: 1.0
epoch: 111, train_batch_id: 50, avg_cost: 1734.3048356182326
loss: -282.86384652904246, grad norm: 6763.646484375, clipped: 1.0
epoch: 111, train_batch_id: 100, avg_cost: 1443.547962164457
loss: -237.4796725506351, grad norm: 6199.16357421875, clipped: 1.0
epoch: 111, train_batch_id: 150, avg_cost: 1458.9428224626122
loss: -139.99905666780728, grad norm: 6269.5068359375, clipped: 1.0
Finished epoch 111, took 00:03:58 s
####Saving model and state...
调用validate
Validating...
Validation overall avg_cost: 1541.1319484046796 +- 3.9396370298533694
Evaluating candidate model on evaluation dataset
Epoch 111 candidate mean 1546.2867196644513, baseline epoch 108 mean 1542.5805892066849, difference 3.7061304577664487
Start train epoch 112, lr=0.0001 for run train_raw_50_200ep_20260228T162007
Evaluating baseline on dataset...
Training baseline model...
开始train_epoch正式训练，总的 batch 大小: 200
Start training epoch 112...
epoch: 112, train_batch_id: 0, avg_cost: 1591.2070568678992
loss: -103.36856323777971, grad norm: 5738.85888671875, clipped: 1.0
epoch: 112, train_batch_id: 50, avg_cost: 1571.1198237164076
loss: -250.7456945831314, grad norm: 6373.794921875, clipped: 1.0
epoch: 112, train_batch_id: 100, avg_cost: 1579.1275502495887
loss: -66.58583996842847, grad norm: 7112.67529296875, clipped: 1.0
epoch: 112, train_batch_id: 150, avg_cost: 1502.8435290718749
loss: -0.5109088062217424, grad norm: 6374.4013671875, clipped: 1.0
Finished epoch 112, took 00:03:54 s
####Saving model and state...
调用validate
Validating...
Validation overall avg_cost: 1526.5628776242802 +- 3.8178867728153447
Evaluating candidate model on evaluation dataset
Epoch 112 candidate mean 1531.7277037314384, baseline epoch 108 mean 1542.5805892066849, difference -10.852885475246467
p-value: 4.49621503680942e-06
Update baseline
Evaluating baseline model on evaluation dataset

Start train epoch 113, lr=0.0001 for run train_raw_50_200ep_20260228T162007
Evaluating baseline on dataset...
Training baseline model...
开始train_epoch正式训练，总的 batch 大小: 200
Start training epoch 113...
epoch: 113, train_batch_id: 0, avg_cost: 1497.298529783003
loss: -66.491315850029, grad norm: 3901.7421875, clipped: 1.0
epoch: 113, train_batch_id: 50, avg_cost: 1593.77860771539
loss: -210.9241012519026, grad norm: 4602.07861328125, clipped: 1.0
epoch: 113, train_batch_id: 100, avg_cost: 1560.203244148574
loss: -32.36411177706226, grad norm: 4938.78369140625, clipped: 1.0
epoch: 113, train_batch_id: 150, avg_cost: 1515.270864552646
loss: -413.0691798728267, grad norm: 8216.2783203125, clipped: 1.0
Finished epoch 113, took 00:03:53 s
####Saving model and state...
调用validate
Validating...
Validation overall avg_cost: 1531.8079626066774 +- 3.7082776212246964
Evaluating candidate model on evaluation dataset
Epoch 113 candidate mean 1535.5320336780876, baseline epoch 112 mean 1529.1817912812005, difference 6.350242396887097
Start train epoch 114, lr=0.0001 for run train_raw_50_200ep_20260228T162007
Evaluating baseline on dataset...
Training baseline model...
开始train_epoch正式训练，总的 batch 大小: 200
Start training epoch 114...
epoch: 114, train_batch_id: 0, avg_cost: 1547.6692276598785
loss: -455.52026912864176, grad norm: 6531.52001953125, clipped: 1.0
epoch: 114, train_batch_id: 50, avg_cost: 1531.9428136248007
loss: -420.37385863469933, grad norm: 7685.2314453125, clipped: 1.0
epoch: 114, train_batch_id: 100, avg_cost: 1524.3443436130524
loss: -167.4092738085139, grad norm: 6904.50390625, clipped: 1.0
epoch: 114, train_batch_id: 150, avg_cost: 1644.3648989525072
loss: -505.511003096452, grad norm: 6506.70458984375, clipped: 1.0
Finished epoch 114, took 00:03:56 s
####Saving model and state...
调用validate
Validating...
Validation overall avg_cost: 1539.8155915533425 +- 3.9045279906979404
Evaluating candidate model on evaluation dataset
Epoch 114 candidate mean 1542.114819456612, baseline epoch 112 mean 1529.1817912812005, difference 12.933028175411437
Start train epoch 115, lr=0.0001 for run train_raw_50_200ep_20260228T162007
Evaluating baseline on dataset...
Training baseline model...
开始train_epoch正式训练，总的 batch 大小: 200
Start training epoch 115...
epoch: 115, train_batch_id: 0, avg_cost: 1461.2268265620073
loss: -390.08045052820023, grad norm: 5972.8896484375, clipped: 1.0
epoch: 115, train_batch_id: 50, avg_cost: 1603.8467256774607
loss: -424.1343913485873, grad norm: 8140.3154296875, clipped: 1.0
epoch: 115, train_batch_id: 100, avg_cost: 1676.326591986183
loss: -435.278315155743, grad norm: 7028.85693359375, clipped: 1.0
epoch: 115, train_batch_id: 150, avg_cost: 1638.5775066556084
loss: -514.4348242699297, grad norm: 5320.61181640625, clipped: 1.0
Finished epoch 115, took 00:03:54 s
####Saving model and state...
调用validate
Validating...
Validation overall avg_cost: 1531.2475136696014 +- 3.8763202212651193
Evaluating candidate model on evaluation dataset
Epoch 115 candidate mean 1538.3403754215883, baseline epoch 112 mean 1529.1817912812005, difference 9.158584140387802
Start train epoch 116, lr=0.0001 for run train_raw_50_200ep_20260228T162007
Evaluating baseline on dataset...
Training baseline model...
开始train_epoch正式训练，总的 batch 大小: 200
Start training epoch 116...
epoch: 116, train_batch_id: 0, avg_cost: 1625.5295215419262
loss: -171.19582164086506, grad norm: 4606.36669921875, clipped: 1.0
epoch: 116, train_batch_id: 50, avg_cost: 1450.07273160975
loss: -130.47177968530113, grad norm: 5518.10986328125, clipped: 1.0
epoch: 116, train_batch_id: 100, avg_cost: 1605.2232174063088
loss: -173.75019580450527, grad norm: 7069.65869140625, clipped: 1.0
epoch: 116, train_batch_id: 150, avg_cost: 1445.5031454017249
loss: -281.01533867948956, grad norm: 6424.802734375, clipped: 1.0
Finished epoch 116, took 00:03:56 s
####Saving model and state...
调用validate
Validating...
Validation overall avg_cost: 1518.2106087739448 +- 3.759172556439196
Evaluating candidate model on evaluation dataset
Epoch 116 candidate mean 1521.3130907551865, baseline epoch 112 mean 1529.1817912812005, difference -7.868700526013981
p-value: 0.0003084116845335839
Update baseline
Evaluating baseline model on evaluation dataset

Start train epoch 117, lr=0.0001 for run train_raw_50_200ep_20260228T162007
Evaluating baseline on dataset...
Training baseline model...
开始train_epoch正式训练，总的 batch 大小: 200
Start training epoch 117...
epoch: 117, train_batch_id: 0, avg_cost: 1562.2888449363754
loss: -267.20811547221683, grad norm: 3107.5068359375, clipped: 1.0
epoch: 117, train_batch_id: 50, avg_cost: 1502.3446250250001
loss: 112.37070820626855, grad norm: 4857.33056640625, clipped: 1.0
epoch: 117, train_batch_id: 100, avg_cost: 1482.3753023936886
loss: -5.1954511672521875, grad norm: 4745.2470703125, clipped: 1.0
epoch: 117, train_batch_id: 150, avg_cost: 1414.9815621152434
loss: -80.74343374230119, grad norm: 4700.9033203125, clipped: 1.0
Finished epoch 117, took 00:04:06 s
####Saving model and state...
调用validate
Validating...
Validation overall avg_cost: 1505.674069546419 +- 3.812627929661713
Evaluating candidate model on evaluation dataset
Epoch 117 candidate mean 1502.2617770286886, baseline epoch 116 mean 1517.2331289137862, difference -14.971351885097647
p-value: 1.4160004993611756e-12
Update baseline
Evaluating baseline model on evaluation dataset

Start train epoch 118, lr=0.0001 for run train_raw_50_200ep_20260228T162007
Evaluating baseline on dataset...
Training baseline model...
开始train_epoch正式训练，总的 batch 大小: 200
Start training epoch 118...
epoch: 118, train_batch_id: 0, avg_cost: 1505.4917491596327
loss: -192.12253927225788, grad norm: 4578.767578125, clipped: 1.0
epoch: 118, train_batch_id: 50, avg_cost: 1550.8945112823385
loss: -229.06300031578, grad norm: 4080.718994140625, clipped: 1.0
epoch: 118, train_batch_id: 100, avg_cost: 1533.7006286144792
loss: -448.99317098634964, grad norm: 7094.6337890625, clipped: 1.0
epoch: 118, train_batch_id: 150, avg_cost: 1519.2412189469576
loss: -145.39743958056752, grad norm: 5168.4443359375, clipped: 1.0
Finished epoch 118, took 00:04:00 s
####Saving model and state...
调用validate
Validating...
Validation overall avg_cost: 1514.5892054286414 +- 3.879820085973907
Evaluating candidate model on evaluation dataset
Epoch 118 candidate mean 1512.6898203057763, baseline epoch 117 mean 1501.9166059450624, difference 10.773214360713837
Start train epoch 119, lr=0.0001 for run train_raw_50_200ep_20260228T162007
Evaluating baseline on dataset...
Training baseline model...
开始train_epoch正式训练，总的 batch 大小: 200
Start training epoch 119...
epoch: 119, train_batch_id: 0, avg_cost: 1438.2735752364126
loss: -303.0524616576206, grad norm: 5371.00927734375, clipped: 1.0
epoch: 119, train_batch_id: 50, avg_cost: 1571.777625926911
loss: -448.62042640593097, grad norm: 6117.40478515625, clipped: 1.0
epoch: 119, train_batch_id: 100, avg_cost: 1782.9859080894653
loss: -467.7625742779484, grad norm: 7712.6337890625, clipped: 1.0
epoch: 119, train_batch_id: 150, avg_cost: 1427.206408337664
loss: -315.58504671467415, grad norm: 4550.31494140625, clipped: 1.0
Finished epoch 119, took 00:04:02 s
####Saving model and state...
调用validate
Validating...
Validation overall avg_cost: 1524.5769655661074 +- 3.8176835758390633
Evaluating candidate model on evaluation dataset
Epoch 119 candidate mean 1520.4848047804655, baseline epoch 117 mean 1501.9166059450624, difference 18.56819883540311
Start train epoch 120, lr=0.0001 for run train_raw_50_200ep_20260228T162007
Evaluating baseline on dataset...
Training baseline model...
开始train_epoch正式训练，总的 batch 大小: 200
Start training epoch 120...
epoch: 120, train_batch_id: 0, avg_cost: 1527.8434878458465
loss: -349.719447734736, grad norm: 5841.1611328125, clipped: 1.0
epoch: 120, train_batch_id: 50, avg_cost: 1666.4354148048621
loss: -176.33324456019366, grad norm: 3651.79833984375, clipped: 1.0
epoch: 120, train_batch_id: 100, avg_cost: 1499.4671226546232
loss: -145.1861260420739, grad norm: 3873.66162109375, clipped: 1.0
epoch: 120, train_batch_id: 150, avg_cost: 1593.2976002505256
loss: -338.1071587735622, grad norm: 5715.779296875, clipped: 1.0
Finished epoch 120, took 00:03:59 s
####Saving model and state...
调用validate
Validating...
Validation overall avg_cost: 1520.6832701334354 +- 3.81708484313065
Evaluating candidate model on evaluation dataset
Epoch 120 candidate mean 1510.270435617581, baseline epoch 117 mean 1501.9166059450624, difference 8.353829672518486
Start train epoch 121, lr=0.0001 for run train_raw_50_200ep_20260228T162007
Evaluating baseline on dataset...
Training baseline model...
开始train_epoch正式训练，总的 batch 大小: 200
Start training epoch 121...
epoch: 121, train_batch_id: 0, avg_cost: 1481.5428385116315
loss: -257.2833866498833, grad norm: 5137.89453125, clipped: 1.0
epoch: 121, train_batch_id: 50, avg_cost: 1605.5362682623327
loss: -275.54168595017745, grad norm: 4990.27294921875, clipped: 1.0
epoch: 121, train_batch_id: 100, avg_cost: 1563.7180606836475
loss: -217.88095577338652, grad norm: 4468.47412109375, clipped: 1.0
epoch: 121, train_batch_id: 150, avg_cost: 1469.756267641074
loss: -201.7764458264866, grad norm: 4508.04736328125, clipped: 1.0
Finished epoch 121, took 00:03:58 s
####Saving model and state...
调用validate
Validating...
Validation overall avg_cost: 1504.906822391356 +- 3.7524226814552915
Evaluating candidate model on evaluation dataset
Epoch 121 candidate mean 1502.4986028209255, baseline epoch 117 mean 1501.9166059450624, difference 0.5819968758630694
Start train epoch 122, lr=0.0001 for run train_raw_50_200ep_20260228T162007
Evaluating baseline on dataset...
Training baseline model...
开始train_epoch正式训练，总的 batch 大小: 200
Start training epoch 122...
epoch: 122, train_batch_id: 0, avg_cost: 1386.8926560572932
loss: 11.387080164759702, grad norm: 4281.78125, clipped: 1.0
epoch: 122, train_batch_id: 50, avg_cost: 1632.5448211627183
loss: -202.21526754755968, grad norm: 4735.17041015625, clipped: 1.0
epoch: 122, train_batch_id: 100, avg_cost: 1545.456739958363
loss: -28.052853776926497, grad norm: 3854.696044921875, clipped: 1.0
epoch: 122, train_batch_id: 150, avg_cost: 1382.258186922148
loss: -2.887834866944239, grad norm: 6129.001953125, clipped: 1.0
Finished epoch 122, took 00:04:02 s
####Saving model and state...
调用validate
Validating...
Validation overall avg_cost: 1529.0402892707423 +- 3.805697796729932
Evaluating candidate model on evaluation dataset
Epoch 122 candidate mean 1525.243921556451, baseline epoch 117 mean 1501.9166059450624, difference 23.327315611388485
Start train epoch 123, lr=0.0001 for run train_raw_50_200ep_20260228T162007
Evaluating baseline on dataset...
Training baseline model...
开始train_epoch正式训练，总的 batch 大小: 200
Start training epoch 123...
epoch: 123, train_batch_id: 0, avg_cost: 1410.4908322615906
loss: -167.89348473935917, grad norm: 5742.203125, clipped: 1.0
epoch: 123, train_batch_id: 50, avg_cost: 1544.1651161353477
loss: -100.5164232991508, grad norm: 7219.810546875, clipped: 1.0
epoch: 123, train_batch_id: 100, avg_cost: 1486.9329566623855
loss: -2.3493858473483495, grad norm: 4092.379150390625, clipped: 1.0
epoch: 123, train_batch_id: 150, avg_cost: 1597.3553281888176
loss: -69.91642639945192, grad norm: 5239.11767578125, clipped: 1.0
Finished epoch 123, took 00:04:01 s
####Saving model and state...
调用validate
Validating...
Validation overall avg_cost: 1493.7401433304515 +- 3.655405991527243
Evaluating candidate model on evaluation dataset
Epoch 123 candidate mean 1488.889703927837, baseline epoch 117 mean 1501.9166059450624, difference -13.026902017225439
p-value: 4.676864988806264e-10
Update baseline
Evaluating baseline model on evaluation dataset

Start train epoch 124, lr=0.0001 for run train_raw_50_200ep_20260228T162007
Evaluating baseline on dataset...
Training baseline model...
开始train_epoch正式训练，总的 batch 大小: 200
Start training epoch 124...
epoch: 124, train_batch_id: 0, avg_cost: 1549.2356449006788
loss: -299.28646323122416, grad norm: 4725.49609375, clipped: 1.0
epoch: 124, train_batch_id: 50, avg_cost: 1485.5969639006562
loss: 34.103917397993555, grad norm: 3655.97412109375, clipped: 1.0
epoch: 124, train_batch_id: 100, avg_cost: 1451.547331941602
loss: -312.5724116511593, grad norm: 4652.8251953125, clipped: 1.0
epoch: 124, train_batch_id: 150, avg_cost: 1466.819126403493
loss: -135.0843882704079, grad norm: 6613.36669921875, clipped: 1.0
Finished epoch 124, took 00:03:58 s
####Saving model and state...
调用validate
Validating...
Validation overall avg_cost: 1501.2878095263015 +- 3.634757796072694
Evaluating candidate model on evaluation dataset
Epoch 124 candidate mean 1509.202376673296, baseline epoch 123 mean 1501.1826452423409, difference 8.019731430955062
Start train epoch 125, lr=0.0001 for run train_raw_50_200ep_20260228T162007
Evaluating baseline on dataset...
Training baseline model...
开始train_epoch正式训练，总的 batch 大小: 200
Start training epoch 125...
epoch: 125, train_batch_id: 0, avg_cost: 1446.5050252958808
loss: -396.045967544779, grad norm: 5259.142578125, clipped: 1.0
epoch: 125, train_batch_id: 50, avg_cost: 1726.9230264985972
loss: -239.51925061489655, grad norm: 4033.34423828125, clipped: 1.0
epoch: 125, train_batch_id: 100, avg_cost: 1588.101152500102
loss: -218.79719433985096, grad norm: 4381.92578125, clipped: 1.0
epoch: 125, train_batch_id: 150, avg_cost: 1418.2845480788496
loss: -158.42513783778864, grad norm: 6749.8291015625, clipped: 1.0
Finished epoch 125, took 00:03:58 s
####Saving model and state...
调用validate
Validating...
Validation overall avg_cost: 1501.453356781523 +- 3.717496983132043
Evaluating candidate model on evaluation dataset
Epoch 125 candidate mean 1506.6231561237632, baseline epoch 123 mean 1501.1826452423409, difference 5.4405108814223695
Start train epoch 126, lr=0.0001 for run train_raw_50_200ep_20260228T162007
Evaluating baseline on dataset...
Training baseline model...
开始train_epoch正式训练，总的 batch 大小: 200
Start training epoch 126...
epoch: 126, train_batch_id: 0, avg_cost: 1473.7302060945362
loss: -160.002906956072, grad norm: 3431.171875, clipped: 1.0
epoch: 126, train_batch_id: 50, avg_cost: 1573.772200324241
loss: -444.78809401628223, grad norm: 8167.8857421875, clipped: 1.0
epoch: 126, train_batch_id: 100, avg_cost: 1562.9389239345103
loss: -85.19716244058539, grad norm: 3518.93896484375, clipped: 1.0
epoch: 126, train_batch_id: 150, avg_cost: 1621.6749444835032
loss: -106.0441546746047, grad norm: 5030.55224609375, clipped: 1.0
Finished epoch 126, took 00:03:55 s
####Saving model and state...
调用validate
Validating...
Validation overall avg_cost: 1504.5279194170525 +- 3.7496675715545837
Evaluating candidate model on evaluation dataset
Epoch 126 candidate mean 1508.0703410458061, baseline epoch 123 mean 1501.1826452423409, difference 6.887695803465249
Start train epoch 127, lr=0.0001 for run train_raw_50_200ep_20260228T162007
Evaluating baseline on dataset...
Training baseline model...
开始train_epoch正式训练，总的 batch 大小: 200
Start training epoch 127...
epoch: 127, train_batch_id: 0, avg_cost: 1740.9748295024788
loss: -335.74990044244066, grad norm: 5183.1025390625, clipped: 1.0
epoch: 127, train_batch_id: 50, avg_cost: 1372.7858712926873
loss: -369.47592621593503, grad norm: 5884.5654296875, clipped: 1.0
epoch: 127, train_batch_id: 100, avg_cost: 1575.8188599167422
loss: -197.4881273276259, grad norm: 4016.073974609375, clipped: 1.0
epoch: 127, train_batch_id: 150, avg_cost: 1548.9472782833668
loss: -236.61189743620372, grad norm: 4110.21435546875, clipped: 1.0
Finished epoch 127, took 00:03:53 s
####Saving model and state...
调用validate
Validating...
Validation overall avg_cost: 1496.9463077249807 +- 3.6854558419973382
Evaluating candidate model on evaluation dataset
Epoch 127 candidate mean 1502.7642070137736, baseline epoch 123 mean 1501.1826452423409, difference 1.581561771432689
Start train epoch 128, lr=0.0001 for run train_raw_50_200ep_20260228T162007
Evaluating baseline on dataset...
Training baseline model...
开始train_epoch正式训练，总的 batch 大小: 200
Start training epoch 128...
epoch: 128, train_batch_id: 0, avg_cost: 1329.5409294131136
loss: -431.03316813113753, grad norm: 5070.884765625, clipped: 1.0
epoch: 128, train_batch_id: 50, avg_cost: 1456.5936070746602
loss: -464.6024188190644, grad norm: 3778.833740234375, clipped: 1.0
epoch: 128, train_batch_id: 100, avg_cost: 1307.5617503497645
loss: -316.5268562541918, grad norm: 4907.61767578125, clipped: 1.0
epoch: 128, train_batch_id: 150, avg_cost: 1639.4267992698299
loss: -275.4741533687372, grad norm: 5580.84521484375, clipped: 1.0
Finished epoch 128, took 00:03:56 s
####Saving model and state...
调用validate
Validating...
Validation overall avg_cost: 1516.2184103400286 +- 3.833502800528425
Evaluating candidate model on evaluation dataset
Epoch 128 candidate mean 1522.5530103912038, baseline epoch 123 mean 1501.1826452423409, difference 21.370365148862902
Start train epoch 129, lr=0.0001 for run train_raw_50_200ep_20260228T162007
Evaluating baseline on dataset...
Training baseline model...
开始train_epoch正式训练，总的 batch 大小: 200
Start training epoch 129...
epoch: 129, train_batch_id: 0, avg_cost: 1523.8021376806869
loss: -218.55483216267393, grad norm: 6662.6123046875, clipped: 1.0
epoch: 129, train_batch_id: 50, avg_cost: 1402.7586933628077
loss: -218.3523686903553, grad norm: 6304.1005859375, clipped: 1.0
epoch: 129, train_batch_id: 100, avg_cost: 1479.5790691285597
loss: -129.76087515566277, grad norm: 4006.114013671875, clipped: 1.0
epoch: 129, train_batch_id: 150, avg_cost: 1412.5571848416712
loss: 33.40786695949838, grad norm: 4127.890625, clipped: 1.0
Finished epoch 129, took 00:03:55 s
####Saving model and state...
调用validate
Validating...
Validation overall avg_cost: 1484.7629598693723 +- 3.670251973134906
Evaluating candidate model on evaluation dataset
Epoch 129 candidate mean 1490.4192537921956, baseline epoch 123 mean 1501.1826452423409, difference -10.763391450145264
p-value: 2.5392837102804697e-07
Update baseline
Evaluating baseline model on evaluation dataset

Start train epoch 130, lr=0.0001 for run train_raw_50_200ep_20260228T162007
Evaluating baseline on dataset...
Training baseline model...
开始train_epoch正式训练，总的 batch 大小: 200
Start training epoch 130...
epoch: 130, train_batch_id: 0, avg_cost: 1412.1399110458437
loss: -225.14809945558443, grad norm: 3696.678466796875, clipped: 1.0
epoch: 130, train_batch_id: 50, avg_cost: 1304.1131839335417
loss: -411.4456490425123, grad norm: 5443.75537109375, clipped: 1.0
epoch: 130, train_batch_id: 100, avg_cost: 1738.4163143159058
loss: -475.68926559997664, grad norm: 5344.4736328125, clipped: 1.0
epoch: 130, train_batch_id: 150, avg_cost: 1702.2473379950363
loss: -380.31293208177686, grad norm: 6320.08447265625, clipped: 1.0
Finished epoch 130, took 00:03:48 s
####Saving model and state...
调用validate
Validating...
Validation overall avg_cost: 1499.959441289822 +- 3.8148723451668336
Evaluating candidate model on evaluation dataset
Epoch 130 candidate mean 1504.143639850627, baseline epoch 129 mean 1487.3972970561297, difference 16.746342794497423
Start train epoch 131, lr=0.0001 for run train_raw_50_200ep_20260228T162007
Evaluating baseline on dataset...
Training baseline model...
开始train_epoch正式训练，总的 batch 大小: 200
Start training epoch 131...
epoch: 131, train_batch_id: 0, avg_cost: 1717.5204014561325
loss: -406.68625758355597, grad norm: 4712.63525390625, clipped: 1.0
epoch: 131, train_batch_id: 50, avg_cost: 1397.3343514772262
loss: -511.8026006995928, grad norm: 5816.1259765625, clipped: 1.0
epoch: 131, train_batch_id: 100, avg_cost: 1373.283391614468
loss: -206.56117157310095, grad norm: 4619.916015625, clipped: 1.0
epoch: 131, train_batch_id: 150, avg_cost: 1407.0849111049627
loss: -311.4087690776191, grad norm: 4185.43603515625, clipped: 1.0
Finished epoch 131, took 00:03:49 s
####Saving model and state...
调用validate
Validating...
Validation overall avg_cost: 1512.2410972174698 +- 3.83637679228191
Evaluating candidate model on evaluation dataset
Epoch 131 candidate mean 1515.8135769962291, baseline epoch 129 mean 1487.3972970561297, difference 28.416279940099457
Start train epoch 132, lr=0.0001 for run train_raw_50_200ep_20260228T162007
Evaluating baseline on dataset...
Training baseline model...
开始train_epoch正式训练，总的 batch 大小: 200
Start training epoch 132...
epoch: 132, train_batch_id: 0, avg_cost: 1632.349705404141
loss: -441.44829296771326, grad norm: 4647.87109375, clipped: 1.0
epoch: 132, train_batch_id: 50, avg_cost: 1598.9198882221544
loss: -437.92226531833154, grad norm: 5016.07958984375, clipped: 1.0
epoch: 132, train_batch_id: 100, avg_cost: 1480.7212829897003
loss: -233.94445021944227, grad norm: 5102.568359375, clipped: 1.0
epoch: 132, train_batch_id: 150, avg_cost: 1540.249117802981
loss: -306.85499309571117, grad norm: 4857.25048828125, clipped: 1.0
Finished epoch 132, took 00:03:54 s
####Saving model and state...
调用validate
Validating...
Validation overall avg_cost: 1499.0395918310876 +- 3.707422384855997
Evaluating candidate model on evaluation dataset
Epoch 132 candidate mean 1500.5613406302357, baseline epoch 129 mean 1487.3972970561297, difference 13.164043574106017
Start train epoch 133, lr=0.0001 for run train_raw_50_200ep_20260228T162007
Evaluating baseline on dataset...
Training baseline model...
开始train_epoch正式训练，总的 batch 大小: 200
Start training epoch 133...
epoch: 133, train_batch_id: 0, avg_cost: 1481.2707652832287
loss: -329.4467876798692, grad norm: 5298.46630859375, clipped: 1.0
epoch: 133, train_batch_id: 50, avg_cost: 1544.0525690109585
loss: -204.84978651923853, grad norm: 5392.86328125, clipped: 1.0
epoch: 133, train_batch_id: 100, avg_cost: 1429.2049446960139
loss: -264.77192789576236, grad norm: 4794.11328125, clipped: 1.0
epoch: 133, train_batch_id: 150, avg_cost: 1315.610751425125
loss: -206.84863643166705, grad norm: 3783.185302734375, clipped: 1.0
Finished epoch 133, took 00:03:53 s
####Saving model and state...
调用validate
Validating...
Validation overall avg_cost: 1516.8809569432105 +- 3.751955114997944
Evaluating candidate model on evaluation dataset
Epoch 133 candidate mean 1520.954308530867, baseline epoch 129 mean 1487.3972970561297, difference 33.55701147473724
Start train epoch 134, lr=0.0001 for run train_raw_50_200ep_20260228T162007
Evaluating baseline on dataset...
Training baseline model...
开始train_epoch正式训练，总的 batch 大小: 200
Start training epoch 134...
epoch: 134, train_batch_id: 0, avg_cost: 1451.869779117923
loss: -245.5337150985662, grad norm: 5160.87353515625, clipped: 1.0
epoch: 134, train_batch_id: 50, avg_cost: 1469.3624257289314
loss: -437.8284809747327, grad norm: 8362.123046875, clipped: 1.0
epoch: 134, train_batch_id: 100, avg_cost: 1257.0729753164796
loss: -381.17495137233874, grad norm: 5969.47607421875, clipped: 1.0
epoch: 134, train_batch_id: 150, avg_cost: 1634.554113171544
loss: -208.71387140442667, grad norm: 4042.369140625, clipped: 1.0
Finished epoch 134, took 00:03:52 s
####Saving model and state...
调用validate
Validating...
Validation overall avg_cost: 1517.0183697223165 +- 3.7466646043294727
Evaluating candidate model on evaluation dataset
Epoch 134 candidate mean 1519.5908078987306, baseline epoch 129 mean 1487.3972970561297, difference 32.19351084260097
Start train epoch 135, lr=0.0001 for run train_raw_50_200ep_20260228T162007
Evaluating baseline on dataset...
Training baseline model...
开始train_epoch正式训练，总的 batch 大小: 200
Start training epoch 135...
epoch: 135, train_batch_id: 0, avg_cost: 1610.3104133656875
loss: -514.2541639439917, grad norm: 5494.4111328125, clipped: 1.0
epoch: 135, train_batch_id: 50, avg_cost: 1760.6619575942043
loss: -439.8556210068226, grad norm: 6698.86181640625, clipped: 1.0
epoch: 135, train_batch_id: 100, avg_cost: 1509.0056932193868
loss: -540.8766129480342, grad norm: 5193.845703125, clipped: 1.0
epoch: 135, train_batch_id: 150, avg_cost: 1461.1143848448346
loss: -298.53591146382104, grad norm: 4811.18701171875, clipped: 1.0
Finished epoch 135, took 00:03:53 s
####Saving model and state...
调用validate
Validating...
Validation overall avg_cost: 1498.78325901766 +- 3.7141418423148997
Evaluating candidate model on evaluation dataset
Epoch 135 candidate mean 1503.5613185357001, baseline epoch 129 mean 1487.3972970561297, difference 16.164021479570465
Start train epoch 136, lr=0.0001 for run train_raw_50_200ep_20260228T162007
Evaluating baseline on dataset...
Training baseline model...
开始train_epoch正式训练，总的 batch 大小: 200
Start training epoch 136...
epoch: 136, train_batch_id: 0, avg_cost: 1549.7026916367183
loss: -126.2253601770066, grad norm: 5570.203125, clipped: 1.0
epoch: 136, train_batch_id: 50, avg_cost: 1592.8253599356701
loss: -246.2294680110643, grad norm: 4659.78125, clipped: 1.0
epoch: 136, train_batch_id: 100, avg_cost: 1445.6912928218421
loss: -234.58121079434636, grad norm: 4639.63427734375, clipped: 1.0
epoch: 136, train_batch_id: 150, avg_cost: 1552.1925970068778
loss: -258.28592306815074, grad norm: 4810.37060546875, clipped: 1.0
Finished epoch 136, took 00:03:50 s
####Saving model and state...
调用validate
Validating...
Validation overall avg_cost: 1495.3065227658496 +- 3.685438834949184
Evaluating candidate model on evaluation dataset
Epoch 136 candidate mean 1499.1040990155109, baseline epoch 129 mean 1487.3972970561297, difference 11.70680195938121
Start train epoch 137, lr=0.0001 for run train_raw_50_200ep_20260228T162007
Evaluating baseline on dataset...
Training baseline model...
开始train_epoch正式训练，总的 batch 大小: 200
Start training epoch 137...
epoch: 137, train_batch_id: 0, avg_cost: 1309.1715375385313
loss: -306.63485709732277, grad norm: 5171.3828125, clipped: 1.0
epoch: 137, train_batch_id: 50, avg_cost: 1493.5805784369277
loss: -135.53471719100972, grad norm: 4070.18798828125, clipped: 1.0
epoch: 137, train_batch_id: 100, avg_cost: 1415.4832979112862
loss: -92.05220840734322, grad norm: 3400.95166015625, clipped: 1.0
epoch: 137, train_batch_id: 150, avg_cost: 1295.9116281597649
loss: -184.2939680272915, grad norm: 3746.20751953125, clipped: 1.0
Finished epoch 137, took 00:03:59 s
####Saving model and state...
调用validate
Validating...
Validation overall avg_cost: 1490.5373938721514 +- 3.656978417542837
Evaluating candidate model on evaluation dataset
Epoch 137 candidate mean 1493.3025029615517, baseline epoch 129 mean 1487.3972970561297, difference 5.905205905422008
Start train epoch 138, lr=0.0001 for run train_raw_50_200ep_20260228T162007
Evaluating baseline on dataset...
Training baseline model...
开始train_epoch正式训练，总的 batch 大小: 200
Start training epoch 138...
epoch: 138, train_batch_id: 0, avg_cost: 1512.4791079572144
loss: -386.96120813582377, grad norm: 3800.642333984375, clipped: 1.0
epoch: 138, train_batch_id: 50, avg_cost: 1372.9158196977507
loss: -97.86143598983975, grad norm: 4225.3720703125, clipped: 1.0
epoch: 138, train_batch_id: 100, avg_cost: 1381.3207323330835
loss: -116.90721561379829, grad norm: 3415.003662109375, clipped: 1.0
epoch: 138, train_batch_id: 150, avg_cost: 1333.6588086854276
loss: -176.11907789813253, grad norm: 3798.71630859375, clipped: 1.0
Finished epoch 138, took 00:03:56 s
####Saving model and state...
调用validate
Validating...
Validation overall avg_cost: 1496.6841691030816 +- 3.716216657704958
Evaluating candidate model on evaluation dataset
Epoch 138 candidate mean 1497.1306916208925, baseline epoch 129 mean 1487.3972970561297, difference 9.733394564762875
Start train epoch 139, lr=0.0001 for run train_raw_50_200ep_20260228T162007
Evaluating baseline on dataset...
Training baseline model...
开始train_epoch正式训练，总的 batch 大小: 200
Start training epoch 139...
epoch: 139, train_batch_id: 0, avg_cost: 1277.451658684326
loss: -321.5540304403267, grad norm: 6468.11083984375, clipped: 1.0
epoch: 139, train_batch_id: 50, avg_cost: 1538.8419098508941
loss: -275.075631611352, grad norm: 4258.5322265625, clipped: 1.0
epoch: 139, train_batch_id: 100, avg_cost: 1402.7225214347482
loss: -71.44317171782879, grad norm: 9708.70703125, clipped: 1.0
epoch: 139, train_batch_id: 150, avg_cost: 1524.506656660912
loss: -128.2149227217819, grad norm: 3221.750244140625, clipped: 1.0
Finished epoch 139, took 00:03:55 s
####Saving model and state...
调用validate
Validating...
Validation overall avg_cost: 1488.142841225839 +- 3.780750266054361
Evaluating candidate model on evaluation dataset
Epoch 139 candidate mean 1491.810404582052, baseline epoch 129 mean 1487.3972970561297, difference 4.413107525922214
Start train epoch 140, lr=0.0001 for run train_raw_50_200ep_20260228T162007
Evaluating baseline on dataset...
Training baseline model...
开始train_epoch正式训练，总的 batch 大小: 200
Start training epoch 140...
epoch: 140, train_batch_id: 0, avg_cost: 1382.3139108082123
loss: -31.958914974181695, grad norm: 6431.43310546875, clipped: 1.0
epoch: 140, train_batch_id: 50, avg_cost: 1698.9867362254065
loss: -157.11446583345884, grad norm: 3670.515625, clipped: 1.0
epoch: 140, train_batch_id: 100, avg_cost: 1410.9918542789785
loss: -230.32135735761744, grad norm: 5415.78515625, clipped: 1.0
epoch: 140, train_batch_id: 150, avg_cost: 1561.3316974304585
loss: -38.59095308583373, grad norm: 4424.08251953125, clipped: 1.0
Finished epoch 140, took 00:03:49 s
####Saving model and state...
调用validate
Validating...
Validation overall avg_cost: 1472.359401031628 +- 3.6189937815565534
Evaluating candidate model on evaluation dataset
Epoch 140 candidate mean 1475.5100026010502, baseline epoch 129 mean 1487.3972970561297, difference -11.887294455079427
p-value: 1.6162163069703688e-10
Update baseline
Evaluating baseline model on evaluation dataset

Start train epoch 141, lr=0.0001 for run train_raw_50_200ep_20260228T162007
Evaluating baseline on dataset...
Training baseline model...
开始train_epoch正式训练，总的 batch 大小: 200
Start training epoch 141...
epoch: 141, train_batch_id: 0, avg_cost: 1209.7995626866164
loss: -205.2883776560621, grad norm: 2881.198974609375, clipped: 1.0
epoch: 141, train_batch_id: 50, avg_cost: 1542.0898404437353
loss: -179.75278377843506, grad norm: 3747.566162109375, clipped: 1.0
epoch: 141, train_batch_id: 100, avg_cost: 1495.1010419171705
loss: 31.404560580551788, grad norm: 4040.494873046875, clipped: 1.0
epoch: 141, train_batch_id: 150, avg_cost: 1356.4195391718813
loss: -187.80663796093464, grad norm: 3229.907470703125, clipped: 1.0
Finished epoch 141, took 00:03:50 s
####Saving model and state...
调用validate
Validating...
Validation overall avg_cost: 1473.467525324847 +- 3.5937226302937724
Evaluating candidate model on evaluation dataset
Epoch 141 candidate mean 1474.7690936557333, baseline epoch 140 mean 1470.8273628196705, difference 3.9417308360627885
Start train epoch 142, lr=0.0001 for run train_raw_50_200ep_20260228T162007
Evaluating baseline on dataset...
Training baseline model...
开始train_epoch正式训练，总的 batch 大小: 200
Start training epoch 142...
epoch: 142, train_batch_id: 0, avg_cost: 1542.97157268019
loss: -290.50052584568647, grad norm: 3280.55322265625, clipped: 1.0
epoch: 142, train_batch_id: 50, avg_cost: 1400.3726718714242
loss: -261.5977902417471, grad norm: 4096.1318359375, clipped: 1.0
epoch: 142, train_batch_id: 100, avg_cost: 1471.1329816886118
loss: -267.9095659492354, grad norm: 5732.9541015625, clipped: 1.0
epoch: 142, train_batch_id: 150, avg_cost: 1523.088557322516
loss: -219.4219440269993, grad norm: 4953.30029296875, clipped: 1.0
Finished epoch 142, took 00:03:50 s
####Saving model and state...
调用validate
Validating...
Validation overall avg_cost: 1478.5777704219427 +- 3.632689794751211
Evaluating candidate model on evaluation dataset
Epoch 142 candidate mean 1478.5724294657805, baseline epoch 140 mean 1470.8273628196705, difference 7.74506664610999
Start train epoch 143, lr=0.0001 for run train_raw_50_200ep_20260228T162007
Evaluating baseline on dataset...
Training baseline model...
开始train_epoch正式训练，总的 batch 大小: 200
Start training epoch 143...
epoch: 143, train_batch_id: 0, avg_cost: 1574.0638776311794
loss: -179.2673876652912, grad norm: 3229.019775390625, clipped: 1.0
epoch: 143, train_batch_id: 50, avg_cost: 1710.7029639073016
loss: -321.1991417325512, grad norm: 4708.25146484375, clipped: 1.0
epoch: 143, train_batch_id: 100, avg_cost: 1362.17189666518
loss: -276.99426969639785, grad norm: 3714.506103515625, clipped: 1.0
epoch: 143, train_batch_id: 150, avg_cost: 1657.0228140553331
loss: -359.4198816154445, grad norm: 4238.1630859375, clipped: 1.0
Finished epoch 143, took 00:03:50 s
####Saving model and state...
调用validate
Validating...
Validation overall avg_cost: 1498.6985154103836 +- 3.783099401576057
Evaluating candidate model on evaluation dataset
Epoch 143 candidate mean 1498.9473464161256, baseline epoch 140 mean 1470.8273628196705, difference 28.119983596455086
Start train epoch 144, lr=0.0001 for run train_raw_50_200ep_20260228T162007
Evaluating baseline on dataset...
Training baseline model...
开始train_epoch正式训练，总的 batch 大小: 200
Start training epoch 144...
epoch: 144, train_batch_id: 0, avg_cost: 1574.283726453386
loss: -306.8762178353083, grad norm: 4100.66650390625, clipped: 1.0
epoch: 144, train_batch_id: 50, avg_cost: 1579.9469155523384
loss: -297.0290016219335, grad norm: 4636.99267578125, clipped: 1.0
epoch: 144, train_batch_id: 100, avg_cost: 1479.919140827036
loss: -382.48361666135474, grad norm: 4639.19873046875, clipped: 1.0
epoch: 144, train_batch_id: 150, avg_cost: 1517.9891728296698
loss: -340.3447184645813, grad norm: 7040.52392578125, clipped: 1.0
Finished epoch 144, took 00:03:51 s
####Saving model and state...
调用validate
Validating...
Validation overall avg_cost: 1487.1349268283202 +- 3.618514468502887
Evaluating candidate model on evaluation dataset
Epoch 144 candidate mean 1487.518871958056, baseline epoch 140 mean 1470.8273628196705, difference 16.691509138385527
Start train epoch 145, lr=0.0001 for run train_raw_50_200ep_20260228T162007
Evaluating baseline on dataset...
Training baseline model...
开始train_epoch正式训练，总的 batch 大小: 200
Start training epoch 145...
epoch: 145, train_batch_id: 0, avg_cost: 1496.467080829948
loss: -283.66903281318605, grad norm: 4729.21044921875, clipped: 1.0
epoch: 145, train_batch_id: 50, avg_cost: 1440.3929651804478
loss: -156.0436632147944, grad norm: 4490.287109375, clipped: 1.0
epoch: 145, train_batch_id: 100, avg_cost: 1426.183847153522
loss: -6.215675301898642, grad norm: 4641.13818359375, clipped: 1.0
epoch: 145, train_batch_id: 150, avg_cost: 1542.2375134546564
loss: -193.98899633816444, grad norm: 3995.7060546875, clipped: 1.0
Finished epoch 145, took 00:03:49 s
####Saving model and state...
调用validate
Validating...
Validation overall avg_cost: 1479.1304636391742 +- 3.664171740561877
Evaluating candidate model on evaluation dataset
Epoch 145 candidate mean 1477.5734929916903, baseline epoch 140 mean 1470.8273628196705, difference 6.746130172019775
Start train epoch 146, lr=0.0001 for run train_raw_50_200ep_20260228T162007
Evaluating baseline on dataset...
Training baseline model...
开始train_epoch正式训练，总的 batch 大小: 200
Start training epoch 146...
epoch: 146, train_batch_id: 0, avg_cost: 1634.8828039375592
loss: -258.6795548266669, grad norm: 3511.625732421875, clipped: 1.0
epoch: 146, train_batch_id: 50, avg_cost: 1460.5348160303733
loss: -150.05411450347555, grad norm: 2690.12744140625, clipped: 1.0
epoch: 146, train_batch_id: 100, avg_cost: 1528.703270813168
loss: -174.08361559349987, grad norm: 3414.950927734375, clipped: 1.0
epoch: 146, train_batch_id: 150, avg_cost: 1519.2856994090212
loss: -136.31048195354913, grad norm: 4062.6708984375, clipped: 1.0
Finished epoch 146, took 00:03:51 s
####Saving model and state...
调用validate
Validating...
Validation overall avg_cost: 1477.6568072018315 +- 3.637233862956607
Evaluating candidate model on evaluation dataset
Epoch 146 candidate mean 1478.4463121827025, baseline epoch 140 mean 1470.8273628196705, difference 7.618949363032016
Start train epoch 147, lr=0.0001 for run train_raw_50_200ep_20260228T162007
Evaluating baseline on dataset...
Training baseline model...
开始train_epoch正式训练，总的 batch 大小: 200
Start training epoch 147...
epoch: 147, train_batch_id: 0, avg_cost: 1358.0625331396875
loss: -194.34023667918404, grad norm: 4074.13134765625, clipped: 1.0
epoch: 147, train_batch_id: 50, avg_cost: 1444.240836688342
loss: -181.76049777144289, grad norm: 3284.98486328125, clipped: 1.0
epoch: 147, train_batch_id: 100, avg_cost: 1298.518751896939
loss: -134.83285583329206, grad norm: 4243.62841796875, clipped: 1.0
epoch: 147, train_batch_id: 150, avg_cost: 1598.142668642608
loss: -246.7911995708257, grad norm: 3880.71875, clipped: 1.0
Finished epoch 147, took 00:03:48 s
####Saving model and state...
调用validate
Validating...
Validation overall avg_cost: 1472.374957713898 +- 3.6188309180044955
Evaluating candidate model on evaluation dataset
Epoch 147 candidate mean 1470.5745384149136, baseline epoch 140 mean 1470.8273628196705, difference -0.2528244047568933
p-value: 0.4450982429598046
Start train epoch 148, lr=0.0001 for run train_raw_50_200ep_20260228T162007
Evaluating baseline on dataset...
Training baseline model...
开始train_epoch正式训练，总的 batch 大小: 200
Start training epoch 148...
epoch: 148, train_batch_id: 0, avg_cost: 1509.869953726792
loss: -53.39224951093564, grad norm: 3359.7333984375, clipped: 1.0
epoch: 148, train_batch_id: 50, avg_cost: 1522.9119200195614
loss: -273.81202809485546, grad norm: 5308.84033203125, clipped: 1.0
epoch: 148, train_batch_id: 100, avg_cost: 1399.7627997367108
loss: -321.73181760973284, grad norm: 5315.375, clipped: 1.0
epoch: 148, train_batch_id: 150, avg_cost: 1541.172957692851
loss: -147.9570317204163, grad norm: 4396.00537109375, clipped: 1.0
Finished epoch 148, took 00:03:50 s
####Saving model and state...
调用validate
Validating...
Validation overall avg_cost: 1476.1483236964211 +- 3.6878924525149497
Evaluating candidate model on evaluation dataset
Epoch 148 candidate mean 1473.6013321520807, baseline epoch 140 mean 1470.8273628196705, difference 2.773969332410161
Start train epoch 149, lr=0.0001 for run train_raw_50_200ep_20260228T162007
Evaluating baseline on dataset...
Training baseline model...
开始train_epoch正式训练，总的 batch 大小: 200
Start training epoch 149...
epoch: 149, train_batch_id: 0, avg_cost: 1429.8922401653367
loss: -146.2168355662328, grad norm: 3570.9931640625, clipped: 1.0
epoch: 149, train_batch_id: 50, avg_cost: 1572.2378795464379
loss: -110.7743807041815, grad norm: 3272.3271484375, clipped: 1.0
epoch: 149, train_batch_id: 100, avg_cost: 1435.8927549789585
loss: -175.60629332599478, grad norm: 3173.95458984375, clipped: 1.0
epoch: 149, train_batch_id: 150, avg_cost: 1466.8594340807567
loss: -87.10303734471907, grad norm: 3486.78466796875, clipped: 1.0
Finished epoch 149, took 00:03:54 s
####Saving model and state...
调用validate
Validating...
Validation overall avg_cost: 1469.1917338715916 +- 3.555214919210629
Evaluating candidate model on evaluation dataset
Epoch 149 candidate mean 1469.0169065589607, baseline epoch 140 mean 1470.8273628196705, difference -1.8104562607097705
p-value: 0.16647162501479343
Start train epoch 150, lr=0.0001 for run train_raw_50_200ep_20260228T162007
Evaluating baseline on dataset...
Training baseline model...
开始train_epoch正式训练，总的 batch 大小: 200
Start training epoch 150...
epoch: 150, train_batch_id: 0, avg_cost: 1341.685535220444
loss: -214.45209037982065, grad norm: 4132.70751953125, clipped: 1.0
epoch: 150, train_batch_id: 50, avg_cost: 1303.0592732488308
loss: -188.48020791666727, grad norm: 4876.77783203125, clipped: 1.0
epoch: 150, train_batch_id: 100, avg_cost: 1609.4185710725499
loss: -390.2805134251269, grad norm: 4748.7431640625, clipped: 1.0
epoch: 150, train_batch_id: 150, avg_cost: 1457.9425172906579
loss: -359.8025296158758, grad norm: 4092.035400390625, clipped: 1.0
Finished epoch 150, took 00:03:50 s
####Saving model and state...
调用validate
Validating...
Validation overall avg_cost: 1463.7401795490853 +- 3.542444302179488
Evaluating candidate model on evaluation dataset
Epoch 150 candidate mean 1463.5865298256551, baseline epoch 140 mean 1470.8273628196705, difference -7.2408329940153635
p-value: 3.338697496866405e-05
Update baseline
Evaluating baseline model on evaluation dataset

Start train epoch 151, lr=0.0001 for run train_raw_50_200ep_20260228T162007
Evaluating baseline on dataset...
Training baseline model...
开始train_epoch正式训练，总的 batch 大小: 200
Start training epoch 151...
epoch: 151, train_batch_id: 0, avg_cost: 1449.9096945954689
loss: -60.5918289726072, grad norm: 2960.6650390625, clipped: 1.0
epoch: 151, train_batch_id: 50, avg_cost: 1615.9027270411693
loss: -230.32209529819244, grad norm: 3518.90234375, clipped: 1.0
epoch: 151, train_batch_id: 100, avg_cost: 1421.3168854702476
loss: -255.46613149627476, grad norm: 2530.830810546875, clipped: 1.0
epoch: 151, train_batch_id: 150, avg_cost: 1284.2176930858457
loss: -367.3835443222276, grad norm: 5789.85302734375, clipped: 1.0
Finished epoch 151, took 00:03:50 s
####Saving model and state...
调用validate
Validating...
Validation overall avg_cost: 1465.992203205076 +- 3.6399248996900684
Evaluating candidate model on evaluation dataset
Epoch 151 candidate mean 1469.6965791668133, baseline epoch 150 mean 1464.1280360095966, difference 5.568543157216709
Start train epoch 152, lr=0.0001 for run train_raw_50_200ep_20260228T162007
Evaluating baseline on dataset...
Training baseline model...
开始train_epoch正式训练，总的 batch 大小: 200
Start training epoch 152...
epoch: 152, train_batch_id: 0, avg_cost: 1439.608213314185
loss: -118.08372266470613, grad norm: 3679.250244140625, clipped: 1.0
epoch: 152, train_batch_id: 50, avg_cost: 1440.2624230007073
loss: -225.7613531764603, grad norm: 3821.06298828125, clipped: 1.0
epoch: 152, train_batch_id: 100, avg_cost: 1518.751237548071
loss: -442.6229305114667, grad norm: 5151.52685546875, clipped: 1.0
epoch: 152, train_batch_id: 150, avg_cost: 1589.437365611238
loss: -263.91588560245054, grad norm: 3975.317138671875, clipped: 1.0
Finished epoch 152, took 00:03:47 s
####Saving model and state...
调用validate
Validating...
Validation overall avg_cost: 1506.8117483836509 +- 3.847256231519722
Evaluating candidate model on evaluation dataset
Epoch 152 candidate mean 1510.5060063536125, baseline epoch 150 mean 1464.1280360095966, difference 46.37797034401592
Start train epoch 153, lr=0.0001 for run train_raw_50_200ep_20260228T162007
Evaluating baseline on dataset...
Training baseline model...
开始train_epoch正式训练，总的 batch 大小: 200
Start training epoch 153...
epoch: 153, train_batch_id: 0, avg_cost: 1209.477082864546
loss: -365.64861304440046, grad norm: 4125.09716796875, clipped: 1.0
epoch: 153, train_batch_id: 50, avg_cost: 1467.9362109996923
loss: -337.8718791894313, grad norm: 4520.10107421875, clipped: 1.0
epoch: 153, train_batch_id: 100, avg_cost: 1316.8239529168534
loss: -575.710958866845, grad norm: 5070.36669921875, clipped: 1.0
epoch: 153, train_batch_id: 150, avg_cost: 1592.7746890296803
loss: -345.99960830306054, grad norm: 4151.47509765625, clipped: 1.0
Finished epoch 153, took 00:03:50 s
####Saving model and state...
调用validate
Validating...
Validation overall avg_cost: 1465.25611509977 +- 3.582582533895306
Evaluating candidate model on evaluation dataset
Epoch 153 candidate mean 1466.729355776938, baseline epoch 150 mean 1464.1280360095966, difference 2.601319767341465
Start train epoch 154, lr=0.0001 for run train_raw_50_200ep_20260228T162007
Evaluating baseline on dataset...
Training baseline model...
开始train_epoch正式训练，总的 batch 大小: 200
Start training epoch 154...
epoch: 154, train_batch_id: 0, avg_cost: 1428.2110229909001
loss: -217.04679192079135, grad norm: 4195.525390625, clipped: 1.0
epoch: 154, train_batch_id: 50, avg_cost: 1458.7599363676056
loss: -58.407619827563934, grad norm: 2670.82080078125, clipped: 1.0
epoch: 154, train_batch_id: 100, avg_cost: 1578.3956346387392
loss: -81.97525693900684, grad norm: 3534.269287109375, clipped: 1.0
epoch: 154, train_batch_id: 150, avg_cost: 1599.6977799590018
loss: -128.47320329992493, grad norm: 3893.013916015625, clipped: 1.0
Finished epoch 154, took 00:03:47 s
####Saving model and state...
调用validate
Validating...
Validation overall avg_cost: 1461.9114843612929 +- 3.537282539953858
Evaluating candidate model on evaluation dataset
Epoch 154 candidate mean 1465.6453943064419, baseline epoch 150 mean 1464.1280360095966, difference 1.5173582968452592
Start train epoch 155, lr=0.0001 for run train_raw_50_200ep_20260228T162007
Evaluating baseline on dataset...
Training baseline model...
开始train_epoch正式训练，总的 batch 大小: 200
Start training epoch 155...
epoch: 155, train_batch_id: 0, avg_cost: 1412.7966294233097
loss: -67.98961127238329, grad norm: 3792.744140625, clipped: 1.0
epoch: 155, train_batch_id: 50, avg_cost: 1457.211388848149
loss: -217.2314273888187, grad norm: 3784.979736328125, clipped: 1.0
epoch: 155, train_batch_id: 100, avg_cost: 1464.7838171643925
loss: -397.1644749731371, grad norm: 3988.841064453125, clipped: 1.0
epoch: 155, train_batch_id: 150, avg_cost: 1484.6091173478105
loss: 26.18238864553578, grad norm: 3043.95556640625, clipped: 1.0
Finished epoch 155, took 00:03:48 s
####Saving model and state...
调用validate
Validating...
Validation overall avg_cost: 1475.0653714549815 +- 3.632277234047983
Evaluating candidate model on evaluation dataset
Epoch 155 candidate mean 1470.5421708656656, baseline epoch 150 mean 1464.1280360095966, difference 6.41413485606904
Start train epoch 156, lr=0.0001 for run train_raw_50_200ep_20260228T162007
Evaluating baseline on dataset...
Training baseline model...
开始train_epoch正式训练，总的 batch 大小: 200
Start training epoch 156...
epoch: 156, train_batch_id: 0, avg_cost: 1489.1174167180397
loss: -155.10345560990515, grad norm: 4193.00439453125, clipped: 1.0
epoch: 156, train_batch_id: 50, avg_cost: 1484.2236142370443
loss: -37.395435766163715, grad norm: 2727.073974609375, clipped: 1.0
epoch: 156, train_batch_id: 100, avg_cost: 1386.2354882382106
loss: -219.25379632885665, grad norm: 4547.91357421875, clipped: 1.0
epoch: 156, train_batch_id: 150, avg_cost: 1498.3863031679234
loss: -264.1334025105525, grad norm: 4142.50732421875, clipped: 1.0
Finished epoch 156, took 00:03:50 s
####Saving model and state...
调用validate
Validating...
Validation overall avg_cost: 1469.639416712512 +- 3.48594509903283
Evaluating candidate model on evaluation dataset
Epoch 156 candidate mean 1470.4959660402174, baseline epoch 150 mean 1464.1280360095966, difference 6.367930030620755
Start train epoch 157, lr=0.0001 for run train_raw_50_200ep_20260228T162007
Evaluating baseline on dataset...
Training baseline model...
开始train_epoch正式训练，总的 batch 大小: 200
Start training epoch 157...
epoch: 157, train_batch_id: 0, avg_cost: 1267.245203421527
loss: -167.10962375032028, grad norm: 3676.78076171875, clipped: 1.0
epoch: 157, train_batch_id: 50, avg_cost: 1483.8169387087678
loss: -50.92891959369673, grad norm: 3322.21240234375, clipped: 1.0
epoch: 157, train_batch_id: 100, avg_cost: 1441.7730270942966
loss: -14.160626743662277, grad norm: 3026.455078125, clipped: 1.0
epoch: 157, train_batch_id: 150, avg_cost: 1485.5799009402972
loss: -29.185893790944284, grad norm: 3225.9736328125, clipped: 1.0
Finished epoch 157, took 00:03:49 s
####Saving model and state...
调用validate
Validating...
Validation overall avg_cost: 1451.9555606103847 +- 3.47690589969723
Evaluating candidate model on evaluation dataset
Epoch 157 candidate mean 1452.6485877244415, baseline epoch 150 mean 1464.1280360095966, difference -11.479448285155058
p-value: 2.0262285091460143e-11
Update baseline
Evaluating baseline model on evaluation dataset

Start train epoch 158, lr=0.0001 for run train_raw_50_200ep_20260228T162007
Evaluating baseline on dataset...
Training baseline model...
开始train_epoch正式训练，总的 batch 大小: 200
Start training epoch 158...
epoch: 158, train_batch_id: 0, avg_cost: 1399.071471446319
loss: -69.93633202329683, grad norm: 1930.3795166015625, clipped: 1.0
epoch: 158, train_batch_id: 50, avg_cost: 1482.0801852847535
loss: -42.13421189108518, grad norm: 2343.35400390625, clipped: 1.0
epoch: 158, train_batch_id: 100, avg_cost: 1374.8639166811563
loss: -199.7796323077196, grad norm: 4517.07763671875, clipped: 1.0
epoch: 158, train_batch_id: 150, avg_cost: 1513.6998606466436
loss: -164.75445597815252, grad norm: 4094.40087890625, clipped: 1.0
Finished epoch 158, took 00:03:49 s
####Saving model and state...
调用validate
Validating...
Validation overall avg_cost: 1458.5530712161908 +- 3.44926269528604
Evaluating candidate model on evaluation dataset
Epoch 158 candidate mean 1452.7760946284993, baseline epoch 157 mean 1449.507731062937, difference 3.2683635655623675
Start train epoch 159, lr=0.0001 for run train_raw_50_200ep_20260228T162007
Evaluating baseline on dataset...
Training baseline model...
开始train_epoch正式训练，总的 batch 大小: 200
Start training epoch 159...
epoch: 159, train_batch_id: 0, avg_cost: 1471.24627453675
loss: -262.98952238824927, grad norm: 3486.600830078125, clipped: 1.0
epoch: 159, train_batch_id: 50, avg_cost: 1368.7016116861707
loss: -125.00532141669707, grad norm: 3546.83203125, clipped: 1.0
epoch: 159, train_batch_id: 100, avg_cost: 1366.4295974416982
loss: -91.25709330745855, grad norm: 2275.172607421875, clipped: 1.0
epoch: 159, train_batch_id: 150, avg_cost: 1514.4117999331575
loss: -61.333921568956505, grad norm: 3851.231201171875, clipped: 1.0
Finished epoch 159, took 00:03:53 s
####Saving model and state...
调用validate
Validating...
Validation overall avg_cost: 1459.6711749912372 +- 3.590212986329099
Evaluating candidate model on evaluation dataset
Epoch 159 candidate mean 1458.3135210064925, baseline epoch 157 mean 1449.507731062937, difference 8.80578994355551
Start train epoch 160, lr=0.0001 for run train_raw_50_200ep_20260228T162007
Evaluating baseline on dataset...
Training baseline model...
开始train_epoch正式训练，总的 batch 大小: 200
Start training epoch 160...
epoch: 160, train_batch_id: 0, avg_cost: 1494.2333960057454
loss: -189.11769835959095, grad norm: 4064.053955078125, clipped: 1.0
epoch: 160, train_batch_id: 50, avg_cost: 1323.0620096395858
loss: 8.527285090013407, grad norm: 2893.905029296875, clipped: 1.0
epoch: 160, train_batch_id: 100, avg_cost: 1337.8503598033435
loss: -243.64923991688664, grad norm: 3445.4404296875, clipped: 1.0
epoch: 160, train_batch_id: 150, avg_cost: 1548.585134924427
loss: -141.51610153837038, grad norm: 2811.0830078125, clipped: 1.0
Finished epoch 160, took 00:03:50 s
####Saving model and state...
调用validate
Validating...
Validation overall avg_cost: 1463.2823052151534 +- 3.5165039273758945
Evaluating candidate model on evaluation dataset
Epoch 160 candidate mean 1460.9641740271677, baseline epoch 157 mean 1449.507731062937, difference 11.456442964230746
Start train epoch 161, lr=0.0001 for run train_raw_50_200ep_20260228T162007
Evaluating baseline on dataset...
Training baseline model...
开始train_epoch正式训练，总的 batch 大小: 200
Start training epoch 161...
epoch: 161, train_batch_id: 0, avg_cost: 1492.4155551305698
loss: -388.3947361823546, grad norm: 4330.48291015625, clipped: 1.0
epoch: 161, train_batch_id: 50, avg_cost: 1407.1285414235608
loss: -68.57131213430067, grad norm: 2797.01904296875, clipped: 1.0
epoch: 161, train_batch_id: 100, avg_cost: 1599.706366570249
loss: -123.17506308402147, grad norm: 2929.17822265625, clipped: 1.0
epoch: 161, train_batch_id: 150, avg_cost: 1401.6553643153834
loss: -204.81358166083828, grad norm: 3229.8115234375, clipped: 1.0
Finished epoch 161, took 00:03:50 s
####Saving model and state...
调用validate
Validating...
Validation overall avg_cost: 1467.1380155501624 +- 3.6696789131193044
Evaluating candidate model on evaluation dataset
Epoch 161 candidate mean 1467.7366143892384, baseline epoch 157 mean 1449.507731062937, difference 18.228883326301457
Start train epoch 162, lr=0.0001 for run train_raw_50_200ep_20260228T162007
Evaluating baseline on dataset...
Training baseline model...
开始train_epoch正式训练，总的 batch 大小: 200
Start training epoch 162...
epoch: 162, train_batch_id: 0, avg_cost: 1446.1607273976824
loss: -128.64998724310055, grad norm: 2854.855224609375, clipped: 1.0
epoch: 162, train_batch_id: 50, avg_cost: 1538.750868317799
loss: -175.3052285115695, grad norm: 3282.972900390625, clipped: 1.0
epoch: 162, train_batch_id: 100, avg_cost: 1452.8515373507125
loss: -334.1832142407568, grad norm: 3142.560791015625, clipped: 1.0
epoch: 162, train_batch_id: 150, avg_cost: 1315.681852189497
loss: -501.8913257560688, grad norm: 7025.3974609375, clipped: 1.0
Finished epoch 162, took 00:03:47 s
####Saving model and state...
调用validate
Validating...
Validation overall avg_cost: 1478.995344112902 +- 3.6266777380709216
Evaluating candidate model on evaluation dataset
Epoch 162 candidate mean 1476.7719308803034, baseline epoch 157 mean 1449.507731062937, difference 27.26419981736649
Start train epoch 163, lr=0.0001 for run train_raw_50_200ep_20260228T162007
Evaluating baseline on dataset...
Training baseline model...
开始train_epoch正式训练，总的 batch 大小: 200
Start training epoch 163...
epoch: 163, train_batch_id: 0, avg_cost: 1336.6009803414222
loss: -318.1484432649663, grad norm: 4765.25, clipped: 1.0
epoch: 163, train_batch_id: 50, avg_cost: 1543.2309128874026
loss: -137.1057058031214, grad norm: 2939.4345703125, clipped: 1.0
epoch: 163, train_batch_id: 100, avg_cost: 1267.2284391825717
loss: -193.96659072405262, grad norm: 3196.657470703125, clipped: 1.0
epoch: 163, train_batch_id: 150, avg_cost: 1609.3550946013352
loss: -102.59438903478937, grad norm: 3591.341064453125, clipped: 1.0
Finished epoch 163, took 00:03:50 s
####Saving model and state...
调用validate
Validating...
Validation overall avg_cost: 1447.3396955929597 +- 3.520466281159916
Evaluating candidate model on evaluation dataset
Epoch 163 candidate mean 1445.1254706063605, baseline epoch 157 mean 1449.507731062937, difference -4.382260456576432
p-value: 0.004638355578643181
Update baseline
Evaluating baseline model on evaluation dataset

Start train epoch 164, lr=0.0001 for run train_raw_50_200ep_20260228T162007
Evaluating baseline on dataset...
Training baseline model...
开始train_epoch正式训练，总的 batch 大小: 200
Start training epoch 164...
epoch: 164, train_batch_id: 0, avg_cost: 1364.6990466475856
loss: -38.1570954851328, grad norm: 2339.459716796875, clipped: 1.0
epoch: 164, train_batch_id: 50, avg_cost: 1530.5501364200097
loss: -89.69239783495176, grad norm: 2656.7607421875, clipped: 1.0
epoch: 164, train_batch_id: 100, avg_cost: 1402.2599591057422
loss: -50.05476775311541, grad norm: 3787.540771484375, clipped: 1.0
epoch: 164, train_batch_id: 150, avg_cost: 1405.9903315256315
loss: -222.02218267569071, grad norm: 3770.656982421875, clipped: 1.0
Finished epoch 164, took 00:03:49 s
####Saving model and state...
调用validate
Validating...
Validation overall avg_cost: 1461.9558128196047 +- 3.6722634887282144
Evaluating candidate model on evaluation dataset
Epoch 164 candidate mean 1470.9131439484643, baseline epoch 163 mean 1456.003079314774, difference 14.910064633690354
Start train epoch 165, lr=0.0001 for run train_raw_50_200ep_20260228T162007
Evaluating baseline on dataset...
Training baseline model...
开始train_epoch正式训练，总的 batch 大小: 200
Start training epoch 165...
epoch: 165, train_batch_id: 0, avg_cost: 1550.4064994876016
loss: -153.78338648772336, grad norm: 3092.858154296875, clipped: 1.0
epoch: 165, train_batch_id: 50, avg_cost: 1314.9411635275133
loss: -314.2268416201224, grad norm: 3604.856201171875, clipped: 1.0
epoch: 165, train_batch_id: 100, avg_cost: 1547.7313857227225
loss: -192.30360041325642, grad norm: 2735.199462890625, clipped: 1.0
epoch: 165, train_batch_id: 150, avg_cost: 1577.188109204605
loss: -313.06586438635, grad norm: 4896.37890625, clipped: 1.0
Finished epoch 165, took 00:03:46 s
####Saving model and state...
调用validate
Validating...
Validation overall avg_cost: 1461.9449459265563 +- 3.5556410801527902
Evaluating candidate model on evaluation dataset
Epoch 165 candidate mean 1467.9741802975586, baseline epoch 163 mean 1456.003079314774, difference 11.97110098278472
Start train epoch 166, lr=0.0001 for run train_raw_50_200ep_20260228T162007
Evaluating baseline on dataset...
Training baseline model...
开始train_epoch正式训练，总的 batch 大小: 200
Start training epoch 166...
epoch: 166, train_batch_id: 0, avg_cost: 1338.9295487880431
loss: -61.645458630925454, grad norm: 3844.040283203125, clipped: 1.0
epoch: 166, train_batch_id: 50, avg_cost: 1393.4507188854227
loss: -99.80711178655908, grad norm: 2449.77099609375, clipped: 1.0
epoch: 166, train_batch_id: 100, avg_cost: 1366.1452459911343
loss: -108.73525478422141, grad norm: 3556.25390625, clipped: 1.0
epoch: 166, train_batch_id: 150, avg_cost: 1495.4082385655497
loss: -83.83798851128437, grad norm: 3912.013427734375, clipped: 1.0
Finished epoch 166, took 00:03:43 s
####Saving model and state...
调用validate
Validating...
Validation overall avg_cost: 1472.271975464024 +- 3.655488698727994
Evaluating candidate model on evaluation dataset
Epoch 166 candidate mean 1479.9514086853046, baseline epoch 163 mean 1456.003079314774, difference 23.9483293705307
Start train epoch 167, lr=0.0001 for run train_raw_50_200ep_20260228T162007
Evaluating baseline on dataset...
Training baseline model...
开始train_epoch正式训练，总的 batch 大小: 200
Start training epoch 167...
epoch: 167, train_batch_id: 0, avg_cost: 1344.925349524349
loss: -263.69125386507784, grad norm: 3232.054443359375, clipped: 1.0
epoch: 167, train_batch_id: 50, avg_cost: 1471.9051031689687
loss: -195.28130077945343, grad norm: 3243.814697265625, clipped: 1.0
epoch: 167, train_batch_id: 100, avg_cost: 1632.9406858978064
loss: -256.5215133862763, grad norm: 3755.365234375, clipped: 1.0
epoch: 167, train_batch_id: 150, avg_cost: 1601.550940471182
loss: -156.86782583117238, grad norm: 2929.5126953125, clipped: 1.0
Finished epoch 167, took 00:03:45 s
####Saving model and state...
调用validate
Validating...
Validation overall avg_cost: 1463.0777665559324 +- 3.589810897091189
Evaluating candidate model on evaluation dataset
Epoch 167 candidate mean 1469.6511316015437, baseline epoch 163 mean 1456.003079314774, difference 13.648052286769826
Start train epoch 168, lr=0.0001 for run train_raw_50_200ep_20260228T162007
Evaluating baseline on dataset...
Training baseline model...
开始train_epoch正式训练，总的 batch 大小: 200
Start training epoch 168...
epoch: 168, train_batch_id: 0, avg_cost: 1295.577894406571
loss: -351.7539732529136, grad norm: 5002.65185546875, clipped: 1.0
epoch: 168, train_batch_id: 50, avg_cost: 1562.7913011268051
loss: -1159.4953511537706, grad norm: 5491.171875, clipped: 1.0
epoch: 168, train_batch_id: 100, avg_cost: 1443.318983847665
loss: -134.7431823534112, grad norm: 3009.5537109375, clipped: 1.0
epoch: 168, train_batch_id: 150, avg_cost: 1521.3537733881267
loss: -120.20628446591233, grad norm: 2547.934814453125, clipped: 1.0
Finished epoch 168, took 00:03:48 s
####Saving model and state...
调用validate
Validating...
Validation overall avg_cost: 1445.7136666587546 +- 3.465496174015887
Evaluating candidate model on evaluation dataset
Epoch 168 candidate mean 1456.0966112553458, baseline epoch 163 mean 1456.003079314774, difference 0.09353194057189285
Start train epoch 169, lr=0.0001 for run train_raw_50_200ep_20260228T162007
Evaluating baseline on dataset...
Training baseline model...
开始train_epoch正式训练，总的 batch 大小: 200
Start training epoch 169...
epoch: 169, train_batch_id: 0, avg_cost: 1443.4810388759734
loss: -171.8144252145219, grad norm: 3055.533447265625, clipped: 1.0
epoch: 169, train_batch_id: 50, avg_cost: 1635.2587206038236
loss: -233.0181329503262, grad norm: 2706.4345703125, clipped: 1.0
epoch: 169, train_batch_id: 100, avg_cost: 1547.2097169798785
loss: -129.52274737585384, grad norm: 3485.36279296875, clipped: 1.0
epoch: 169, train_batch_id: 150, avg_cost: 1519.349469989259
loss: -112.72490814694277, grad norm: 2813.43408203125, clipped: 1.0
Finished epoch 169, took 00:03:47 s
####Saving model and state...
调用validate
Validating...
Validation overall avg_cost: 1444.0138912249197 +- 3.5118863638569304
Evaluating candidate model on evaluation dataset
Epoch 169 candidate mean 1455.5628542749578, baseline epoch 163 mean 1456.003079314774, difference -0.44022503981614136
p-value: 0.4003240723613573
Start train epoch 170, lr=0.0001 for run train_raw_50_200ep_20260228T162007
Evaluating baseline on dataset...
Training baseline model...
开始train_epoch正式训练，总的 batch 大小: 200
Start training epoch 170...
epoch: 170, train_batch_id: 0, avg_cost: 1507.3989620217244
loss: -63.392897871387206, grad norm: 2465.756103515625, clipped: 1.0
epoch: 170, train_batch_id: 50, avg_cost: 1475.845927618075
loss: -153.51185451905076, grad norm: 3447.087158203125, clipped: 1.0
epoch: 170, train_batch_id: 100, avg_cost: 1257.6554021072266
loss: -264.94445897694754, grad norm: 2717.792724609375, clipped: 1.0
epoch: 170, train_batch_id: 150, avg_cost: 1286.1888562426093
loss: -397.56223925756984, grad norm: 3883.144287109375, clipped: 1.0
Finished epoch 170, took 00:03:47 s
####Saving model and state...
调用validate
Validating...
Validation overall avg_cost: 1446.981582296266 +- 3.500712525516443
Evaluating candidate model on evaluation dataset
Epoch 170 candidate mean 1454.3990132933307, baseline epoch 163 mean 1456.003079314774, difference -1.6040660214432592
p-value: 0.1678605241999121
Start train epoch 171, lr=0.0001 for run train_raw_50_200ep_20260228T162007
Evaluating baseline on dataset...
Training baseline model...
开始train_epoch正式训练，总的 batch 大小: 200
Start training epoch 171...
epoch: 171, train_batch_id: 0, avg_cost: 1363.4185928184957
loss: -173.50361558626122, grad norm: 4276.67724609375, clipped: 1.0
epoch: 171, train_batch_id: 50, avg_cost: 1452.1459236824728
loss: -162.39039267007558, grad norm: 3150.960693359375, clipped: 1.0
epoch: 171, train_batch_id: 100, avg_cost: 1587.3303488630672
loss: -244.2249721365486, grad norm: 2898.469482421875, clipped: 1.0
epoch: 171, train_batch_id: 150, avg_cost: 1623.9660650879914
loss: -221.493313350056, grad norm: 3017.00439453125, clipped: 1.0
Finished epoch 171, took 00:03:45 s
####Saving model and state...
调用validate
Validating...
Validation overall avg_cost: 1453.9540358624097 +- 3.579063555793659
Evaluating candidate model on evaluation dataset
Epoch 171 candidate mean 1461.6816495648816, baseline epoch 163 mean 1456.003079314774, difference 5.6785702501076685
Start train epoch 172, lr=0.0001 for run train_raw_50_200ep_20260228T162007
Evaluating baseline on dataset...
Training baseline model...
开始train_epoch正式训练，总的 batch 大小: 200
Start training epoch 172...
epoch: 172, train_batch_id: 0, avg_cost: 1271.9056449742284
loss: -130.3018694631841, grad norm: 2866.66552734375, clipped: 1.0
epoch: 172, train_batch_id: 50, avg_cost: 1289.8989509361288
loss: -191.12705479976938, grad norm: 3436.431884765625, clipped: 1.0
epoch: 172, train_batch_id: 100, avg_cost: 1307.2815490760984
loss: -50.27906251855906, grad norm: 3310.412841796875, clipped: 1.0
epoch: 172, train_batch_id: 150, avg_cost: 1434.6884790231047
loss: -63.13092974883038, grad norm: 2266.706298828125, clipped: 1.0
Finished epoch 172, took 00:03:46 s
####Saving model and state...
调用validate
Validating...
Validation overall avg_cost: 1458.0610095101833 +- 3.5839229327742728
Evaluating candidate model on evaluation dataset
Epoch 172 candidate mean 1465.6697625127551, baseline epoch 163 mean 1456.003079314774, difference 9.666683197981229
Start train epoch 173, lr=0.0001 for run train_raw_50_200ep_20260228T162007
Evaluating baseline on dataset...
Training baseline model...
开始train_epoch正式训练，总的 batch 大小: 200
Start training epoch 173...
epoch: 173, train_batch_id: 0, avg_cost: 1475.5016560763243
loss: -162.577848261991, grad norm: 2637.030029296875, clipped: 1.0
epoch: 173, train_batch_id: 50, avg_cost: 1424.868908291845
loss: -155.48315694069373, grad norm: 3637.729248046875, clipped: 1.0
epoch: 173, train_batch_id: 100, avg_cost: 1299.1029727630512
loss: -34.4036681250164, grad norm: 2490.510986328125, clipped: 1.0
epoch: 173, train_batch_id: 150, avg_cost: 1393.7691490457166
loss: -129.84347749766783, grad norm: 2769.6494140625, clipped: 1.0
Finished epoch 173, took 00:03:46 s
####Saving model and state...
调用validate
Validating...
Validation overall avg_cost: 1463.2656143044508 +- 3.4882512650195903
Evaluating candidate model on evaluation dataset
Epoch 173 candidate mean 1471.6483264337257, baseline epoch 163 mean 1456.003079314774, difference 15.64524711895183
Start train epoch 174, lr=0.0001 for run train_raw_50_200ep_20260228T162007
Evaluating baseline on dataset...
Training baseline model...
开始train_epoch正式训练，总的 batch 大小: 200
Start training epoch 174...
epoch: 174, train_batch_id: 0, avg_cost: 1291.174121097362
loss: -316.9522899788066, grad norm: 3924.857421875, clipped: 1.0
epoch: 174, train_batch_id: 50, avg_cost: 1647.583356242742
loss: -224.47866429029963, grad norm: 3314.776611328125, clipped: 1.0
epoch: 174, train_batch_id: 100, avg_cost: 1531.9634300898883
loss: -257.89689577345024, grad norm: 4845.99853515625, clipped: 1.0
epoch: 174, train_batch_id: 150, avg_cost: 1492.5112437557543
loss: -165.9798380562213, grad norm: 3171.361328125, clipped: 1.0
Finished epoch 174, took 00:03:51 s
####Saving model and state...
调用validate
Validating...
Validation overall avg_cost: 1449.7611437197859 +- 3.436848073714506
Evaluating candidate model on evaluation dataset
Epoch 174 candidate mean 1457.1752901917387, baseline epoch 163 mean 1456.003079314774, difference 1.1722108769647548
Start train epoch 175, lr=0.0001 for run train_raw_50_200ep_20260228T162007
Evaluating baseline on dataset...
Training baseline model...
开始train_epoch正式训练，总的 batch 大小: 200
Start training epoch 175...
epoch: 175, train_batch_id: 0, avg_cost: 1312.1847971783807
loss: -172.35415905085495, grad norm: 2731.59619140625, clipped: 1.0
epoch: 175, train_batch_id: 50, avg_cost: 1422.2980582303062
loss: -92.7354585008721, grad norm: 2908.39892578125, clipped: 1.0
epoch: 175, train_batch_id: 100, avg_cost: 1397.216850095197
loss: -106.15206670298991, grad norm: 2507.365966796875, clipped: 1.0
epoch: 175, train_batch_id: 150, avg_cost: 1553.573426297074
loss: -136.7494157230551, grad norm: 3337.98193359375, clipped: 1.0
Finished epoch 175, took 00:03:46 s
####Saving model and state...
调用validate
Validating...
Validation overall avg_cost: 1456.4391379854721 +- 3.4857498422013213
Evaluating candidate model on evaluation dataset
Epoch 175 candidate mean 1462.5928787518988, baseline epoch 163 mean 1456.003079314774, difference 6.589799437124839
Start train epoch 176, lr=0.0001 for run train_raw_50_200ep_20260228T162007
Evaluating baseline on dataset...
Training baseline model...
开始train_epoch正式训练，总的 batch 大小: 200
Start training epoch 176...
epoch: 176, train_batch_id: 0, avg_cost: 1358.1915800863628
loss: -199.26165332823575, grad norm: 3449.5625, clipped: 1.0
epoch: 176, train_batch_id: 50, avg_cost: 1574.3633894378304
loss: -185.40346631307804, grad norm: 2832.607421875, clipped: 1.0
epoch: 176, train_batch_id: 100, avg_cost: 1476.9364007125876
loss: -228.23646137705174, grad norm: 2817.611328125, clipped: 1.0
epoch: 176, train_batch_id: 150, avg_cost: 1383.6317106488477
loss: -14.872391098290564, grad norm: 2786.026611328125, clipped: 1.0
Finished epoch 176, took 00:03:48 s
####Saving model and state...
调用validate
Validating...
Validation overall avg_cost: 1447.6478947057153 +- 3.478540488276074
Evaluating candidate model on evaluation dataset
Epoch 176 candidate mean 1455.82541571849, baseline epoch 163 mean 1456.003079314774, difference -0.17766359628399186
p-value: 0.45753081551540903
Start train epoch 177, lr=0.0001 for run train_raw_50_200ep_20260228T162007
Evaluating baseline on dataset...
Training baseline model...
开始train_epoch正式训练，总的 batch 大小: 200
Start training epoch 177...
epoch: 177, train_batch_id: 0, avg_cost: 1274.6598600349378
loss: -73.85172247914602, grad norm: 2825.98681640625, clipped: 1.0
epoch: 177, train_batch_id: 50, avg_cost: 1341.6407771118804
loss: -158.0272777023552, grad norm: 3209.8193359375, clipped: 1.0
epoch: 177, train_batch_id: 100, avg_cost: 1514.8730000963778
loss: -111.8678768363373, grad norm: 3142.851806640625, clipped: 1.0
epoch: 177, train_batch_id: 150, avg_cost: 1562.707101288138
loss: -119.28985127180371, grad norm: 2995.669189453125, clipped: 1.0
Finished epoch 177, took 00:03:48 s
####Saving model and state...
调用validate
Validating...
Validation overall avg_cost: 1448.9512056862711 +- 3.505632255233278
Evaluating candidate model on evaluation dataset
Epoch 177 candidate mean 1456.4016164446198, baseline epoch 163 mean 1456.003079314774, difference 0.3985371298458631
Start train epoch 178, lr=0.0001 for run train_raw_50_200ep_20260228T162007
Evaluating baseline on dataset...
Training baseline model...
开始train_epoch正式训练，总的 batch 大小: 200
Start training epoch 178...
epoch: 178, train_batch_id: 0, avg_cost: 1610.8541485428157
loss: -134.75223308824124, grad norm: 2947.24365234375, clipped: 1.0
epoch: 178, train_batch_id: 50, avg_cost: 1347.2243190799286
loss: -39.49890720802209, grad norm: 2562.405517578125, clipped: 1.0
epoch: 178, train_batch_id: 100, avg_cost: 1626.6452100549777
loss: -20.272250420549284, grad norm: 2937.750244140625, clipped: 1.0
epoch: 178, train_batch_id: 150, avg_cost: 1503.844149050532
loss: -234.78508582471815, grad norm: 3821.207763671875, clipped: 1.0
Finished epoch 178, took 00:03:45 s
####Saving model and state...
调用validate
Validating...
Validation overall avg_cost: 1461.5929520057873 +- 3.5005092837456377
Evaluating candidate model on evaluation dataset
Epoch 178 candidate mean 1469.9122274628567, baseline epoch 163 mean 1456.003079314774, difference 13.90914814808275
Start train epoch 179, lr=0.0001 for run train_raw_50_200ep_20260228T162007
Evaluating baseline on dataset...
Training baseline model...
开始train_epoch正式训练，总的 batch 大小: 200
Start training epoch 179...
epoch: 179, train_batch_id: 0, avg_cost: 1592.3033320637937
loss: -304.1446745421308, grad norm: 4582.51025390625, clipped: 1.0
epoch: 179, train_batch_id: 50, avg_cost: 1456.3906625209381
loss: -388.18747240123474, grad norm: 4811.7431640625, clipped: 1.0
epoch: 179, train_batch_id: 100, avg_cost: 1484.1781411281509
loss: -63.18213610758534, grad norm: 3334.5078125, clipped: 1.0
epoch: 179, train_batch_id: 150, avg_cost: 1509.9943586021518
loss: -321.32880061501123, grad norm: 3891.28515625, clipped: 1.0
Finished epoch 179, took 00:03:47 s
####Saving model and state...
调用validate
Validating...
Validation overall avg_cost: 1450.7754720662845 +- 3.4486526784100247
Evaluating candidate model on evaluation dataset
Epoch 179 candidate mean 1459.0322891172366, baseline epoch 163 mean 1456.003079314774, difference 3.029209802462674
Start train epoch 180, lr=0.0001 for run train_raw_50_200ep_20260228T162007
Evaluating baseline on dataset...
Training baseline model...
开始train_epoch正式训练，总的 batch 大小: 200
Start training epoch 180...
epoch: 180, train_batch_id: 0, avg_cost: 1470.3499473133004
loss: -65.72106277191443, grad norm: 2317.693115234375, clipped: 1.0
epoch: 180, train_batch_id: 50, avg_cost: 1438.6735987323316
loss: -221.19225341924778, grad norm: 2828.734375, clipped: 1.0
epoch: 180, train_batch_id: 100, avg_cost: 1469.661419947287
loss: -18.677520505585484, grad norm: 3199.25537109375, clipped: 1.0
epoch: 180, train_batch_id: 150, avg_cost: 1633.6863250066804
loss: -170.84073992523483, grad norm: 3046.4912109375, clipped: 1.0
Finished epoch 180, took 00:03:46 s
####Saving model and state...
调用validate
Validating...
Validation overall avg_cost: 1447.0084712458024 +- 3.486095960301955
Evaluating candidate model on evaluation dataset
Epoch 180 candidate mean 1455.1188428095245, baseline epoch 163 mean 1456.003079314774, difference -0.8842365052494188
p-value: 0.30241956490406446
Start train epoch 181, lr=0.0001 for run train_raw_50_200ep_20260228T162007
Evaluating baseline on dataset...
Training baseline model...
开始train_epoch正式训练，总的 batch 大小: 200
Start training epoch 181...
epoch: 181, train_batch_id: 0, avg_cost: 1442.136682596254
loss: -85.28345857760561, grad norm: 2195.224609375, clipped: 1.0
epoch: 181, train_batch_id: 50, avg_cost: 1389.0405453870958
loss: -141.9937822409886, grad norm: 2624.860107421875, clipped: 1.0
epoch: 181, train_batch_id: 100, avg_cost: 1512.7975069458942
loss: -279.0770945119429, grad norm: 3777.33984375, clipped: 1.0
epoch: 181, train_batch_id: 150, avg_cost: 1340.5485184525508
loss: -59.98526510506586, grad norm: 3361.894775390625, clipped: 1.0
Finished epoch 181, took 00:03:43 s
####Saving model and state...
调用validate
Validating...
Validation overall avg_cost: 1459.5593100124217 +- 3.518260143978268
Evaluating candidate model on evaluation dataset
Epoch 181 candidate mean 1464.7676142719117, baseline epoch 163 mean 1456.003079314774, difference 8.764534957137812
Start train epoch 182, lr=0.0001 for run train_raw_50_200ep_20260228T162007
Evaluating baseline on dataset...
Training baseline model...
开始train_epoch正式训练，总的 batch 大小: 200
Start training epoch 182...
epoch: 182, train_batch_id: 0, avg_cost: 1450.5547447480026
loss: -134.74625262763735, grad norm: 3056.424072265625, clipped: 1.0
epoch: 182, train_batch_id: 50, avg_cost: 1508.278587711034
loss: -70.50988460314302, grad norm: 3192.218017578125, clipped: 1.0
epoch: 182, train_batch_id: 100, avg_cost: 1514.1303510268554
loss: -29.90386649689802, grad norm: 2497.24462890625, clipped: 1.0
epoch: 182, train_batch_id: 150, avg_cost: 1490.1220644069108
loss: 41.641510345124104, grad norm: 2694.279052734375, clipped: 1.0
Finished epoch 182, took 00:03:44 s
####Saving model and state...
调用validate
Validating...
Validation overall avg_cost: 1438.6360646284054 +- 3.419782940461145
Evaluating candidate model on evaluation dataset
Epoch 182 candidate mean 1444.7104857711802, baseline epoch 163 mean 1456.003079314774, difference -11.292593543593739
p-value: 4.378409174357194e-11
Update baseline
Evaluating baseline model on evaluation dataset

Start train epoch 183, lr=0.0001 for run train_raw_50_200ep_20260228T162007
Evaluating baseline on dataset...
Training baseline model...
开始train_epoch正式训练，总的 batch 大小: 200
Start training epoch 183...
epoch: 183, train_batch_id: 0, avg_cost: 1233.992840032162
loss: -103.64795284792174, grad norm: 1959.8914794921875, clipped: 1.0
epoch: 183, train_batch_id: 50, avg_cost: 1283.7285897342724
loss: -80.25965502477445, grad norm: 2516.826416015625, clipped: 1.0
epoch: 183, train_batch_id: 100, avg_cost: 1292.6180589608289
loss: -116.75353211713261, grad norm: 2430.18994140625, clipped: 1.0
epoch: 183, train_batch_id: 150, avg_cost: 1294.0453924808596
loss: -309.5038918713707, grad norm: 2853.0400390625, clipped: 1.0
Finished epoch 183, took 00:03:42 s
####Saving model and state...
调用validate
Validating...
Validation overall avg_cost: 1438.0805713138152 +- 3.361399373455522
Evaluating candidate model on evaluation dataset
Epoch 183 candidate mean 1444.7379025948972, baseline epoch 182 mean 1446.8187755731192, difference -2.0808729782220325
p-value: 0.08981758825996891
Start train epoch 184, lr=0.0001 for run train_raw_50_200ep_20260228T162007
Evaluating baseline on dataset...
Training baseline model...
开始train_epoch正式训练，总的 batch 大小: 200
Start training epoch 184...
epoch: 184, train_batch_id: 0, avg_cost: 1459.715929450249
loss: -193.72625055887977, grad norm: 2524.907958984375, clipped: 1.0
epoch: 184, train_batch_id: 50, avg_cost: 1382.0339258057859
loss: -123.21474407039565, grad norm: 2450.767822265625, clipped: 1.0
epoch: 184, train_batch_id: 100, avg_cost: 1175.4687020592173
loss: -173.81218659657637, grad norm: 3504.342529296875, clipped: 1.0
epoch: 184, train_batch_id: 150, avg_cost: 1454.1450433684142
loss: -247.7284972129269, grad norm: 3924.929931640625, clipped: 1.0
Finished epoch 184, took 00:03:43 s
####Saving model and state...
调用validate
Validating...
Validation overall avg_cost: 1447.1970708946283 +- 3.4476227159143944
Evaluating candidate model on evaluation dataset
Epoch 184 candidate mean 1453.6830171755967, baseline epoch 182 mean 1446.8187755731192, difference 6.8642416024774775
Start train epoch 185, lr=0.0001 for run train_raw_50_200ep_20260228T162007
Evaluating baseline on dataset...
Training baseline model...
开始train_epoch正式训练，总的 batch 大小: 200
Start training epoch 185...
epoch: 185, train_batch_id: 0, avg_cost: 1349.548957967737
loss: -101.177127680445, grad norm: 2304.091064453125, clipped: 1.0
epoch: 185, train_batch_id: 50, avg_cost: 1181.6888233306397
loss: -151.6694350577691, grad norm: 2678.230224609375, clipped: 1.0
epoch: 185, train_batch_id: 100, avg_cost: 1423.5720091040353
loss: -265.8125945096002, grad norm: 3053.485595703125, clipped: 1.0
epoch: 185, train_batch_id: 150, avg_cost: 1390.5642071596312
loss: -172.3830099645572, grad norm: 3120.32275390625, clipped: 1.0
Finished epoch 185, took 00:03:48 s
####Saving model and state...
调用validate
Validating...
Validation overall avg_cost: 1440.4093688944579 +- 3.4556731738842053
Evaluating candidate model on evaluation dataset
Epoch 185 candidate mean 1445.0988610100653, baseline epoch 182 mean 1446.8187755731192, difference -1.7199145630538624
p-value: 0.15217439135218927
Start train epoch 186, lr=0.0001 for run train_raw_50_200ep_20260228T162007
Evaluating baseline on dataset...
Training baseline model...
开始train_epoch正式训练，总的 batch 大小: 200
Start training epoch 186...
epoch: 186, train_batch_id: 0, avg_cost: 1591.0972291736068
loss: -208.77266849038963, grad norm: 3082.447509765625, clipped: 1.0
epoch: 186, train_batch_id: 50, avg_cost: 1444.212003100883
loss: -149.93920609673583, grad norm: 3188.394287109375, clipped: 1.0
epoch: 186, train_batch_id: 100, avg_cost: 1345.9476229760412
loss: -113.79764531840362, grad norm: 2599.666015625, clipped: 1.0
epoch: 186, train_batch_id: 150, avg_cost: 1592.4264180011955
loss: -112.56983893392248, grad norm: 2422.085693359375, clipped: 1.0
Finished epoch 186, took 00:03:44 s
####Saving model and state...
调用validate
Validating...
Validation overall avg_cost: 1436.0835172543352 +- 3.423119256669538
Evaluating candidate model on evaluation dataset
Epoch 186 candidate mean 1440.6741861089376, baseline epoch 182 mean 1446.8187755731192, difference -6.144589464181536
p-value: 0.00011274650821396819
Update baseline
Evaluating baseline model on evaluation dataset

Start train epoch 187, lr=0.0001 for run train_raw_50_200ep_20260228T162007
Evaluating baseline on dataset...
Training baseline model...
开始train_epoch正式训练，总的 batch 大小: 200
Start training epoch 187...
epoch: 187, train_batch_id: 0, avg_cost: 1389.5168283235635
loss: -108.78884794471267, grad norm: 2498.526123046875, clipped: 1.0
epoch: 187, train_batch_id: 50, avg_cost: 1204.405243537333
loss: -26.88369339350988, grad norm: 2000.294189453125, clipped: 1.0
epoch: 187, train_batch_id: 100, avg_cost: 1512.5205556410233
loss: -86.49276260106345, grad norm: 3382.03955078125, clipped: 1.0
epoch: 187, train_batch_id: 150, avg_cost: 1346.453519084364
loss: -63.709150587021355, grad norm: 2621.77197265625, clipped: 1.0
Finished epoch 187, took 00:03:41 s
####Saving model and state...
调用validate
Validating...
Validation overall avg_cost: 1436.918146196237 +- 3.4910755852408717
Evaluating candidate model on evaluation dataset
Epoch 187 candidate mean 1436.2681663872993, baseline epoch 186 mean 1436.1721743563469, difference 0.09599203095240227
Start train epoch 188, lr=0.0001 for run train_raw_50_200ep_20260228T162007
Evaluating baseline on dataset...
Training baseline model...
开始train_epoch正式训练，总的 batch 大小: 200
Start training epoch 188...
epoch: 188, train_batch_id: 0, avg_cost: 1515.1146616643696
loss: -264.5713067824187, grad norm: 3622.76708984375, clipped: 1.0
epoch: 188, train_batch_id: 50, avg_cost: 1525.075591110317
loss: -144.18378386327547, grad norm: 2435.22998046875, clipped: 1.0
epoch: 188, train_batch_id: 100, avg_cost: 1383.516789732968
loss: -172.4241672624958, grad norm: 3047.55322265625, clipped: 1.0
epoch: 188, train_batch_id: 150, avg_cost: 1484.7075339149285
loss: -81.10258100314044, grad norm: 2676.471923828125, clipped: 1.0
Finished epoch 188, took 00:03:42 s
####Saving model and state...
调用validate
Validating...
Validation overall avg_cost: 1452.7568956195064 +- 3.5186541454891835
Evaluating candidate model on evaluation dataset
Epoch 188 candidate mean 1450.4629966356717, baseline epoch 186 mean 1436.1721743563469, difference 14.290822279324857
Start train epoch 189, lr=0.0001 for run train_raw_50_200ep_20260228T162007
Evaluating baseline on dataset...
Training baseline model...
开始train_epoch正式训练，总的 batch 大小: 200
Start training epoch 189...
epoch: 189, train_batch_id: 0, avg_cost: 1528.1231113263943
loss: -311.02647390460686, grad norm: 4722.3330078125, clipped: 1.0
epoch: 189, train_batch_id: 50, avg_cost: 1300.592872085072
loss: -131.21828504721026, grad norm: 2533.23828125, clipped: 1.0
epoch: 189, train_batch_id: 100, avg_cost: 1316.599079651598
loss: -106.04318559333552, grad norm: 2684.219970703125, clipped: 1.0
epoch: 189, train_batch_id: 150, avg_cost: 1400.059662411317
loss: -341.5632621139615, grad norm: 3873.32421875, clipped: 1.0
Finished epoch 189, took 00:03:43 s
####Saving model and state...
调用validate
Validating...
Validation overall avg_cost: 1448.75745050229 +- 3.449253530569542
Evaluating candidate model on evaluation dataset
Epoch 189 candidate mean 1443.5959649532545, baseline epoch 186 mean 1436.1721743563469, difference 7.4237905969075655
Start train epoch 190, lr=0.0001 for run train_raw_50_200ep_20260228T162007
Evaluating baseline on dataset...
Training baseline model...
开始train_epoch正式训练，总的 batch 大小: 200
Start training epoch 190...
epoch: 190, train_batch_id: 0, avg_cost: 1205.158567678122
loss: -218.98987985523502, grad norm: 3371.40380859375, clipped: 1.0
epoch: 190, train_batch_id: 50, avg_cost: 1343.7120892258945
loss: -149.10295899386625, grad norm: 2939.962158203125, clipped: 1.0
epoch: 190, train_batch_id: 100, avg_cost: 1478.1757967098602
loss: -287.0590524300984, grad norm: 5332.826171875, clipped: 1.0
epoch: 190, train_batch_id: 150, avg_cost: 1518.564058104627
loss: -199.13475214036697, grad norm: 3183.332763671875, clipped: 1.0
Finished epoch 190, took 00:03:46 s
####Saving model and state...
调用validate
Validating...
Validation overall avg_cost: 1443.9257127811038 +- 3.4309303009224736
Evaluating candidate model on evaluation dataset
Epoch 190 candidate mean 1441.7956553730214, baseline epoch 186 mean 1436.1721743563469, difference 5.623481016674532
Start train epoch 191, lr=0.0001 for run train_raw_50_200ep_20260228T162007
Evaluating baseline on dataset...
Training baseline model...
开始train_epoch正式训练，总的 batch 大小: 200
Start training epoch 191...
epoch: 191, train_batch_id: 0, avg_cost: 1595.3191960318586
loss: -297.88379475892623, grad norm: 4444.15283203125, clipped: 1.0
epoch: 191, train_batch_id: 50, avg_cost: 1473.6733238268575
loss: -363.30435636396044, grad norm: 3811.517333984375, clipped: 1.0
epoch: 191, train_batch_id: 100, avg_cost: 1538.4559379925086
loss: -153.58072087135042, grad norm: 2749.058349609375, clipped: 1.0
epoch: 191, train_batch_id: 150, avg_cost: 1560.4394301118796
loss: -282.2846834790196, grad norm: 4148.9736328125, clipped: 1.0
Finished epoch 191, took 00:03:44 s
####Saving model and state...
调用validate
Validating...
Validation overall avg_cost: 1448.9432246135884 +- 3.4919743906484473
Evaluating candidate model on evaluation dataset
Epoch 191 candidate mean 1448.162790705288, baseline epoch 186 mean 1436.1721743563469, difference 11.990616348941103
Start train epoch 192, lr=0.0001 for run train_raw_50_200ep_20260228T162007
Evaluating baseline on dataset...
Training baseline model...
开始train_epoch正式训练，总的 batch 大小: 200
Start training epoch 192...
epoch: 192, train_batch_id: 0, avg_cost: 1588.9129200292803
loss: -208.96697918364185, grad norm: 3955.507080078125, clipped: 1.0
epoch: 192, train_batch_id: 50, avg_cost: 1338.822085784339
loss: -202.85278679263268, grad norm: 4040.87451171875, clipped: 1.0
epoch: 192, train_batch_id: 100, avg_cost: 1551.5897650605393
loss: -67.35837393677204, grad norm: 2946.752197265625, clipped: 1.0
epoch: 192, train_batch_id: 150, avg_cost: 1511.1620561881875
loss: -50.37230778335629, grad norm: 2558.70703125, clipped: 1.0
Finished epoch 192, took 00:03:44 s
####Saving model and state...
调用validate
Validating...
Validation overall avg_cost: 1441.5718500067571 +- 3.496976738468249
Evaluating candidate model on evaluation dataset
Epoch 192 candidate mean 1439.0709216069724, baseline epoch 186 mean 1436.1721743563469, difference 2.898747250625547
Start train epoch 193, lr=0.0001 for run train_raw_50_200ep_20260228T162007
Evaluating baseline on dataset...
Training baseline model...
开始train_epoch正式训练，总的 batch 大小: 200
Start training epoch 193...
epoch: 193, train_batch_id: 0, avg_cost: 1389.4664780352055
loss: -99.60439560396395, grad norm: 2307.537353515625, clipped: 1.0
epoch: 193, train_batch_id: 50, avg_cost: 1541.7734495373095
loss: -304.78866542952915, grad norm: 3254.88134765625, clipped: 1.0
epoch: 193, train_batch_id: 100, avg_cost: 1459.229614579609
loss: -159.03607896224216, grad norm: 3222.403564453125, clipped: 1.0
epoch: 193, train_batch_id: 150, avg_cost: 1468.964982287689
loss: -197.51041165696594, grad norm: 2189.6826171875, clipped: 1.0
Finished epoch 193, took 00:03:45 s
####Saving model and state...
调用validate
Validating...
Validation overall avg_cost: 1440.8992362043243 +- 3.500065787280226
Evaluating candidate model on evaluation dataset
Epoch 193 candidate mean 1438.9575217625186, baseline epoch 186 mean 1436.1721743563469, difference 2.785347406171695
Start train epoch 194, lr=0.0001 for run train_raw_50_200ep_20260228T162007
Evaluating baseline on dataset...
Training baseline model...
开始train_epoch正式训练，总的 batch 大小: 200
Start training epoch 194...
epoch: 194, train_batch_id: 0, avg_cost: 1580.209975834542
loss: -82.56260080613158, grad norm: 2359.948974609375, clipped: 1.0
epoch: 194, train_batch_id: 50, avg_cost: 1488.8589526713108
loss: -147.83573836415798, grad norm: 3380.30859375, clipped: 1.0
epoch: 194, train_batch_id: 100, avg_cost: 1240.7693230099362
loss: -205.50211933969385, grad norm: 3772.43994140625, clipped: 1.0
epoch: 194, train_batch_id: 150, avg_cost: 1349.4686998387178
loss: -88.15226746379633, grad norm: 3355.595458984375, clipped: 1.0
Finished epoch 194, took 00:03:43 s
####Saving model and state...
调用validate
Validating...
Validation overall avg_cost: 1439.778910101787 +- 3.3387180428614722
Evaluating candidate model on evaluation dataset
Epoch 194 candidate mean 1437.9485507256427, baseline epoch 186 mean 1436.1721743563469, difference 1.7763763692958037
Start train epoch 195, lr=0.0001 for run train_raw_50_200ep_20260228T162007
Evaluating baseline on dataset...
Training baseline model...
开始train_epoch正式训练，总的 batch 大小: 200
Start training epoch 195...
epoch: 195, train_batch_id: 0, avg_cost: 1527.9990226649413
loss: -63.06250375547694, grad norm: 2784.59375, clipped: 1.0
epoch: 195, train_batch_id: 50, avg_cost: 1483.3491710803714
loss: -149.766809687658, grad norm: 3628.537109375, clipped: 1.0
epoch: 195, train_batch_id: 100, avg_cost: 1392.4078994493289
loss: -258.16403870609616, grad norm: 3544.613525390625, clipped: 1.0
epoch: 195, train_batch_id: 150, avg_cost: 1464.2309857928822
loss: -115.56517181864037, grad norm: 3497.3828125, clipped: 1.0
Finished epoch 195, took 00:03:46 s
####Saving model and state...
调用validate
Validating...
Validation overall avg_cost: 1443.5423371142474 +- 3.4390609168570303
Evaluating candidate model on evaluation dataset
Epoch 195 candidate mean 1443.5625546091771, baseline epoch 186 mean 1436.1721743563469, difference 7.390380252830255
Start train epoch 196, lr=0.0001 for run train_raw_50_200ep_20260228T162007
Evaluating baseline on dataset...
Training baseline model...
开始train_epoch正式训练，总的 batch 大小: 200
Start training epoch 196...
epoch: 196, train_batch_id: 0, avg_cost: 1598.7653387878195
loss: -162.51503446828198, grad norm: 3185.590576171875, clipped: 1.0
epoch: 196, train_batch_id: 50, avg_cost: 1427.972425831941
loss: -38.66807361109665, grad norm: 3109.972412109375, clipped: 1.0
epoch: 196, train_batch_id: 100, avg_cost: 1458.6848305992837
loss: -99.37336153475673, grad norm: 2618.466064453125, clipped: 1.0
epoch: 196, train_batch_id: 150, avg_cost: 1409.6401511944023
loss: -132.4658256058178, grad norm: 2349.028076171875, clipped: 1.0
Finished epoch 196, took 00:03:46 s
####Saving model and state...
调用validate
Validating...
Validation overall avg_cost: 1444.308384941553 +- 3.514633269698389
Evaluating candidate model on evaluation dataset
Epoch 196 candidate mean 1447.3201683749714, baseline epoch 186 mean 1436.1721743563469, difference 11.147994018624559
Start train epoch 197, lr=0.0001 for run train_raw_50_200ep_20260228T162007
Evaluating baseline on dataset...
Training baseline model...
开始train_epoch正式训练，总的 batch 大小: 200
Start training epoch 197...
epoch: 197, train_batch_id: 0, avg_cost: 1367.9616848679416
loss: -236.96449298961636, grad norm: 2725.5341796875, clipped: 1.0
epoch: 197, train_batch_id: 50, avg_cost: 1432.056314953747
loss: -165.19135012938068, grad norm: 2862.832275390625, clipped: 1.0
epoch: 197, train_batch_id: 100, avg_cost: 1325.4610185804129
loss: -152.3615803088403, grad norm: 2447.982421875, clipped: 1.0
epoch: 197, train_batch_id: 150, avg_cost: 1367.9328865717257
loss: -222.13898070724392, grad norm: 2222.296142578125, clipped: 1.0
Finished epoch 197, took 00:03:43 s
####Saving model and state...
调用validate
Validating...
Validation overall avg_cost: 1434.599387573579 +- 3.382555026310805
Evaluating candidate model on evaluation dataset
Epoch 197 candidate mean 1430.9795805056333, baseline epoch 186 mean 1436.1721743563469, difference -5.1925938507135925
p-value: 0.0004960760472998552
Update baseline
Evaluating baseline model on evaluation dataset

Start train epoch 198, lr=0.0001 for run train_raw_50_200ep_20260228T162007
Evaluating baseline on dataset...
Training baseline model...
开始train_epoch正式训练，总的 batch 大小: 200
Start training epoch 198...
epoch: 198, train_batch_id: 0, avg_cost: 1258.5365145739925
loss: -39.90613902527203, grad norm: 1754.474853515625, clipped: 1.0
epoch: 198, train_batch_id: 50, avg_cost: 1373.1307792039418
loss: -154.82688944356323, grad norm: 2657.758056640625, clipped: 1.0
epoch: 198, train_batch_id: 100, avg_cost: 1410.70651310091
loss: -112.19438675761839, grad norm: 2046.62548828125, clipped: 1.0
epoch: 198, train_batch_id: 150, avg_cost: 1463.3256753654239
loss: -200.9890313058087, grad norm: 3803.766845703125, clipped: 1.0
Finished epoch 198, took 00:03:45 s
####Saving model and state...
调用validate
Validating...
Validation overall avg_cost: 1435.7201503166302 +- 3.386058318766118
Evaluating candidate model on evaluation dataset
Epoch 198 candidate mean 1443.4128703738588, baseline epoch 197 mean 1440.6221008877224, difference 2.790769486136469
Start train epoch 199, lr=0.0001 for run train_raw_50_200ep_20260228T162007
Evaluating baseline on dataset...
Training baseline model...
开始train_epoch正式训练，总的 batch 大小: 200
Start training epoch 199...
epoch: 199, train_batch_id: 0, avg_cost: 1457.0496764460959
loss: -182.73948957317634, grad norm: 2975.46533203125, clipped: 1.0
epoch: 199, train_batch_id: 50, avg_cost: 1467.202044568444
loss: -331.6586852048234, grad norm: 2977.423828125, clipped: 1.0
epoch: 199, train_batch_id: 100, avg_cost: 1653.3785945921697
loss: -113.8638699680962, grad norm: 2678.387451171875, clipped: 1.0
epoch: 199, train_batch_id: 150, avg_cost: 1513.0677992793392
loss: -236.09465611788403, grad norm: 2560.34423828125, clipped: 1.0
Finished epoch 199, took 00:03:44 s
####Saving model and state...
调用validate
Validating...
Validation overall avg_cost: 1440.9070750836265 +- 3.3988629324879582
Evaluating candidate model on evaluation dataset
Epoch 199 candidate mean 1448.7816702149203, baseline epoch 197 mean 1440.6221008877224, difference 8.159569327197914

============================================================
Training completed. Total runtime: 14h 01m 57s (50517.3s)
============================================================
