CUDA status: use_cuda=True, device_count=1
{'baseline': 'rollout',
 'batch_size': 64,
 'bl_alpha': 0.05,
 'bl_warmup_epochs': 0,
 'checkpoint_encoder': False,
 'checkpoint_epochs': 1,
 'data_distribution': None,
 'embedding_dim': 128,
 'epoch_size': 12800,
 'epoch_start': 0,
 'eval_batch_size': 1000,
 'eval_only': False,
 'exp_beta': 0.8,
 'fine_tune': False,
 'graph_size': 100,
 'hidden_dim': 128,
 'load_path': None,
 'log_dir': 'logs',
 'log_stdout': True,
 'log_step': 50,
 'lr_critic': 0.0001,
 'lr_decay': 1.0,
 'lr_model': 0.0001,
 'max_grad_norm': 1.0,
 'model': 'attention',
 'n_encode_layers': 3,
 'n_epochs': 200,
 'no_cuda': False,
 'no_progress_bar': True,
 'no_tensorboard': True,
 'normalization': 'batch',
 'optimizer': 'Adam',
 'output_dir': 'outputs',
 'problem': 'agh',
 'resume': None,
 'rnn_time': False,
 'run_name': 'train_raw_100_200ep_20260228T162008',
 'save_dir': 'outputs/agh_100/train_raw_100_200ep_20260228T162008',
 'seed': 123456,
 'shrink_size': None,
 'tanh_clipping': 10.0,
 'use_cuda': True,
 'val_dataset': None,
 'val_size': 1000,
 'wo_time': False}
调用AttentionModel
加载 rollout baseline
Evaluating baseline model on evaluation dataset

Training
Start train epoch 0, lr=0.0001 for run train_raw_100_200ep_20260228T162008
Evaluating baseline on dataset...
Training baseline model...
开始train_epoch正式训练，总的 batch 大小: 200
Start training epoch 0...
epoch: 0, train_batch_id: 0, avg_cost: 4787.453166480556
loss: -7759.408086627583, grad norm: 90765.8671875, clipped: 1.0
epoch: 0, train_batch_id: 50, avg_cost: 4217.138802210394
loss: 11690.552792119624, grad norm: 93090.1171875, clipped: 1.0
epoch: 0, train_batch_id: 100, avg_cost: 4595.689263876898
loss: 20581.812591844533, grad norm: 105658.5703125, clipped: 1.0
epoch: 0, train_batch_id: 150, avg_cost: 4381.14833590341
loss: 26965.462411903532, grad norm: 142586.28125, clipped: 1.0
Finished epoch 0, took 00:07:33 s
####Saving model and state...
调用validate
Validating...
Validation overall avg_cost: 4512.645053101643 +- 8.174558652271367
Evaluating candidate model on evaluation dataset
Epoch 0 candidate mean 4514.687708051902, baseline epoch 0 mean 4444.312178224252, difference 70.37552982764919
Start train epoch 1, lr=0.0001 for run train_raw_100_200ep_20260228T162008
Evaluating baseline on dataset...
Training baseline model...
开始train_epoch正式训练，总的 batch 大小: 200
Start training epoch 1...
epoch: 1, train_batch_id: 0, avg_cost: 4363.951623344091
loss: 29230.370657463332, grad norm: 138661.078125, clipped: 1.0
epoch: 1, train_batch_id: 50, avg_cost: 4203.801523720955
loss: 33876.939162311304, grad norm: 130222.7890625, clipped: 1.0
epoch: 1, train_batch_id: 100, avg_cost: 4166.293410137467
loss: 30273.79427355204, grad norm: 135578.953125, clipped: 1.0
epoch: 1, train_batch_id: 150, avg_cost: 4167.186353490486
loss: 35328.96227647195, grad norm: 151697.78125, clipped: 1.0
Finished epoch 1, took 00:07:49 s
####Saving model and state...
调用validate
Validating...
Validation overall avg_cost: 4475.368787912695 +- 8.288873710799818
Evaluating candidate model on evaluation dataset
Epoch 1 candidate mean 4495.519270376695, baseline epoch 0 mean 4444.312178224252, difference 51.20709215244278
Start train epoch 2, lr=0.0001 for run train_raw_100_200ep_20260228T162008
Evaluating baseline on dataset...
Training baseline model...
开始train_epoch正式训练，总的 batch 大小: 200
Start training epoch 2...
epoch: 2, train_batch_id: 0, avg_cost: 4450.625003054407
loss: 44485.17353343875, grad norm: 170183.0, clipped: 1.0
epoch: 2, train_batch_id: 50, avg_cost: 4009.57846842274
loss: 24755.41397887021, grad norm: 110146.3671875, clipped: 1.0
epoch: 2, train_batch_id: 100, avg_cost: 4564.73147911319
loss: 31931.360236433342, grad norm: 140449.359375, clipped: 1.0
epoch: 2, train_batch_id: 150, avg_cost: 4342.337813233834
loss: 27914.459057744338, grad norm: 122509.015625, clipped: 1.0
Finished epoch 2, took 00:08:03 s
####Saving model and state...
调用validate
Validating...
Validation overall avg_cost: 4461.609209793102 +- 8.366838800334904
Evaluating candidate model on evaluation dataset
Epoch 2 candidate mean 4471.102378976804, baseline epoch 0 mean 4444.312178224252, difference 26.790200752551755
Start train epoch 3, lr=0.0001 for run train_raw_100_200ep_20260228T162008
Evaluating baseline on dataset...
Training baseline model...
开始train_epoch正式训练，总的 batch 大小: 200
Start training epoch 3...
epoch: 3, train_batch_id: 0, avg_cost: 4486.957807089655
loss: 27561.659695584374, grad norm: 133136.140625, clipped: 1.0
epoch: 3, train_batch_id: 50, avg_cost: 4430.626708670918
loss: 22427.457744434047, grad norm: 141646.203125, clipped: 1.0
epoch: 3, train_batch_id: 100, avg_cost: 4072.695198864649
loss: 47361.60799380805, grad norm: 166052.203125, clipped: 1.0
epoch: 3, train_batch_id: 150, avg_cost: 4233.683391333194
loss: 39919.891927503355, grad norm: 161381.109375, clipped: 1.0
Finished epoch 3, took 00:08:06 s
####Saving model and state...
调用validate
Validating...
Validation overall avg_cost: 4522.785548946641 +- 8.685178959130242
Evaluating candidate model on evaluation dataset
Epoch 3 candidate mean 4541.678577543885, baseline epoch 0 mean 4444.312178224252, difference 97.36639931963236
Start train epoch 4, lr=0.0001 for run train_raw_100_200ep_20260228T162008
Evaluating baseline on dataset...
Training baseline model...
开始train_epoch正式训练，总的 batch 大小: 200
Start training epoch 4...
epoch: 4, train_batch_id: 0, avg_cost: 4402.899518370703
loss: 31337.834390559976, grad norm: 137739.828125, clipped: 1.0
epoch: 4, train_batch_id: 50, avg_cost: 4226.570629770257
loss: 31790.927038782815, grad norm: 132898.796875, clipped: 1.0
epoch: 4, train_batch_id: 100, avg_cost: 3943.0970923320165
loss: 37101.03242239813, grad norm: 158065.0625, clipped: 1.0
epoch: 4, train_batch_id: 150, avg_cost: 4255.6052868196275
loss: 28331.22771263854, grad norm: 157437.984375, clipped: 1.0
Finished epoch 4, took 00:08:09 s
####Saving model and state...
调用validate
Validating...
Validation overall avg_cost: 4502.894847408457 +- 8.34551570922596
Evaluating candidate model on evaluation dataset
Epoch 4 candidate mean 4508.354906758413, baseline epoch 0 mean 4444.312178224252, difference 64.04272853416023
Start train epoch 5, lr=0.0001 for run train_raw_100_200ep_20260228T162008
Evaluating baseline on dataset...
Training baseline model...
开始train_epoch正式训练，总的 batch 大小: 200
Start training epoch 5...
epoch: 5, train_batch_id: 0, avg_cost: 4381.048456979801
loss: 21893.043950576324, grad norm: 164122.296875, clipped: 1.0
epoch: 5, train_batch_id: 50, avg_cost: 3929.26933798927
loss: 51654.75614088756, grad norm: 196751.703125, clipped: 1.0
epoch: 5, train_batch_id: 100, avg_cost: 4232.076014962247
loss: 39616.440544544865, grad norm: 175616.140625, clipped: 1.0
epoch: 5, train_batch_id: 150, avg_cost: 4142.806323561428
loss: 44624.512640180954, grad norm: 185526.421875, clipped: 1.0
Finished epoch 5, took 00:08:09 s
####Saving model and state...
调用validate
Validating...
Validation overall avg_cost: 4513.404599885404 +- 8.632918414253151
Evaluating candidate model on evaluation dataset
Epoch 5 candidate mean 4533.506087488508, baseline epoch 0 mean 4444.312178224252, difference 89.19390926425513
Start train epoch 6, lr=0.0001 for run train_raw_100_200ep_20260228T162008
Evaluating baseline on dataset...
Training baseline model...
开始train_epoch正式训练，总的 batch 大小: 200
Start training epoch 6...
epoch: 6, train_batch_id: 0, avg_cost: 3844.5744849434923
loss: 29897.948286619718, grad norm: 174053.203125, clipped: 1.0
epoch: 6, train_batch_id: 50, avg_cost: 4659.118208005071
loss: 29582.127052151875, grad norm: 174095.984375, clipped: 1.0
epoch: 6, train_batch_id: 100, avg_cost: 4132.719722408278
loss: 33771.43792607197, grad norm: 231047.90625, clipped: 1.0
epoch: 6, train_batch_id: 150, avg_cost: 4867.14418806148
loss: 15108.3589106541, grad norm: 186821.03125, clipped: 1.0
Finished epoch 6, took 00:08:06 s
####Saving model and state...
调用validate
Validating...
Validation overall avg_cost: 4456.8904457337085 +- 8.164523518428938
Evaluating candidate model on evaluation dataset
Epoch 6 candidate mean 4461.625656090841, baseline epoch 0 mean 4444.312178224252, difference 17.313477866588983
Start train epoch 7, lr=0.0001 for run train_raw_100_200ep_20260228T162008
Evaluating baseline on dataset...
Training baseline model...
开始train_epoch正式训练，总的 batch 大小: 200
Start training epoch 7...
epoch: 7, train_batch_id: 0, avg_cost: 4384.233945360026
loss: 24579.530538360657, grad norm: 188590.140625, clipped: 1.0
epoch: 7, train_batch_id: 50, avg_cost: 4648.183895414474
loss: 23472.24339028735, grad norm: 176101.5, clipped: 1.0
epoch: 7, train_batch_id: 100, avg_cost: 4187.091900501549
loss: 21223.041975572087, grad norm: 177533.296875, clipped: 1.0
epoch: 7, train_batch_id: 150, avg_cost: 3943.3328570605904
loss: 32633.121719270508, grad norm: 185054.859375, clipped: 1.0
Finished epoch 7, took 00:08:00 s
####Saving model and state...
调用validate
Validating...
Validation overall avg_cost: 4427.9028725765975 +- 8.134114266819152
Evaluating candidate model on evaluation dataset
Epoch 7 candidate mean 4437.149517553363, baseline epoch 0 mean 4444.312178224252, difference -7.162660670889636
p-value: 0.13394735389619475
Start train epoch 8, lr=0.0001 for run train_raw_100_200ep_20260228T162008
Evaluating baseline on dataset...
Training baseline model...
开始train_epoch正式训练，总的 batch 大小: 200
Start training epoch 8...
epoch: 8, train_batch_id: 0, avg_cost: 4499.62223268535
loss: 35774.218756006856, grad norm: 208494.953125, clipped: 1.0
epoch: 8, train_batch_id: 50, avg_cost: 3981.675075772727
loss: 29068.50180976108, grad norm: 153021.0625, clipped: 1.0
epoch: 8, train_batch_id: 100, avg_cost: 4190.017020330925
loss: 34319.66037154807, grad norm: 185668.25, clipped: 1.0
epoch: 8, train_batch_id: 150, avg_cost: 3742.0159222777447
loss: 37988.419749886045, grad norm: 203648.75, clipped: 1.0
Finished epoch 8, took 00:07:57 s
####Saving model and state...
调用validate
Validating...
Validation overall avg_cost: 4459.25551399689 +- 8.324270847407853
Evaluating candidate model on evaluation dataset
Epoch 8 candidate mean 4462.095842874781, baseline epoch 0 mean 4444.312178224252, difference 17.783664650528408
Start train epoch 9, lr=0.0001 for run train_raw_100_200ep_20260228T162008
Evaluating baseline on dataset...
Training baseline model...
开始train_epoch正式训练，总的 batch 大小: 200
Start training epoch 9...
epoch: 9, train_batch_id: 0, avg_cost: 3999.8804068179625
loss: 36098.356311271564, grad norm: 209940.171875, clipped: 1.0
epoch: 9, train_batch_id: 50, avg_cost: 4598.896575527125
loss: 23842.91133753838, grad norm: 158841.359375, clipped: 1.0
epoch: 9, train_batch_id: 100, avg_cost: 4128.775814115221
loss: 35246.44479721338, grad norm: 203865.71875, clipped: 1.0
epoch: 9, train_batch_id: 150, avg_cost: 3903.542788728214
loss: 37452.32605026057, grad norm: 198707.515625, clipped: 1.0
Finished epoch 9, took 00:07:58 s
####Saving model and state...
调用validate
Validating...
Validation overall avg_cost: 4427.4248780604585 +- 7.876662190940059
Evaluating candidate model on evaluation dataset
Epoch 9 candidate mean 4445.807863327989, baseline epoch 0 mean 4444.312178224252, difference 1.4956851037368324
Start train epoch 10, lr=0.0001 for run train_raw_100_200ep_20260228T162008
Evaluating baseline on dataset...
Training baseline model...
开始train_epoch正式训练，总的 batch 大小: 200
Start training epoch 10...
epoch: 10, train_batch_id: 0, avg_cost: 4245.402237751222
loss: 26769.595515287285, grad norm: 177968.5625, clipped: 1.0
epoch: 10, train_batch_id: 50, avg_cost: 4501.613388740672
loss: 21676.694975693754, grad norm: 154744.25, clipped: 1.0
epoch: 10, train_batch_id: 100, avg_cost: 4162.754940529812
loss: 10030.62209253608, grad norm: 118024.1015625, clipped: 1.0
epoch: 10, train_batch_id: 150, avg_cost: 4036.6386016480956
loss: 14840.316629078889, grad norm: 124989.4453125, clipped: 1.0
Finished epoch 10, took 00:07:33 s
####Saving model and state...
调用validate
Validating...
Validation overall avg_cost: 4418.129900877365 +- 7.835074986802888
Evaluating candidate model on evaluation dataset
Epoch 10 candidate mean 4425.613894908907, baseline epoch 0 mean 4444.312178224252, difference -18.69828331534518
p-value: 0.0015111184697000084
Update baseline
Evaluating baseline model on evaluation dataset

Start train epoch 11, lr=0.0001 for run train_raw_100_200ep_20260228T162008
Evaluating baseline on dataset...
Training baseline model...
开始train_epoch正式训练，总的 batch 大小: 200
Start training epoch 11...
epoch: 11, train_batch_id: 0, avg_cost: 4250.900589081171
loss: -1113.385329938453, grad norm: 57602.85546875, clipped: 1.0
epoch: 11, train_batch_id: 50, avg_cost: 3922.0777804061545
loss: 391.92008884576853, grad norm: 78925.4609375, clipped: 1.0
epoch: 11, train_batch_id: 100, avg_cost: 4578.95634565201
loss: 5537.272861639724, grad norm: 110147.859375, clipped: 1.0
epoch: 11, train_batch_id: 150, avg_cost: 3793.84610874792
loss: 2077.5398289329573, grad norm: 70627.1796875, clipped: 1.0
Finished epoch 11, took 00:08:39 s
####Saving model and state...
调用validate
Validating...
Validation overall avg_cost: 4459.90184615299 +- 8.357510551794999
Evaluating candidate model on evaluation dataset
Epoch 11 candidate mean 4472.111168663908, baseline epoch 10 mean 4423.544187526574, difference 48.56698113733364
Start train epoch 12, lr=0.0001 for run train_raw_100_200ep_20260228T162008
Evaluating baseline on dataset...
Training baseline model...
开始train_epoch正式训练，总的 batch 大小: 200
Start training epoch 12...
epoch: 12, train_batch_id: 0, avg_cost: 4310.138058456914
loss: 446.24758195354707, grad norm: 86895.8515625, clipped: 1.0
epoch: 12, train_batch_id: 50, avg_cost: 4332.779827896031
loss: 1246.597667781099, grad norm: 91541.796875, clipped: 1.0
epoch: 12, train_batch_id: 100, avg_cost: 3941.653434793597
loss: 3653.1136295059096, grad norm: 108115.734375, clipped: 1.0
epoch: 12, train_batch_id: 150, avg_cost: 4168.783180249279
loss: 5379.86185697184, grad norm: 96066.7421875, clipped: 1.0
Finished epoch 12, took 00:08:39 s
####Saving model and state...
调用validate
Validating...
Validation overall avg_cost: 4394.926975368145 +- 7.923006232046443
Evaluating candidate model on evaluation dataset
Epoch 12 candidate mean 4398.922156428755, baseline epoch 10 mean 4423.544187526574, difference -24.622031097818763
p-value: 3.06578854146332e-05
Update baseline
Evaluating baseline model on evaluation dataset

Start train epoch 13, lr=0.0001 for run train_raw_100_200ep_20260228T162008
Evaluating baseline on dataset...
Training baseline model...
开始train_epoch正式训练，总的 batch 大小: 200
Start training epoch 13...
epoch: 13, train_batch_id: 0, avg_cost: 4596.627620427501
loss: -3503.148879931883, grad norm: 76740.40625, clipped: 1.0
epoch: 13, train_batch_id: 50, avg_cost: 4122.9785929484515
loss: -2139.8489934739105, grad norm: 56277.18359375, clipped: 1.0
epoch: 13, train_batch_id: 100, avg_cost: 4070.2014177100223
loss: -5364.036708027363, grad norm: 72384.671875, clipped: 1.0
epoch: 13, train_batch_id: 150, avg_cost: 4264.9165737242365
loss: -5071.713219441224, grad norm: 87144.0859375, clipped: 1.0
Finished epoch 13, took 00:08:45 s
####Saving model and state...
调用validate
Validating...
Validation overall avg_cost: 4412.395988136882 +- 8.032560805058027
Evaluating candidate model on evaluation dataset
Epoch 13 candidate mean 4409.3115343395675, baseline epoch 12 mean 4382.240893041833, difference 27.070641297734255
Start train epoch 14, lr=0.0001 for run train_raw_100_200ep_20260228T162008
Evaluating baseline on dataset...
Training baseline model...
开始train_epoch正式训练，总的 batch 大小: 200
Start training epoch 14...
epoch: 14, train_batch_id: 0, avg_cost: 3732.5696655183333
loss: -4876.089668573137, grad norm: 68793.484375, clipped: 1.0
epoch: 14, train_batch_id: 50, avg_cost: 4459.923009154889
loss: -13758.883941761622, grad norm: 88699.9453125, clipped: 1.0
epoch: 14, train_batch_id: 100, avg_cost: 3915.563326301064
loss: -10662.970005612158, grad norm: 77354.890625, clipped: 1.0
epoch: 14, train_batch_id: 150, avg_cost: 4260.571544863438
loss: -8686.001231661648, grad norm: 78233.7265625, clipped: 1.0
Finished epoch 14, took 00:08:51 s
####Saving model and state...
调用validate
Validating...
Validation overall avg_cost: 4380.164627945864 +- 8.183416965761804
Evaluating candidate model on evaluation dataset
Epoch 14 candidate mean 4373.118410322945, baseline epoch 12 mean 4382.240893041833, difference -9.122482718888023
p-value: 0.07094172310132608
Start train epoch 15, lr=0.0001 for run train_raw_100_200ep_20260228T162008
Evaluating baseline on dataset...
Training baseline model...
开始train_epoch正式训练，总的 batch 大小: 200
Start training epoch 15...
epoch: 15, train_batch_id: 0, avg_cost: 3936.281605235516
loss: -5457.242434191937, grad norm: 93713.9296875, clipped: 1.0
epoch: 15, train_batch_id: 50, avg_cost: 4856.34368841053
loss: -8271.929019260726, grad norm: 97083.7265625, clipped: 1.0
epoch: 15, train_batch_id: 100, avg_cost: 4403.306432540467
loss: -1939.0766144631084, grad norm: 88983.65625, clipped: 1.0
epoch: 15, train_batch_id: 150, avg_cost: 4217.0088722590735
loss: 407.233356666934, grad norm: 57855.234375, clipped: 1.0
Finished epoch 15, took 00:08:43 s
####Saving model and state...
调用validate
Validating...
Validation overall avg_cost: 4362.770804628735 +- 7.662731106251192
Evaluating candidate model on evaluation dataset
Epoch 15 candidate mean 4359.653265692772, baseline epoch 12 mean 4382.240893041833, difference -22.587627349061222
p-value: 0.000104057418384531
Update baseline
Evaluating baseline model on evaluation dataset

Start train epoch 16, lr=0.0001 for run train_raw_100_200ep_20260228T162008
Evaluating baseline on dataset...
Training baseline model...
开始train_epoch正式训练，总的 batch 大小: 200
Start training epoch 16...
epoch: 16, train_batch_id: 0, avg_cost: 4395.398715929377
loss: -4499.985059541699, grad norm: 66401.5546875, clipped: 1.0
epoch: 16, train_batch_id: 50, avg_cost: 4314.914245186277
loss: -8444.211309200935, grad norm: 61151.0234375, clipped: 1.0
epoch: 16, train_batch_id: 100, avg_cost: 4391.608982350177
loss: -5155.875049159432, grad norm: 72947.3359375, clipped: 1.0
epoch: 16, train_batch_id: 150, avg_cost: 4117.966865932029
loss: -1568.5792321499364, grad norm: 58233.87109375, clipped: 1.0
Finished epoch 16, took 00:08:39 s
####Saving model and state...
调用validate
Validating...
Validation overall avg_cost: 4322.34915272454 +- 7.933870137870878
Evaluating candidate model on evaluation dataset
Epoch 16 candidate mean 4332.521529254287, baseline epoch 15 mean 4369.601865340863, difference -37.0803360865757
p-value: 1.1958127881875007e-09
Update baseline
Evaluating baseline model on evaluation dataset

Start train epoch 17, lr=0.0001 for run train_raw_100_200ep_20260228T162008
Evaluating baseline on dataset...
Training baseline model...
开始train_epoch正式训练，总的 batch 大小: 200
Start training epoch 17...
epoch: 17, train_batch_id: 0, avg_cost: 3950.179860595072
loss: -6176.552625401892, grad norm: 67446.734375, clipped: 1.0
epoch: 17, train_batch_id: 50, avg_cost: 4096.685808292698
loss: -4266.659890797582, grad norm: 71335.046875, clipped: 1.0
epoch: 17, train_batch_id: 100, avg_cost: 4348.710152809857
loss: -674.5132262324273, grad norm: 58254.21484375, clipped: 1.0
epoch: 17, train_batch_id: 150, avg_cost: 4369.130979261956
loss: -5967.535390920069, grad norm: 70014.6015625, clipped: 1.0
Finished epoch 17, took 00:08:20 s
####Saving model and state...
调用validate
Validating...
Validation overall avg_cost: 4337.931081831861 +- 7.8407032258826765
Evaluating candidate model on evaluation dataset
Epoch 17 candidate mean 4319.377433872701, baseline epoch 16 mean 4310.891162083113, difference 8.48627178958759
Start train epoch 18, lr=0.0001 for run train_raw_100_200ep_20260228T162008
Evaluating baseline on dataset...
Training baseline model...
开始train_epoch正式训练，总的 batch 大小: 200
Start training epoch 18...
epoch: 18, train_batch_id: 0, avg_cost: 4209.528596250341
loss: -2270.6268492164772, grad norm: 65797.609375, clipped: 1.0
epoch: 18, train_batch_id: 50, avg_cost: 3859.5133670723108
loss: 794.1815259592959, grad norm: 82309.328125, clipped: 1.0
epoch: 18, train_batch_id: 100, avg_cost: 4035.256360136914
loss: -2407.291531221557, grad norm: 80179.71875, clipped: 1.0
epoch: 18, train_batch_id: 150, avg_cost: 3758.610579742892
loss: -1495.925818194397, grad norm: 86796.65625, clipped: 1.0
Finished epoch 18, took 00:08:20 s
####Saving model and state...
调用validate
Validating...
Validation overall avg_cost: 4378.480685802175 +- 8.088384106848835
Evaluating candidate model on evaluation dataset
Epoch 18 candidate mean 4356.966882696284, baseline epoch 16 mean 4310.891162083113, difference 46.07572061317114
Start train epoch 19, lr=0.0001 for run train_raw_100_200ep_20260228T162008
Evaluating baseline on dataset...
Training baseline model...
开始train_epoch正式训练，总的 batch 大小: 200
Start training epoch 19...
epoch: 19, train_batch_id: 0, avg_cost: 4358.953766057098
loss: -1170.899689840997, grad norm: 95927.5859375, clipped: 1.0
epoch: 19, train_batch_id: 50, avg_cost: 4307.775487078492
loss: -3438.7363680973826, grad norm: 84356.1953125, clipped: 1.0
epoch: 19, train_batch_id: 100, avg_cost: 4439.800743119239
loss: -2432.5360786769074, grad norm: 85433.1015625, clipped: 1.0
epoch: 19, train_batch_id: 150, avg_cost: 3953.437345307557
loss: -1427.8262919062138, grad norm: 91293.0078125, clipped: 1.0
Finished epoch 19, took 00:08:13 s
####Saving model and state...
调用validate
Validating...
Validation overall avg_cost: 4335.543959579098 +- 7.96547541622107
Evaluating candidate model on evaluation dataset
Epoch 19 candidate mean 4322.701316193807, baseline epoch 16 mean 4310.891162083113, difference 11.810154110693475
Start train epoch 20, lr=0.0001 for run train_raw_100_200ep_20260228T162008
Evaluating baseline on dataset...
Training baseline model...
开始train_epoch正式训练，总的 batch 大小: 200
Start training epoch 20...
epoch: 20, train_batch_id: 0, avg_cost: 4269.398927660796
loss: -8036.388846885756, grad norm: 102908.9375, clipped: 1.0
epoch: 20, train_batch_id: 50, avg_cost: 4297.551626376413
loss: -4587.343282456948, grad norm: 96006.015625, clipped: 1.0
epoch: 20, train_batch_id: 100, avg_cost: 4561.813114146026
loss: -11167.973545520792, grad norm: 95778.75, clipped: 1.0
epoch: 20, train_batch_id: 150, avg_cost: 4346.132410295286
loss: -6246.033110767958, grad norm: 97372.6953125, clipped: 1.0
Finished epoch 20, took 00:08:07 s
####Saving model and state...
调用validate
Validating...
Validation overall avg_cost: 4313.532685545856 +- 8.004127739634276
Evaluating candidate model on evaluation dataset
Epoch 20 candidate mean 4298.509768677803, baseline epoch 16 mean 4310.891162083113, difference -12.381393405310519
p-value: 0.02061779256962164
Update baseline
Evaluating baseline model on evaluation dataset

Start train epoch 21, lr=0.0001 for run train_raw_100_200ep_20260228T162008
Evaluating baseline on dataset...
Training baseline model...
开始train_epoch正式训练，总的 batch 大小: 200
Start training epoch 21...
epoch: 21, train_batch_id: 0, avg_cost: 4038.866344214812
loss: -6000.085519515229, grad norm: 56006.875, clipped: 1.0
epoch: 21, train_batch_id: 50, avg_cost: 4346.319126844951
loss: -3077.6745343258335, grad norm: 69738.0390625, clipped: 1.0
epoch: 21, train_batch_id: 100, avg_cost: 4100.534187823929
loss: 1169.0086934534713, grad norm: 80450.234375, clipped: 1.0
epoch: 21, train_batch_id: 150, avg_cost: 3886.778732667998
loss: 4880.441021927044, grad norm: 67021.8515625, clipped: 1.0
Finished epoch 21, took 00:08:15 s
####Saving model and state...
调用validate
Validating...
Validation overall avg_cost: 4286.669193596358 +- 7.868015504252494
Evaluating candidate model on evaluation dataset
Epoch 21 candidate mean 4291.388063382955, baseline epoch 20 mean 4324.5901057775945, difference -33.20204239463965
p-value: 5.0005573693828914e-09
Update baseline
Evaluating baseline model on evaluation dataset

Start train epoch 22, lr=0.0001 for run train_raw_100_200ep_20260228T162008
Evaluating baseline on dataset...
Training baseline model...
开始train_epoch正式训练，总的 batch 大小: 200
Start training epoch 22...
epoch: 22, train_batch_id: 0, avg_cost: 4093.4693197981637
loss: 297.4584778880537, grad norm: 70246.359375, clipped: 1.0
epoch: 22, train_batch_id: 50, avg_cost: 3734.2666644031187
loss: -5469.763994078306, grad norm: 65807.1484375, clipped: 1.0
epoch: 22, train_batch_id: 100, avg_cost: 4329.4491571753715
loss: -4122.222984980459, grad norm: 82298.578125, clipped: 1.0
epoch: 22, train_batch_id: 150, avg_cost: 4011.1167895641215
loss: -2712.753430776809, grad norm: 68937.2421875, clipped: 1.0
Finished epoch 22, took 00:08:06 s
####Saving model and state...
调用validate
Validating...
Validation overall avg_cost: 4286.1831289664515 +- 7.971500746647081
Evaluating candidate model on evaluation dataset
Epoch 22 candidate mean 4276.921413610705, baseline epoch 21 mean 4281.99780033656, difference -5.0763867258556274
p-value: 0.18989968058524276
Start train epoch 23, lr=0.0001 for run train_raw_100_200ep_20260228T162008
Evaluating baseline on dataset...
Training baseline model...
开始train_epoch正式训练，总的 batch 大小: 200
Start training epoch 23...
epoch: 23, train_batch_id: 0, avg_cost: 4072.9985676981705
loss: -3075.8677456857577, grad norm: 57847.89453125, clipped: 1.0
epoch: 23, train_batch_id: 50, avg_cost: 4066.5230762534247
loss: 1889.1129418668488, grad norm: 69806.78125, clipped: 1.0
epoch: 23, train_batch_id: 100, avg_cost: 4249.774342811635
loss: -1151.4289447944125, grad norm: 70176.3203125, clipped: 1.0
epoch: 23, train_batch_id: 150, avg_cost: 4617.0540817541005
loss: -6105.81787932577, grad norm: 94465.0078125, clipped: 1.0
Finished epoch 23, took 00:08:17 s
####Saving model and state...
调用validate
Validating...
Validation overall avg_cost: 4307.134380795388 +- 7.938692990452016
Evaluating candidate model on evaluation dataset
Epoch 23 candidate mean 4303.0069021496665, baseline epoch 21 mean 4281.99780033656, difference 21.0091018131061
Start train epoch 24, lr=0.0001 for run train_raw_100_200ep_20260228T162008
Evaluating baseline on dataset...
Training baseline model...
开始train_epoch正式训练，总的 batch 大小: 200
Start training epoch 24...
epoch: 24, train_batch_id: 0, avg_cost: 3916.5078400621437
loss: -5138.868707872275, grad norm: 65731.34375, clipped: 1.0
epoch: 24, train_batch_id: 50, avg_cost: 3995.4076086279047
loss: -2830.6103060137752, grad norm: 94598.1015625, clipped: 1.0
epoch: 24, train_batch_id: 100, avg_cost: 4138.999271236065
loss: -3884.185767762717, grad norm: 80962.9765625, clipped: 1.0
epoch: 24, train_batch_id: 150, avg_cost: 4180.389638211607
loss: 1685.5507480028045, grad norm: 105703.65625, clipped: 1.0
Finished epoch 24, took 00:08:15 s
####Saving model and state...
调用validate
Validating...
Validation overall avg_cost: 4315.6061663698165 +- 8.055772017505808
Evaluating candidate model on evaluation dataset
Epoch 24 candidate mean 4308.128046832067, baseline epoch 21 mean 4281.99780033656, difference 26.13024649550698
Start train epoch 25, lr=0.0001 for run train_raw_100_200ep_20260228T162008
Evaluating baseline on dataset...
Training baseline model...
开始train_epoch正式训练，总的 batch 大小: 200
Start training epoch 25...
epoch: 25, train_batch_id: 0, avg_cost: 3879.2685288196603
loss: -4381.531711287511, grad norm: 80582.09375, clipped: 1.0
epoch: 25, train_batch_id: 50, avg_cost: 4346.796392201034
loss: -6787.681234335758, grad norm: 103622.0, clipped: 1.0
epoch: 25, train_batch_id: 100, avg_cost: 4614.097961147351
loss: -10001.461713250748, grad norm: 111026.03125, clipped: 1.0
epoch: 25, train_batch_id: 150, avg_cost: 4127.654435430716
loss: -7617.919828508708, grad norm: 94697.078125, clipped: 1.0
Finished epoch 25, took 00:08:13 s
####Saving model and state...
调用validate
Validating...
Validation overall avg_cost: 4292.569453253354 +- 7.9926356692154465
Evaluating candidate model on evaluation dataset
Epoch 25 candidate mean 4292.457086947084, baseline epoch 21 mean 4281.99780033656, difference 10.459286610523122
Start train epoch 26, lr=0.0001 for run train_raw_100_200ep_20260228T162008
Evaluating baseline on dataset...
Training baseline model...
开始train_epoch正式训练，总的 batch 大小: 200
Start training epoch 26...
epoch: 26, train_batch_id: 0, avg_cost: 4538.707899059009
loss: -5820.983855064091, grad norm: 124064.4296875, clipped: 1.0
epoch: 26, train_batch_id: 50, avg_cost: 4253.370277647199
loss: -8542.754802867854, grad norm: 91701.2578125, clipped: 1.0
epoch: 26, train_batch_id: 100, avg_cost: 4176.887773588398
loss: -5160.203752448915, grad norm: 68252.0859375, clipped: 1.0
epoch: 26, train_batch_id: 150, avg_cost: 3853.973932481481
loss: -1441.7630160106946, grad norm: 74681.9609375, clipped: 1.0
Finished epoch 26, took 00:08:16 s
####Saving model and state...
调用validate
Validating...
Validation overall avg_cost: 4290.229831088349 +- 7.691619931696525
Evaluating candidate model on evaluation dataset
Epoch 26 candidate mean 4283.339653046651, baseline epoch 21 mean 4281.99780033656, difference 1.3418527100902793
Start train epoch 27, lr=0.0001 for run train_raw_100_200ep_20260228T162008
Evaluating baseline on dataset...
Training baseline model...
开始train_epoch正式训练，总的 batch 大小: 200
Start training epoch 27...
epoch: 27, train_batch_id: 0, avg_cost: 4662.364685197143
loss: -1403.3654914684253, grad norm: 64264.00390625, clipped: 1.0
epoch: 27, train_batch_id: 50, avg_cost: 4020.12923714684
loss: -966.7688590382854, grad norm: 77363.9296875, clipped: 1.0
epoch: 27, train_batch_id: 100, avg_cost: 3800.2434123164844
loss: -281.2957929921646, grad norm: 86369.3515625, clipped: 1.0
epoch: 27, train_batch_id: 150, avg_cost: 4057.575001831949
loss: -1128.9714882917206, grad norm: 84373.7734375, clipped: 1.0
Finished epoch 27, took 00:08:14 s
####Saving model and state...
调用validate
Validating...
Validation overall avg_cost: 4287.324218770476 +- 7.799301002924038
Evaluating candidate model on evaluation dataset
Epoch 27 candidate mean 4274.896070753096, baseline epoch 21 mean 4281.99780033656, difference -7.101729583464476
p-value: 0.11454235567276931
Start train epoch 28, lr=0.0001 for run train_raw_100_200ep_20260228T162008
Evaluating baseline on dataset...
Training baseline model...
开始train_epoch正式训练，总的 batch 大小: 200
Start training epoch 28...
epoch: 28, train_batch_id: 0, avg_cost: 4399.806584735476
loss: -2987.3486550346097, grad norm: 81369.46875, clipped: 1.0
epoch: 28, train_batch_id: 50, avg_cost: 4246.324742563426
loss: -135.85896169255147, grad norm: 100471.3671875, clipped: 1.0
epoch: 28, train_batch_id: 100, avg_cost: 4406.952955328473
loss: -1929.287737092678, grad norm: 85117.8046875, clipped: 1.0
epoch: 28, train_batch_id: 150, avg_cost: 4135.142046795749
loss: -5004.993581883089, grad norm: 80934.2421875, clipped: 1.0
Finished epoch 28, took 00:08:15 s
####Saving model and state...
调用validate
Validating...
Validation overall avg_cost: 4265.831301208297 +- 7.64804548221918
Evaluating candidate model on evaluation dataset
Epoch 28 candidate mean 4259.836125362819, baseline epoch 21 mean 4281.99780033656, difference -22.161674973741356
p-value: 0.0001492230072496406
Update baseline
Evaluating baseline model on evaluation dataset

Start train epoch 29, lr=0.0001 for run train_raw_100_200ep_20260228T162008
Evaluating baseline on dataset...
Training baseline model...
开始train_epoch正式训练，总的 batch 大小: 200
Start training epoch 29...
epoch: 29, train_batch_id: 0, avg_cost: 4438.696769065297
loss: -5611.272428029644, grad norm: 61679.6796875, clipped: 1.0
epoch: 29, train_batch_id: 50, avg_cost: 4060.112481994093
loss: -6146.762621110934, grad norm: 56840.48828125, clipped: 1.0
epoch: 29, train_batch_id: 100, avg_cost: 4154.087171040961
loss: -5679.202165228814, grad norm: 75860.140625, clipped: 1.0
epoch: 29, train_batch_id: 150, avg_cost: 4206.590708325352
loss: -3821.9378113721655, grad norm: 62246.33984375, clipped: 1.0
Finished epoch 29, took 00:08:26 s
####Saving model and state...
调用validate
Validating...
Validation overall avg_cost: 4246.460227033685 +- 7.677649190050641
Evaluating candidate model on evaluation dataset
Epoch 29 candidate mean 4259.883920789919, baseline epoch 28 mean 4282.36229961554, difference -22.478378825620894
p-value: 3.471801648623433e-05
Update baseline
Evaluating baseline model on evaluation dataset

Start train epoch 30, lr=0.0001 for run train_raw_100_200ep_20260228T162008
Evaluating baseline on dataset...
Training baseline model...
开始train_epoch正式训练，总的 batch 大小: 200
Start training epoch 30...
epoch: 30, train_batch_id: 0, avg_cost: 3711.9516453222236
loss: -4770.865429864427, grad norm: 50220.765625, clipped: 1.0
epoch: 30, train_batch_id: 50, avg_cost: 4309.68255992828
loss: -3697.9023405743746, grad norm: 57346.80859375, clipped: 1.0
epoch: 30, train_batch_id: 100, avg_cost: 4497.9107151193275
loss: -9810.828986294051, grad norm: 96673.84375, clipped: 1.0
epoch: 30, train_batch_id: 150, avg_cost: 3518.592325560533
loss: -6402.977967528968, grad norm: 63520.15625, clipped: 1.0
Finished epoch 30, took 00:08:27 s
####Saving model and state...
调用validate
Validating...
Validation overall avg_cost: 4267.375752874676 +- 7.941917534052295
Evaluating candidate model on evaluation dataset
Epoch 30 candidate mean 4271.562571399974, baseline epoch 29 mean 4247.334724091042, difference 24.227847308932724
Start train epoch 31, lr=0.0001 for run train_raw_100_200ep_20260228T162008
Evaluating baseline on dataset...
Training baseline model...
开始train_epoch正式训练，总的 batch 大小: 200
Start training epoch 31...
epoch: 31, train_batch_id: 0, avg_cost: 3762.036500539428
loss: -7777.681890433806, grad norm: 62547.34765625, clipped: 1.0
epoch: 31, train_batch_id: 50, avg_cost: 3760.2925585828416
loss: -4770.789143938399, grad norm: 52574.0859375, clipped: 1.0
epoch: 31, train_batch_id: 100, avg_cost: 4217.840883840434
loss: -9130.707930718498, grad norm: 81715.8984375, clipped: 1.0
epoch: 31, train_batch_id: 150, avg_cost: 4274.2971045739105
loss: -7920.172620225783, grad norm: 61917.71875, clipped: 1.0
Finished epoch 31, took 00:08:31 s
####Saving model and state...
调用validate
Validating...
Validation overall avg_cost: 4228.770826582193 +- 7.804349821729407
Evaluating candidate model on evaluation dataset
Epoch 31 candidate mean 4241.098056965715, baseline epoch 29 mean 4247.334724091042, difference -6.236667125326676
p-value: 0.1306923213960747
Start train epoch 32, lr=0.0001 for run train_raw_100_200ep_20260228T162008
Evaluating baseline on dataset...
Training baseline model...
开始train_epoch正式训练，总的 batch 大小: 200
Start training epoch 32...
epoch: 32, train_batch_id: 0, avg_cost: 3928.8466732809984
loss: -3166.606134769162, grad norm: 80326.0390625, clipped: 1.0
epoch: 32, train_batch_id: 50, avg_cost: 4295.321738286274
loss: -5405.156779824876, grad norm: 68215.59375, clipped: 1.0
epoch: 32, train_batch_id: 100, avg_cost: 4034.562864446194
loss: -5847.187594322935, grad norm: 62912.46875, clipped: 1.0
epoch: 32, train_batch_id: 150, avg_cost: 4370.567445636679
loss: -6405.952337450424, grad norm: 71555.75, clipped: 1.0
Finished epoch 32, took 00:08:27 s
####Saving model and state...
调用validate
Validating...
Validation overall avg_cost: 4209.431371287553 +- 7.809554128033414
Evaluating candidate model on evaluation dataset
Epoch 32 candidate mean 4219.865410338452, baseline epoch 29 mean 4247.334724091042, difference -27.469313752589187
p-value: 1.928305549679013e-06
Update baseline
Evaluating baseline model on evaluation dataset

Start train epoch 33, lr=0.0001 for run train_raw_100_200ep_20260228T162008
Evaluating baseline on dataset...
Training baseline model...
开始train_epoch正式训练，总的 batch 大小: 200
Start training epoch 33...
epoch: 33, train_batch_id: 0, avg_cost: 4408.256896734724
loss: -10719.92235000369, grad norm: 70584.2578125, clipped: 1.0
epoch: 33, train_batch_id: 50, avg_cost: 3902.352962546225
loss: -10640.856184508804, grad norm: 70775.96875, clipped: 1.0
epoch: 33, train_batch_id: 100, avg_cost: 4275.644047827202
loss: -8534.341053802054, grad norm: 85647.75, clipped: 1.0
epoch: 33, train_batch_id: 150, avg_cost: 4333.202986303777
loss: -9304.26934848896, grad norm: 78805.3671875, clipped: 1.0
Finished epoch 33, took 00:08:17 s
####Saving model and state...
调用validate
Validating...
Validation overall avg_cost: 4207.767406136464 +- 7.687490241939476
Evaluating candidate model on evaluation dataset
Epoch 33 candidate mean 4206.707924952344, baseline epoch 32 mean 4207.43067070253, difference -0.7227457501858225
p-value: 0.4468034227390628
Start train epoch 34, lr=0.0001 for run train_raw_100_200ep_20260228T162008
Evaluating baseline on dataset...
Training baseline model...
开始train_epoch正式训练，总的 batch 大小: 200
Start training epoch 34...
epoch: 34, train_batch_id: 0, avg_cost: 3768.046300665587
loss: -3175.1176298770347, grad norm: 77964.1171875, clipped: 1.0
epoch: 34, train_batch_id: 50, avg_cost: 4033.5137288251617
loss: -5374.759213748945, grad norm: 79974.0625, clipped: 1.0
epoch: 34, train_batch_id: 100, avg_cost: 4125.927541263809
loss: -6879.577766813525, grad norm: 63049.01171875, clipped: 1.0
epoch: 34, train_batch_id: 150, avg_cost: 3794.0349927097723
loss: -2800.166578703655, grad norm: 58683.78515625, clipped: 1.0
Finished epoch 34, took 00:08:17 s
####Saving model and state...
调用validate
Validating...
Validation overall avg_cost: 4224.5138965395645 +- 7.923798311641318
Evaluating candidate model on evaluation dataset
Epoch 34 candidate mean 4220.788330359148, baseline epoch 32 mean 4207.43067070253, difference 13.357659656618125
Start train epoch 35, lr=0.0001 for run train_raw_100_200ep_20260228T162008
Evaluating baseline on dataset...
Training baseline model...
开始train_epoch正式训练，总的 batch 大小: 200
Start training epoch 35...
epoch: 35, train_batch_id: 0, avg_cost: 3967.4889249089483
loss: -4387.3194179871425, grad norm: 78376.015625, clipped: 1.0
epoch: 35, train_batch_id: 50, avg_cost: 3863.6925967834595
loss: -5136.9050191704, grad norm: 54559.54296875, clipped: 1.0
epoch: 35, train_batch_id: 100, avg_cost: 3765.8404516603723
loss: -6927.634419727652, grad norm: 94090.4609375, clipped: 1.0
epoch: 35, train_batch_id: 150, avg_cost: 4379.291834732132
loss: -10233.91449119974, grad norm: 82235.6328125, clipped: 1.0
Finished epoch 35, took 00:08:17 s
####Saving model and state...
调用validate
Validating...
Validation overall avg_cost: 4243.920924534951 +- 8.163249826745995
Evaluating candidate model on evaluation dataset
Epoch 35 candidate mean 4234.908930798213, baseline epoch 32 mean 4207.43067070253, difference 27.478260095683254
Start train epoch 36, lr=0.0001 for run train_raw_100_200ep_20260228T162008
Evaluating baseline on dataset...
Training baseline model...
开始train_epoch正式训练，总的 batch 大小: 200
Start training epoch 36...
epoch: 36, train_batch_id: 0, avg_cost: 3830.0857782384346
loss: -3416.2517084177143, grad norm: 62011.40625, clipped: 1.0
epoch: 36, train_batch_id: 50, avg_cost: 4432.788360612757
loss: -3630.0893346195207, grad norm: 51133.87890625, clipped: 1.0
epoch: 36, train_batch_id: 100, avg_cost: 4331.229066220489
loss: 567.1208215505368, grad norm: 72823.65625, clipped: 1.0
epoch: 36, train_batch_id: 150, avg_cost: 3763.4874958007385
loss: -1460.7325283632267, grad norm: 71621.25, clipped: 1.0
Finished epoch 36, took 00:08:19 s
####Saving model and state...
调用validate
Validating...
Validation overall avg_cost: 4194.982046950464 +- 7.9008386246459015
Evaluating candidate model on evaluation dataset
Epoch 36 candidate mean 4185.381911304181, baseline epoch 32 mean 4207.43067070253, difference -22.04875939834892
p-value: 0.00017502877087668953
Update baseline
Evaluating baseline model on evaluation dataset

Start train epoch 37, lr=0.0001 for run train_raw_100_200ep_20260228T162008
Evaluating baseline on dataset...
Training baseline model...
开始train_epoch正式训练，总的 batch 大小: 200
Start training epoch 37...
epoch: 37, train_batch_id: 0, avg_cost: 3901.2353228218435
loss: -3958.1296746473763, grad norm: 62026.59375, clipped: 1.0
epoch: 37, train_batch_id: 50, avg_cost: 4166.362297775235
loss: -7571.586481750395, grad norm: 64877.35546875, clipped: 1.0
epoch: 37, train_batch_id: 100, avg_cost: 4163.690727103307
loss: -9520.19225429498, grad norm: 74930.15625, clipped: 1.0
epoch: 37, train_batch_id: 150, avg_cost: 3729.380832188023
loss: -9563.444038222699, grad norm: 58351.6484375, clipped: 1.0
Finished epoch 37, took 00:08:23 s
####Saving model and state...
调用validate
Validating...
Validation overall avg_cost: 4208.672205662866 +- 7.927312803905882
Evaluating candidate model on evaluation dataset
Epoch 37 candidate mean 4205.592646234758, baseline epoch 36 mean 4178.39020515374, difference 27.20244108101815
Start train epoch 38, lr=0.0001 for run train_raw_100_200ep_20260228T162008
Evaluating baseline on dataset...
Training baseline model...
开始train_epoch正式训练，总的 batch 大小: 200
Start training epoch 38...
epoch: 38, train_batch_id: 0, avg_cost: 4204.277850420229
loss: -5858.1718029687445, grad norm: 53476.31640625, clipped: 1.0
epoch: 38, train_batch_id: 50, avg_cost: 4292.925876777723
loss: -3779.050449758997, grad norm: 61168.09375, clipped: 1.0
epoch: 38, train_batch_id: 100, avg_cost: 4252.491521398546
loss: -1852.4611953184271, grad norm: 62518.1640625, clipped: 1.0
epoch: 38, train_batch_id: 150, avg_cost: 4134.998617561609
loss: -6842.93129846863, grad norm: 72172.6171875, clipped: 1.0
Finished epoch 38, took 00:08:18 s
####Saving model and state...
调用validate
Validating...
Validation overall avg_cost: 4195.516751529419 +- 7.894694478676329
Evaluating candidate model on evaluation dataset
Epoch 38 candidate mean 4189.063981476495, baseline epoch 36 mean 4178.39020515374, difference 10.673776322755657
Start train epoch 39, lr=0.0001 for run train_raw_100_200ep_20260228T162008
Evaluating baseline on dataset...
Training baseline model...
开始train_epoch正式训练，总的 batch 大小: 200
Start training epoch 39...
epoch: 39, train_batch_id: 0, avg_cost: 3263.781497954762
loss: -432.96575715239806, grad norm: 49907.3984375, clipped: 1.0
epoch: 39, train_batch_id: 50, avg_cost: 3712.759211751102
loss: -3807.1117745425818, grad norm: 73645.578125, clipped: 1.0
epoch: 39, train_batch_id: 100, avg_cost: 3904.193325886881
loss: -5984.697882596598, grad norm: 59912.56640625, clipped: 1.0
epoch: 39, train_batch_id: 150, avg_cost: 3596.44548231865
loss: 2787.004073394841, grad norm: 65622.1015625, clipped: 1.0
Finished epoch 39, took 00:08:23 s
####Saving model and state...
调用validate
Validating...
Validation overall avg_cost: 4182.240547482447 +- 7.6370271635238325
Evaluating candidate model on evaluation dataset
Epoch 39 candidate mean 4183.5518784236865, baseline epoch 36 mean 4178.39020515374, difference 5.161673269946732
Start train epoch 40, lr=0.0001 for run train_raw_100_200ep_20260228T162008
Evaluating baseline on dataset...
Training baseline model...
开始train_epoch正式训练，总的 batch 大小: 200
Start training epoch 40...
epoch: 40, train_batch_id: 0, avg_cost: 4059.606961245293
loss: -6306.304567540297, grad norm: 80911.15625, clipped: 1.0
epoch: 40, train_batch_id: 50, avg_cost: 3947.3046553417093
loss: -3034.9173143833887, grad norm: 67880.1171875, clipped: 1.0
epoch: 40, train_batch_id: 100, avg_cost: 3813.6422938511923
loss: -4612.881372735839, grad norm: 56736.8046875, clipped: 1.0
epoch: 40, train_batch_id: 150, avg_cost: 4140.331329980743
loss: -7309.318067366181, grad norm: 88525.1640625, clipped: 1.0
Finished epoch 40, took 00:08:13 s
####Saving model and state...
调用validate
Validating...
Validation overall avg_cost: 4163.426688084464 +- 7.690834321024558
Evaluating candidate model on evaluation dataset
Epoch 40 candidate mean 4170.568160469959, baseline epoch 36 mean 4178.39020515374, difference -7.822044683780405
p-value: 0.10237113379896932
Start train epoch 41, lr=0.0001 for run train_raw_100_200ep_20260228T162008
Evaluating baseline on dataset...
Training baseline model...
开始train_epoch正式训练，总的 batch 大小: 200
Start training epoch 41...
epoch: 41, train_batch_id: 0, avg_cost: 3637.497656802513
loss: -3904.6112243839184, grad norm: 61540.546875, clipped: 1.0
epoch: 41, train_batch_id: 50, avg_cost: 3880.843078561642
loss: -2216.6113820874825, grad norm: 78998.3515625, clipped: 1.0
epoch: 41, train_batch_id: 100, avg_cost: 4193.847638058898
loss: -5619.9675342782375, grad norm: 68114.34375, clipped: 1.0
epoch: 41, train_batch_id: 150, avg_cost: 3865.2767608274153
loss: -6145.63317056899, grad norm: 65022.5859375, clipped: 1.0
Finished epoch 41, took 00:08:22 s
####Saving model and state...
调用validate
Validating...
Validation overall avg_cost: 4166.35134906904 +- 7.669105851223059
Evaluating candidate model on evaluation dataset
Epoch 41 candidate mean 4166.008387360169, baseline epoch 36 mean 4178.39020515374, difference -12.381817793570917
p-value: 0.022110775138956793
Update baseline
Evaluating baseline model on evaluation dataset

Start train epoch 42, lr=0.0001 for run train_raw_100_200ep_20260228T162008
Evaluating baseline on dataset...
Training baseline model...
开始train_epoch正式训练，总的 batch 大小: 200
Start training epoch 42...
epoch: 42, train_batch_id: 0, avg_cost: 4000.759175326929
loss: -1795.799370210681, grad norm: 54614.39453125, clipped: 1.0
epoch: 42, train_batch_id: 50, avg_cost: 4465.100649828475
loss: -6096.095172245901, grad norm: 52580.28515625, clipped: 1.0
epoch: 42, train_batch_id: 100, avg_cost: 4564.702060723723
loss: -5791.380319501281, grad norm: 62860.81640625, clipped: 1.0
epoch: 42, train_batch_id: 150, avg_cost: 3955.705504474245
loss: -3230.6261085349415, grad norm: 77493.796875, clipped: 1.0
Finished epoch 42, took 00:08:30 s
####Saving model and state...
调用validate
Validating...
Validation overall avg_cost: 4183.429056555336 +- 7.671576983261594
Evaluating candidate model on evaluation dataset
Epoch 42 candidate mean 4192.01966191289, baseline epoch 41 mean 4176.876731396137, difference 15.14293051675304
Start train epoch 43, lr=0.0001 for run train_raw_100_200ep_20260228T162008
Evaluating baseline on dataset...
Training baseline model...
开始train_epoch正式训练，总的 batch 大小: 200
Start training epoch 43...
epoch: 43, train_batch_id: 0, avg_cost: 3906.1342067612068
loss: -2483.9883928295617, grad norm: 62976.34375, clipped: 1.0
epoch: 43, train_batch_id: 50, avg_cost: 4127.1472992361
loss: -2625.904467926774, grad norm: 79323.3046875, clipped: 1.0
epoch: 43, train_batch_id: 100, avg_cost: 4074.5018709189626
loss: -2732.6568433663174, grad norm: 62708.0390625, clipped: 1.0
epoch: 43, train_batch_id: 150, avg_cost: 3744.2230892108955
loss: 150.18247765864987, grad norm: 62824.296875, clipped: 1.0
Finished epoch 43, took 00:08:27 s
####Saving model and state...
调用validate
Validating...
Validation overall avg_cost: 4163.685084968679 +- 7.615226300211502
Evaluating candidate model on evaluation dataset
Epoch 43 candidate mean 4166.289621490743, baseline epoch 41 mean 4176.876731396137, difference -10.587109905393845
p-value: 0.032974445291817665
Update baseline
Evaluating baseline model on evaluation dataset

Start train epoch 44, lr=0.0001 for run train_raw_100_200ep_20260228T162008
Evaluating baseline on dataset...
Training baseline model...
开始train_epoch正式训练，总的 batch 大小: 200
Start training epoch 44...
epoch: 44, train_batch_id: 0, avg_cost: 4144.907110439856
loss: -2860.0611847997907, grad norm: 58832.54296875, clipped: 1.0
epoch: 44, train_batch_id: 50, avg_cost: 3774.2789606561028
loss: -1262.890907173622, grad norm: 62776.87890625, clipped: 1.0
epoch: 44, train_batch_id: 100, avg_cost: 3882.451422170885
loss: -5738.979682808525, grad norm: 66776.5, clipped: 1.0
epoch: 44, train_batch_id: 150, avg_cost: 4232.992714302822
loss: -4546.476188708202, grad norm: 60046.8203125, clipped: 1.0
Finished epoch 44, took 00:08:21 s
####Saving model and state...
调用validate
Validating...
Validation overall avg_cost: 4150.012699897775 +- 7.549654104405616
Evaluating candidate model on evaluation dataset
Epoch 44 candidate mean 4154.770027670686, baseline epoch 43 mean 4162.218524605571, difference -7.448496934884133
p-value: 0.09042104527159306
Start train epoch 45, lr=0.0001 for run train_raw_100_200ep_20260228T162008
Evaluating baseline on dataset...
Training baseline model...
开始train_epoch正式训练，总的 batch 大小: 200
Start training epoch 45...
epoch: 45, train_batch_id: 0, avg_cost: 3696.8353008110576
loss: -1739.8820745882197, grad norm: 64618.34765625, clipped: 1.0
epoch: 45, train_batch_id: 50, avg_cost: 3762.502327887923
loss: -1367.5266746621646, grad norm: 57068.18359375, clipped: 1.0
epoch: 45, train_batch_id: 100, avg_cost: 3975.6602245639483
loss: -568.2818147315817, grad norm: 55427.54296875, clipped: 1.0
epoch: 45, train_batch_id: 150, avg_cost: 3573.1534263796543
loss: -10052.991957622464, grad norm: 70865.6484375, clipped: 1.0
Finished epoch 45, took 00:08:20 s
####Saving model and state...
调用validate
Validating...
Validation overall avg_cost: 4140.689147982113 +- 7.762110148254756
Evaluating candidate model on evaluation dataset
Epoch 45 candidate mean 4141.2793708623985, baseline epoch 43 mean 4162.218524605571, difference -20.939153743172028
p-value: 0.0001687658577187407
Update baseline
Evaluating baseline model on evaluation dataset

Start train epoch 46, lr=0.0001 for run train_raw_100_200ep_20260228T162008
Evaluating baseline on dataset...
Training baseline model...
开始train_epoch正式训练，总的 batch 大小: 200
Start training epoch 46...
epoch: 46, train_batch_id: 0, avg_cost: 4030.45511535419
loss: -3074.1945262504805, grad norm: 53654.5078125, clipped: 1.0
epoch: 46, train_batch_id: 50, avg_cost: 4017.781551837682
loss: -6005.794460344809, grad norm: 61981.4765625, clipped: 1.0
epoch: 46, train_batch_id: 100, avg_cost: 3810.203870405251
loss: -1679.5239613390481, grad norm: 53048.42578125, clipped: 1.0
epoch: 46, train_batch_id: 150, avg_cost: 3881.940298017909
loss: -2048.7443352148075, grad norm: 63157.0546875, clipped: 1.0
Finished epoch 46, took 00:08:25 s
####Saving model and state...
调用validate
Validating...
Validation overall avg_cost: 4172.632709487238 +- 7.598698942868817
Evaluating candidate model on evaluation dataset
Epoch 46 candidate mean 4170.177325910584, baseline epoch 45 mean 4143.478454775558, difference 26.69887113502591
Start train epoch 47, lr=0.0001 for run train_raw_100_200ep_20260228T162008
Evaluating baseline on dataset...
Training baseline model...
开始train_epoch正式训练，总的 batch 大小: 200
Start training epoch 47...
epoch: 47, train_batch_id: 0, avg_cost: 3871.0639142026866
loss: -1800.526556487149, grad norm: 51471.078125, clipped: 1.0
epoch: 47, train_batch_id: 50, avg_cost: 3836.1713376841076
loss: -3577.088000717943, grad norm: 58663.68359375, clipped: 1.0
epoch: 47, train_batch_id: 100, avg_cost: 3995.85671299545
loss: -2796.1142765441173, grad norm: 55634.95703125, clipped: 1.0
epoch: 47, train_batch_id: 150, avg_cost: 3420.2770802071727
loss: -3372.837438149364, grad norm: 50513.99609375, clipped: 1.0
Finished epoch 47, took 00:08:22 s
####Saving model and state...
调用validate
Validating...
Validation overall avg_cost: 4140.590075345117 +- 7.483857840078572
Evaluating candidate model on evaluation dataset
Epoch 47 candidate mean 4133.994398274645, baseline epoch 45 mean 4143.478454775558, difference -9.48405650091263
p-value: 0.054717281547113784
Start train epoch 48, lr=0.0001 for run train_raw_100_200ep_20260228T162008
Evaluating baseline on dataset...
Training baseline model...
开始train_epoch正式训练，总的 batch 大小: 200
Start training epoch 48...
epoch: 48, train_batch_id: 0, avg_cost: 3738.987773120424
loss: -3359.5002168079563, grad norm: 72803.9140625, clipped: 1.0
epoch: 48, train_batch_id: 50, avg_cost: 4039.4907959307147
loss: -2283.500420581567, grad norm: 67354.75, clipped: 1.0
epoch: 48, train_batch_id: 100, avg_cost: 4123.285631901954
loss: -1115.1552344281417, grad norm: 58455.7265625, clipped: 1.0
epoch: 48, train_batch_id: 150, avg_cost: 3747.5597378973457
loss: -2281.275611940159, grad norm: 61726.9765625, clipped: 1.0
Finished epoch 48, took 00:08:22 s
####Saving model and state...
调用validate
Validating...
Validation overall avg_cost: 4127.685695202723 +- 7.453361754940553
Evaluating candidate model on evaluation dataset
Epoch 48 candidate mean 4120.341279690162, baseline epoch 45 mean 4143.478454775558, difference -23.13717508539594
p-value: 5.504792619533061e-05
Update baseline
Evaluating baseline model on evaluation dataset

Start train epoch 49, lr=0.0001 for run train_raw_100_200ep_20260228T162008
Evaluating baseline on dataset...
Training baseline model...
开始train_epoch正式训练，总的 batch 大小: 200
Start training epoch 49...
epoch: 49, train_batch_id: 0, avg_cost: 3718.3684074384028
loss: -4384.550802315843, grad norm: 47032.36328125, clipped: 1.0
epoch: 49, train_batch_id: 50, avg_cost: 4181.0090487041625
loss: -5046.77362516926, grad norm: 52665.98828125, clipped: 1.0
epoch: 49, train_batch_id: 100, avg_cost: 3663.3309267465233
loss: -2115.017123160197, grad norm: 43840.9296875, clipped: 1.0
epoch: 49, train_batch_id: 150, avg_cost: 3925.8927374897276
loss: -3260.993150952845, grad norm: 44262.6015625, clipped: 1.0
Finished epoch 49, took 00:08:15 s
####Saving model and state...
调用validate
Validating...
Validation overall avg_cost: 4095.509438214866 +- 7.5734441956107315
Evaluating candidate model on evaluation dataset
Epoch 49 candidate mean 4105.981751596943, baseline epoch 48 mean 4137.4292468005315, difference -31.447495203588915
p-value: 8.618066187972317e-09
Update baseline
Evaluating baseline model on evaluation dataset

Start train epoch 50, lr=0.0001 for run train_raw_100_200ep_20260228T162008
Evaluating baseline on dataset...
Training baseline model...
开始train_epoch正式训练，总的 batch 大小: 200
Start training epoch 50...
epoch: 50, train_batch_id: 0, avg_cost: 4302.999253267242
loss: -2715.8207498815073, grad norm: 60573.34765625, clipped: 1.0
epoch: 50, train_batch_id: 50, avg_cost: 4055.1915180546553
loss: -3736.186861963977, grad norm: 55673.52734375, clipped: 1.0
epoch: 50, train_batch_id: 100, avg_cost: 3783.2362763548786
loss: -6050.755823557072, grad norm: 63829.78515625, clipped: 1.0
epoch: 50, train_batch_id: 150, avg_cost: 3790.345342451141
loss: -2600.7200748338128, grad norm: 60436.0390625, clipped: 1.0
Finished epoch 50, took 00:08:20 s
####Saving model and state...
调用validate
Validating...
Validation overall avg_cost: 4063.5732961548106 +- 7.44028684647733
Evaluating candidate model on evaluation dataset
Epoch 50 candidate mean 4074.639379604958, baseline epoch 49 mean 4101.602369031261, difference -26.962989426303466
p-value: 5.97086099798522e-07
Update baseline
Evaluating baseline model on evaluation dataset

Start train epoch 51, lr=0.0001 for run train_raw_100_200ep_20260228T162008
Evaluating baseline on dataset...
Training baseline model...
开始train_epoch正式训练，总的 batch 大小: 200
Start training epoch 51...
epoch: 51, train_batch_id: 0, avg_cost: 3792.247650163558
loss: -5991.769710461551, grad norm: 50100.84375, clipped: 1.0
epoch: 51, train_batch_id: 50, avg_cost: 3725.871909235727
loss: -225.0213356900154, grad norm: 35580.04296875, clipped: 1.0
epoch: 51, train_batch_id: 100, avg_cost: 4001.6482317042482
loss: -1649.6133847226429, grad norm: 42070.95703125, clipped: 1.0
epoch: 51, train_batch_id: 150, avg_cost: 3604.1625627453213
loss: -586.4437773456013, grad norm: 49014.01171875, clipped: 1.0
Finished epoch 51, took 00:08:27 s
####Saving model and state...
调用validate
Validating...
Validation overall avg_cost: 4039.7708367599193 +- 7.253466199986505
Evaluating candidate model on evaluation dataset
Epoch 51 candidate mean 4047.2387957412275, baseline epoch 50 mean 4068.6784387059524, difference -21.439642964724953
p-value: 2.2380969987971854e-05
Update baseline
Evaluating baseline model on evaluation dataset

Start train epoch 52, lr=0.0001 for run train_raw_100_200ep_20260228T162008
Evaluating baseline on dataset...
Training baseline model...
开始train_epoch正式训练，总的 batch 大小: 200
Start training epoch 52...
epoch: 52, train_batch_id: 0, avg_cost: 3611.5128484787124
loss: -976.0696731490915, grad norm: 42779.52734375, clipped: 1.0
epoch: 52, train_batch_id: 50, avg_cost: 4009.067447977628
loss: -7225.410304391796, grad norm: 57958.6484375, clipped: 1.0
epoch: 52, train_batch_id: 100, avg_cost: 3782.7980987089113
loss: -1097.382102698938, grad norm: 40917.52734375, clipped: 1.0
epoch: 52, train_batch_id: 150, avg_cost: 3540.537878533206
loss: -498.84081289593627, grad norm: 51575.29296875, clipped: 1.0
Finished epoch 52, took 00:08:30 s
####Saving model and state...
调用validate
Validating...
Validation overall avg_cost: 4061.039512001983 +- 7.487769544998925
Evaluating candidate model on evaluation dataset
Epoch 52 candidate mean 4067.7527234549643, baseline epoch 51 mean 4045.2342697976073, difference 22.518453657356986
Start train epoch 53, lr=0.0001 for run train_raw_100_200ep_20260228T162008
Evaluating baseline on dataset...
Training baseline model...
开始train_epoch正式训练，总的 batch 大小: 200
Start training epoch 53...
epoch: 53, train_batch_id: 0, avg_cost: 4257.305139588918
loss: -6643.702004648544, grad norm: 62779.64453125, clipped: 1.0
epoch: 53, train_batch_id: 50, avg_cost: 3836.0074213201287
loss: -3146.759147869341, grad norm: 53899.515625, clipped: 1.0
epoch: 53, train_batch_id: 100, avg_cost: 3857.6189797362867
loss: -3583.8630635319787, grad norm: 61882.20703125, clipped: 1.0
epoch: 53, train_batch_id: 150, avg_cost: 3904.2864038827497
loss: -100.9135058914548, grad norm: 59317.20703125, clipped: 1.0
Finished epoch 53, took 00:08:25 s
####Saving model and state...
调用validate
Validating...
Validation overall avg_cost: 4025.5444667555557 +- 7.234691178654204
Evaluating candidate model on evaluation dataset
Epoch 53 candidate mean 4022.4037092097356, baseline epoch 51 mean 4045.2342697976073, difference -22.830560587871787
p-value: 7.825928993083223e-05
Update baseline
Evaluating baseline model on evaluation dataset

Start train epoch 54, lr=0.0001 for run train_raw_100_200ep_20260228T162008
Evaluating baseline on dataset...
Training baseline model...
开始train_epoch正式训练，总的 batch 大小: 200
Start training epoch 54...
epoch: 54, train_batch_id: 0, avg_cost: 4166.177279437681
loss: -4969.355055913671, grad norm: 53462.9453125, clipped: 1.0
epoch: 54, train_batch_id: 50, avg_cost: 3668.3118669395485
loss: 98.68999340014688, grad norm: 27122.123046875, clipped: 1.0
epoch: 54, train_batch_id: 100, avg_cost: 3759.3183274406542
loss: -1339.627569876401, grad norm: 43937.671875, clipped: 1.0
epoch: 54, train_batch_id: 150, avg_cost: 3916.042193797974
loss: -3565.517880025386, grad norm: 45633.76171875, clipped: 1.0
Finished epoch 54, took 00:08:26 s
####Saving model and state...
调用validate
Validating...
Validation overall avg_cost: 4053.924805696522 +- 7.504663121402206
Evaluating candidate model on evaluation dataset
Epoch 54 candidate mean 4065.4177674233056, baseline epoch 53 mean 4029.3036114570386, difference 36.114155966266935
Start train epoch 55, lr=0.0001 for run train_raw_100_200ep_20260228T162008
Evaluating baseline on dataset...
Training baseline model...
开始train_epoch正式训练，总的 batch 大小: 200
Start training epoch 55...
epoch: 55, train_batch_id: 0, avg_cost: 3819.8000185318188
loss: -4037.850866825428, grad norm: 44633.8125, clipped: 1.0
epoch: 55, train_batch_id: 50, avg_cost: 3607.1940586602223
loss: 628.6332100511507, grad norm: 37733.01953125, clipped: 1.0
epoch: 55, train_batch_id: 100, avg_cost: 3743.6104952170344
loss: -2469.2718782345164, grad norm: 51239.00390625, clipped: 1.0
epoch: 55, train_batch_id: 150, avg_cost: 3469.692963266718
loss: 1145.725412504161, grad norm: 39469.5703125, clipped: 1.0
Finished epoch 55, took 00:08:26 s
####Saving model and state...
调用validate
Validating...
Validation overall avg_cost: 3985.6801313087767 +- 7.303951559804335
Evaluating candidate model on evaluation dataset
Epoch 55 candidate mean 3971.962032226128, baseline epoch 53 mean 4029.3036114570386, difference -57.34157923091061
p-value: 1.0267072471910957e-22
Update baseline
Evaluating baseline model on evaluation dataset

Start train epoch 56, lr=0.0001 for run train_raw_100_200ep_20260228T162008
Evaluating baseline on dataset...
Training baseline model...
开始train_epoch正式训练，总的 batch 大小: 200
Start training epoch 56...
epoch: 56, train_batch_id: 0, avg_cost: 3733.5706358093926
loss: -3349.3265084772465, grad norm: 46703.90234375, clipped: 1.0
epoch: 56, train_batch_id: 50, avg_cost: 3836.372427084428
loss: -3943.276716931635, grad norm: 52622.99609375, clipped: 1.0
epoch: 56, train_batch_id: 100, avg_cost: 3751.406313642163
loss: -4812.5298249288235, grad norm: 48577.76171875, clipped: 1.0
epoch: 56, train_batch_id: 150, avg_cost: 3573.231601362985
loss: -2736.9105615343087, grad norm: 42692.55078125, clipped: 1.0
Finished epoch 56, took 00:08:22 s
####Saving model and state...
调用validate
Validating...
Validation overall avg_cost: 3971.176888055797 +- 7.394931919449139
Evaluating candidate model on evaluation dataset
Epoch 56 candidate mean 3987.0771992612445, baseline epoch 55 mean 3982.2855952464456, difference 4.79160401479885
Start train epoch 57, lr=0.0001 for run train_raw_100_200ep_20260228T162008
Evaluating baseline on dataset...
Training baseline model...
开始train_epoch正式训练，总的 batch 大小: 200
Start training epoch 57...
epoch: 57, train_batch_id: 0, avg_cost: 3925.607794503743
loss: -2143.954247443104, grad norm: 46984.19921875, clipped: 1.0
epoch: 57, train_batch_id: 50, avg_cost: 4135.175575488803
loss: -3781.1096430111465, grad norm: 36028.34765625, clipped: 1.0
epoch: 57, train_batch_id: 100, avg_cost: 3501.6335547236276
loss: -165.72910631457842, grad norm: 43969.5390625, clipped: 1.0
epoch: 57, train_batch_id: 150, avg_cost: 3633.0807153425817
loss: -4320.604787073824, grad norm: 54115.99609375, clipped: 1.0
Finished epoch 57, took 00:08:28 s
####Saving model and state...
调用validate
Validating...
Validation overall avg_cost: 4025.092608348988 +- 7.4620028990766425
Evaluating candidate model on evaluation dataset
Epoch 57 candidate mean 4039.047370421195, baseline epoch 55 mean 3982.2855952464456, difference 56.761775174749346
Start train epoch 58, lr=0.0001 for run train_raw_100_200ep_20260228T162008
Evaluating baseline on dataset...
Training baseline model...
开始train_epoch正式训练，总的 batch 大小: 200
Start training epoch 58...
epoch: 58, train_batch_id: 0, avg_cost: 3425.6124520604285
loss: -2762.5268149162634, grad norm: 49299.2578125, clipped: 1.0
epoch: 58, train_batch_id: 50, avg_cost: 3826.786333235981
loss: -1209.7598489965424, grad norm: 36465.08203125, clipped: 1.0
epoch: 58, train_batch_id: 100, avg_cost: 4060.6786222768424
loss: -9167.48186542178, grad norm: 58452.9375, clipped: 1.0
epoch: 58, train_batch_id: 150, avg_cost: 3800.6077780816804
loss: -3262.09318968376, grad norm: 46457.76171875, clipped: 1.0
Finished epoch 58, took 00:08:33 s
####Saving model and state...
调用validate
Validating...
Validation overall avg_cost: 4136.4753980497735 +- 8.087361264311
Evaluating candidate model on evaluation dataset
Epoch 58 candidate mean 4140.249060025937, baseline epoch 55 mean 3982.2855952464456, difference 157.96346477949146
Start train epoch 59, lr=0.0001 for run train_raw_100_200ep_20260228T162008
Evaluating baseline on dataset...
Training baseline model...
开始train_epoch正式训练，总的 batch 大小: 200
Start training epoch 59...
epoch: 59, train_batch_id: 0, avg_cost: 3840.5736085162935
loss: -6634.619711752863, grad norm: 55614.42578125, clipped: 1.0
epoch: 59, train_batch_id: 50, avg_cost: 3489.801766134786
loss: -6319.429487742325, grad norm: 54690.05859375, clipped: 1.0
epoch: 59, train_batch_id: 100, avg_cost: 3746.350452702189
loss: -7303.166279980584, grad norm: 49252.05078125, clipped: 1.0
epoch: 59, train_batch_id: 150, avg_cost: 4298.03992997553
loss: -6685.017724330358, grad norm: 61567.984375, clipped: 1.0
Finished epoch 59, took 00:08:27 s
####Saving model and state...
调用validate
Validating...
Validation overall avg_cost: 4007.4053716931003 +- 7.496868729240261
Evaluating candidate model on evaluation dataset
Epoch 59 candidate mean 4012.0350920951296, baseline epoch 55 mean 3982.2855952464456, difference 29.749496848683975
Start train epoch 60, lr=0.0001 for run train_raw_100_200ep_20260228T162008
Evaluating baseline on dataset...
Training baseline model...
开始train_epoch正式训练，总的 batch 大小: 200
Start training epoch 60...
epoch: 60, train_batch_id: 0, avg_cost: 3297.5174343743765
loss: -2925.8387036843014, grad norm: 36225.27734375, clipped: 1.0
epoch: 60, train_batch_id: 50, avg_cost: 3934.643244133092
loss: -3479.834666833037, grad norm: 51464.14453125, clipped: 1.0
epoch: 60, train_batch_id: 100, avg_cost: 3781.216639414306
loss: -4074.90510787153, grad norm: 54908.71484375, clipped: 1.0
epoch: 60, train_batch_id: 150, avg_cost: 3907.362346626105
loss: -4025.430404560618, grad norm: 54384.90234375, clipped: 1.0
Finished epoch 60, took 00:08:26 s
####Saving model and state...
调用validate
Validating...
Validation overall avg_cost: 4028.8364803362088 +- 7.612567567892674
Evaluating candidate model on evaluation dataset
Epoch 60 candidate mean 4047.075579920365, baseline epoch 55 mean 3982.2855952464456, difference 64.78998467391921
Start train epoch 61, lr=0.0001 for run train_raw_100_200ep_20260228T162008
Evaluating baseline on dataset...
Training baseline model...
开始train_epoch正式训练，总的 batch 大小: 200
Start training epoch 61...
epoch: 61, train_batch_id: 0, avg_cost: 4015.247080164945
loss: -3761.4044505991305, grad norm: 59420.578125, clipped: 1.0
epoch: 61, train_batch_id: 50, avg_cost: 3295.2058726526243
loss: -7160.275500253489, grad norm: 54321.125, clipped: 1.0
epoch: 61, train_batch_id: 100, avg_cost: 3506.801156289978
loss: -2874.464828774193, grad norm: 52308.16015625, clipped: 1.0
epoch: 61, train_batch_id: 150, avg_cost: 3874.3086860645976
loss: -4039.8643611380194, grad norm: 62890.7578125, clipped: 1.0
Finished epoch 61, took 00:08:24 s
####Saving model and state...
调用validate
Validating...
Validation overall avg_cost: 3968.6839636613217 +- 7.173208810838942
Evaluating candidate model on evaluation dataset
Epoch 61 candidate mean 3971.3112764411644, baseline epoch 55 mean 3982.2855952464456, difference -10.9743188052812
p-value: 0.03389814992657625
Update baseline
Evaluating baseline model on evaluation dataset

Start train epoch 62, lr=0.0001 for run train_raw_100_200ep_20260228T162008
Evaluating baseline on dataset...
Training baseline model...
开始train_epoch正式训练，总的 batch 大小: 200
Start training epoch 62...
epoch: 62, train_batch_id: 0, avg_cost: 4289.233832025402
loss: -3770.7915221670846, grad norm: 48830.109375, clipped: 1.0
epoch: 62, train_batch_id: 50, avg_cost: 4149.081251698761
loss: -2793.4375336688217, grad norm: 50754.17578125, clipped: 1.0
epoch: 62, train_batch_id: 100, avg_cost: 3655.1620864921474
loss: -2038.7928935337304, grad norm: 52436.11328125, clipped: 1.0
epoch: 62, train_batch_id: 150, avg_cost: 3701.813976736533
loss: -2021.2969113471027, grad norm: 47530.9921875, clipped: 1.0
Finished epoch 62, took 00:08:23 s
####Saving model and state...
调用validate
Validating...
Validation overall avg_cost: 3967.0731526118648 +- 7.388472742931217
Evaluating candidate model on evaluation dataset
Epoch 62 candidate mean 3959.980006706592, baseline epoch 61 mean 3963.0809008004226, difference -3.1008940938304477
p-value: 0.2715360618866323
Start train epoch 63, lr=0.0001 for run train_raw_100_200ep_20260228T162008
Evaluating baseline on dataset...
Training baseline model...
开始train_epoch正式训练，总的 batch 大小: 200
Start training epoch 63...
epoch: 63, train_batch_id: 0, avg_cost: 3421.3399374467535
loss: -2142.3210459790516, grad norm: 49494.6484375, clipped: 1.0
epoch: 63, train_batch_id: 50, avg_cost: 3557.5534589630497
loss: -305.2290225636849, grad norm: 32137.580078125, clipped: 1.0
epoch: 63, train_batch_id: 100, avg_cost: 4093.6488141692907
loss: -5428.867657018156, grad norm: 61466.078125, clipped: 1.0
epoch: 63, train_batch_id: 150, avg_cost: 3237.161871028917
loss: -13078.810194139709, grad norm: 46531.78515625, clipped: 1.0
Finished epoch 63, took 00:08:16 s
####Saving model and state...
调用validate
Validating...
Validation overall avg_cost: 3938.6922530057896 +- 7.3162249384535745
Evaluating candidate model on evaluation dataset
Epoch 63 candidate mean 3929.5969272874186, baseline epoch 61 mean 3963.0809008004226, difference -33.483973513004
p-value: 6.428080771924207e-10
Update baseline
Evaluating baseline model on evaluation dataset

Start train epoch 64, lr=0.0001 for run train_raw_100_200ep_20260228T162008
Evaluating baseline on dataset...
Training baseline model...
开始train_epoch正式训练，总的 batch 大小: 200
Start training epoch 64...
epoch: 64, train_batch_id: 0, avg_cost: 3724.6849240070514
loss: -1342.881040622337, grad norm: 31363.556640625, clipped: 1.0
epoch: 64, train_batch_id: 50, avg_cost: 3806.538987777888
loss: -5744.201645321027, grad norm: 36752.59765625, clipped: 1.0
epoch: 64, train_batch_id: 100, avg_cost: 4172.48119125372
loss: -2448.2269611845672, grad norm: 50548.33203125, clipped: 1.0
epoch: 64, train_batch_id: 150, avg_cost: 3549.70401136512
loss: 1074.0708162142375, grad norm: 39748.578125, clipped: 1.0
Finished epoch 64, took 00:08:01 s
####Saving model and state...
调用validate
Validating...
Validation overall avg_cost: 3900.864208842567 +- 7.381921183337901
Evaluating candidate model on evaluation dataset
Epoch 64 candidate mean 3886.5896571732796, baseline epoch 63 mean 3935.2451910820614, difference -48.65553390878176
p-value: 2.762849573860863e-18
Update baseline
Evaluating baseline model on evaluation dataset

Start train epoch 65, lr=0.0001 for run train_raw_100_200ep_20260228T162008
Evaluating baseline on dataset...
Training baseline model...
开始train_epoch正式训练，总的 batch 大小: 200
Start training epoch 65...
epoch: 65, train_batch_id: 0, avg_cost: 3993.30774071109
loss: -2688.061888608332, grad norm: 34782.0234375, clipped: 1.0
epoch: 65, train_batch_id: 50, avg_cost: 4218.15540821472
loss: -1445.0110489625033, grad norm: 39703.5546875, clipped: 1.0
epoch: 65, train_batch_id: 100, avg_cost: 3603.78409230597
loss: 571.9439613269216, grad norm: 42123.78515625, clipped: 1.0
epoch: 65, train_batch_id: 150, avg_cost: 3809.2529615226695
loss: -2861.223604387384, grad norm: 34862.265625, clipped: 1.0
Finished epoch 65, took 00:08:00 s
####Saving model and state...
调用validate
Validating...
Validation overall avg_cost: 3855.893635463949 +- 7.263041851846636
Evaluating candidate model on evaluation dataset
Epoch 65 candidate mean 3860.365059253575, baseline epoch 64 mean 3884.947507023902, difference -24.58244777032678
p-value: 2.3206932833283967e-06
Update baseline
Evaluating baseline model on evaluation dataset

Start train epoch 66, lr=0.0001 for run train_raw_100_200ep_20260228T162008
Evaluating baseline on dataset...
Training baseline model...
开始train_epoch正式训练，总的 batch 大小: 200
Start training epoch 66...
epoch: 66, train_batch_id: 0, avg_cost: 4049.5349266161447
loss: -4592.387554916628, grad norm: 27298.166015625, clipped: 1.0
epoch: 66, train_batch_id: 50, avg_cost: 3483.5764519986005
loss: -5549.872214000967, grad norm: 34553.7109375, clipped: 1.0
epoch: 66, train_batch_id: 100, avg_cost: 3995.1921820229427
loss: -11303.319953859364, grad norm: 50062.1015625, clipped: 1.0
epoch: 66, train_batch_id: 150, avg_cost: 3498.000950082678
loss: -6682.148066202133, grad norm: 33930.7109375, clipped: 1.0
Finished epoch 66, took 00:07:47 s
####Saving model and state...
调用validate
Validating...
Validation overall avg_cost: 3874.2412721196188 +- 7.230868680213943
Evaluating candidate model on evaluation dataset
Epoch 66 candidate mean 3867.513130368661, baseline epoch 65 mean 3851.5422248386144, difference 15.97090553004682
Start train epoch 67, lr=0.0001 for run train_raw_100_200ep_20260228T162008
Evaluating baseline on dataset...
Training baseline model...
开始train_epoch正式训练，总的 batch 大小: 200
Start training epoch 67...
epoch: 67, train_batch_id: 0, avg_cost: 3504.507826059029
loss: -4131.807670212489, grad norm: 31494.58984375, clipped: 1.0
epoch: 67, train_batch_id: 50, avg_cost: 4007.3635915336035
loss: -3744.8481175839383, grad norm: 39217.10546875, clipped: 1.0
epoch: 67, train_batch_id: 100, avg_cost: 3369.8396926522
loss: -3688.134718761351, grad norm: 38438.8125, clipped: 1.0
epoch: 67, train_batch_id: 150, avg_cost: 3612.8508029151944
loss: -2339.4056411717615, grad norm: 36626.56640625, clipped: 1.0
Finished epoch 67, took 00:08:10 s
####Saving model and state...
调用validate
Validating...
Validation overall avg_cost: 3868.2097721593495 +- 7.326382923899221
Evaluating candidate model on evaluation dataset
Epoch 67 candidate mean 3865.3127634474895, baseline epoch 65 mean 3851.5422248386144, difference 13.770538608875086
Start train epoch 68, lr=0.0001 for run train_raw_100_200ep_20260228T162008
Evaluating baseline on dataset...
Training baseline model...
开始train_epoch正式训练，总的 batch 大小: 200
Start training epoch 68...
epoch: 68, train_batch_id: 0, avg_cost: 3706.0912215349936
loss: -2851.984960312032, grad norm: 30633.845703125, clipped: 1.0
epoch: 68, train_batch_id: 50, avg_cost: 3594.7116874042904
loss: -4365.868781592103, grad norm: 38142.81640625, clipped: 1.0
epoch: 68, train_batch_id: 100, avg_cost: 3828.550290571472
loss: -756.407658419881, grad norm: 31418.1328125, clipped: 1.0
epoch: 68, train_batch_id: 150, avg_cost: 4092.2809849383584
loss: -3889.9353073918714, grad norm: 34032.7578125, clipped: 1.0
Finished epoch 68, took 00:08:11 s
####Saving model and state...
调用validate
Validating...
Validation overall avg_cost: 3867.3782889858535 +- 7.362981260252412
Evaluating candidate model on evaluation dataset
Epoch 68 candidate mean 3860.0456089130166, baseline epoch 65 mean 3851.5422248386144, difference 8.50338407440222
Start train epoch 69, lr=0.0001 for run train_raw_100_200ep_20260228T162008
Evaluating baseline on dataset...
Training baseline model...
开始train_epoch正式训练，总的 batch 大小: 200
Start training epoch 69...
epoch: 69, train_batch_id: 0, avg_cost: 3735.0498680550227
loss: -4772.9464738393945, grad norm: 39320.11328125, clipped: 1.0
epoch: 69, train_batch_id: 50, avg_cost: 4075.607725649746
loss: -5977.970384831662, grad norm: 38602.7578125, clipped: 1.0
epoch: 69, train_batch_id: 100, avg_cost: 3564.3549042126074
loss: -3487.4549491581724, grad norm: 45679.93359375, clipped: 1.0
epoch: 69, train_batch_id: 150, avg_cost: 3914.9588298898325
loss: -1231.922810642473, grad norm: 39616.625, clipped: 1.0
Finished epoch 69, took 00:08:06 s
####Saving model and state...
调用validate
Validating...
Validation overall avg_cost: 3874.1411270598055 +- 7.326536389348354
Evaluating candidate model on evaluation dataset
Epoch 69 candidate mean 3860.1864423036827, baseline epoch 65 mean 3851.5422248386144, difference 8.644217465068323
Start train epoch 70, lr=0.0001 for run train_raw_100_200ep_20260228T162008
Evaluating baseline on dataset...
Training baseline model...
开始train_epoch正式训练，总的 batch 大小: 200
Start training epoch 70...
epoch: 70, train_batch_id: 0, avg_cost: 3742.788485218863
loss: -2151.654009195964, grad norm: 37615.97265625, clipped: 1.0
epoch: 70, train_batch_id: 50, avg_cost: 3699.9962076180836
loss: -2253.1874495025268, grad norm: 47246.73046875, clipped: 1.0
epoch: 70, train_batch_id: 100, avg_cost: 3808.666463157434
loss: -2541.8852360685014, grad norm: 35845.12890625, clipped: 1.0
epoch: 70, train_batch_id: 150, avg_cost: 3488.942442119593
loss: -4430.9077293291875, grad norm: 39074.58203125, clipped: 1.0
Finished epoch 70, took 00:08:14 s
####Saving model and state...
调用validate
Validating...
Validation overall avg_cost: 3848.3977684627016 +- 7.129257401187263
Evaluating candidate model on evaluation dataset
Epoch 70 candidate mean 3835.585715403986, baseline epoch 65 mean 3851.5422248386144, difference -15.956509434628515
p-value: 0.002494973360876388
Update baseline
Evaluating baseline model on evaluation dataset

Start train epoch 71, lr=0.0001 for run train_raw_100_200ep_20260228T162008
Evaluating baseline on dataset...
Training baseline model...
开始train_epoch正式训练，总的 batch 大小: 200
Start training epoch 71...
epoch: 71, train_batch_id: 0, avg_cost: 3865.7956995012873
loss: -371.4361783181174, grad norm: 24936.919921875, clipped: 1.0
epoch: 71, train_batch_id: 50, avg_cost: 4055.4517681771467
loss: -958.5452276064487, grad norm: 35566.0625, clipped: 1.0
epoch: 71, train_batch_id: 100, avg_cost: 3165.3209135112197
loss: -2881.377261885062, grad norm: 29612.322265625, clipped: 1.0
epoch: 71, train_batch_id: 150, avg_cost: 3672.9061314329674
loss: -1064.4887557094803, grad norm: 33885.89453125, clipped: 1.0
Finished epoch 71, took 00:08:12 s
####Saving model and state...
调用validate
Validating...
Validation overall avg_cost: 3839.1942434365237 +- 7.3662217861302235
Evaluating candidate model on evaluation dataset
Epoch 71 candidate mean 3842.3777835590495, baseline epoch 70 mean 3837.1462142530468, difference 5.2315693060027115
Start train epoch 72, lr=0.0001 for run train_raw_100_200ep_20260228T162008
Evaluating baseline on dataset...
Training baseline model...
开始train_epoch正式训练，总的 batch 大小: 200
Start training epoch 72...
epoch: 72, train_batch_id: 0, avg_cost: 3906.963797458474
loss: -1622.64648170077, grad norm: 40786.20703125, clipped: 1.0
epoch: 72, train_batch_id: 50, avg_cost: 3959.950392051598
loss: -1544.7022088740646, grad norm: 36105.57421875, clipped: 1.0
epoch: 72, train_batch_id: 100, avg_cost: 3446.1757129649554
loss: 381.22938523531093, grad norm: 39474.30859375, clipped: 1.0
epoch: 72, train_batch_id: 150, avg_cost: 3107.139392879959
loss: -3539.846186431277, grad norm: 38398.921875, clipped: 1.0
Finished epoch 72, took 00:08:09 s
####Saving model and state...
调用validate
Validating...
Validation overall avg_cost: 3839.696996584616 +- 7.403225720967435
Evaluating candidate model on evaluation dataset
Epoch 72 candidate mean 3836.934542758188, baseline epoch 70 mean 3837.1462142530468, difference -0.21167149485881964
p-value: 0.4851662236523707
Start train epoch 73, lr=0.0001 for run train_raw_100_200ep_20260228T162008
Evaluating baseline on dataset...
Training baseline model...
开始train_epoch正式训练，总的 batch 大小: 200
Start training epoch 73...
epoch: 73, train_batch_id: 0, avg_cost: 3476.144152529938
loss: -621.3847272309752, grad norm: 46532.91796875, clipped: 1.0
epoch: 73, train_batch_id: 50, avg_cost: 3403.917307492249
loss: 226.05337943948928, grad norm: 37070.640625, clipped: 1.0
epoch: 73, train_batch_id: 100, avg_cost: 3670.8496252269297
loss: -1098.003764621075, grad norm: 38596.83984375, clipped: 1.0
epoch: 73, train_batch_id: 150, avg_cost: 3750.7887176864497
loss: 1960.4368002250867, grad norm: 32065.990234375, clipped: 1.0
Finished epoch 73, took 00:08:19 s
####Saving model and state...
调用validate
Validating...
Validation overall avg_cost: 3835.0314416502497 +- 7.3500038555780005
Evaluating candidate model on evaluation dataset
Epoch 73 candidate mean 3838.8933236030302, baseline epoch 70 mean 3837.1462142530468, difference 1.7471093499834751
Start train epoch 74, lr=0.0001 for run train_raw_100_200ep_20260228T162008
Evaluating baseline on dataset...
Training baseline model...
开始train_epoch正式训练，总的 batch 大小: 200
Start training epoch 74...
epoch: 74, train_batch_id: 0, avg_cost: 3500.035756559702
loss: -3605.8536059845555, grad norm: 34446.75390625, clipped: 1.0
epoch: 74, train_batch_id: 50, avg_cost: 3424.13704829168
loss: -562.8149638109544, grad norm: 26604.17578125, clipped: 1.0
epoch: 74, train_batch_id: 100, avg_cost: 3657.7315848081944
loss: -2148.868656422662, grad norm: 38563.91796875, clipped: 1.0
epoch: 74, train_batch_id: 150, avg_cost: 3874.289674020658
loss: 47.41252301320003, grad norm: 34642.11328125, clipped: 1.0
Finished epoch 74, took 00:08:16 s
####Saving model and state...
调用validate
Validating...
Validation overall avg_cost: 3812.4687428765287 +- 7.338539632670258
Evaluating candidate model on evaluation dataset
Epoch 74 candidate mean 3815.144723419587, baseline epoch 70 mean 3837.1462142530468, difference -22.001490833459684
p-value: 5.130718082397475e-05
Update baseline
Evaluating baseline model on evaluation dataset

Start train epoch 75, lr=0.0001 for run train_raw_100_200ep_20260228T162008
Evaluating baseline on dataset...
Training baseline model...
开始train_epoch正式训练，总的 batch 大小: 200
Start training epoch 75...
epoch: 75, train_batch_id: 0, avg_cost: 3795.645028228343
loss: -2034.9564925291036, grad norm: 30347.60546875, clipped: 1.0
epoch: 75, train_batch_id: 50, avg_cost: 3571.933780996344
loss: -726.4884259227614, grad norm: 36967.6328125, clipped: 1.0
epoch: 75, train_batch_id: 100, avg_cost: 3671.788139610525
loss: 399.2738665687169, grad norm: 42902.953125, clipped: 1.0
epoch: 75, train_batch_id: 150, avg_cost: 3445.0059476373144
loss: 1469.130303161645, grad norm: 27660.216796875, clipped: 1.0
Finished epoch 75, took 00:08:00 s
####Saving model and state...
调用validate
Validating...
Validation overall avg_cost: 3767.6492073049253 +- 7.183640929939915
Evaluating candidate model on evaluation dataset
Epoch 75 candidate mean 3775.6661308624093, baseline epoch 74 mean 3817.5698534405014, difference -41.90372257809213
p-value: 1.3179589754558224e-15
Update baseline
Evaluating baseline model on evaluation dataset

Start train epoch 76, lr=0.0001 for run train_raw_100_200ep_20260228T162008
Evaluating baseline on dataset...
Training baseline model...
开始train_epoch正式训练，总的 batch 大小: 200
Start training epoch 76...
epoch: 76, train_batch_id: 0, avg_cost: 3785.953905845104
loss: -2286.0960818480203, grad norm: 26859.1796875, clipped: 1.0
epoch: 76, train_batch_id: 50, avg_cost: 3711.1897503695036
loss: -3693.4843083795054, grad norm: 36959.83203125, clipped: 1.0
epoch: 76, train_batch_id: 100, avg_cost: 4139.282000335246
loss: -7070.195464355526, grad norm: 37607.60546875, clipped: 1.0
epoch: 76, train_batch_id: 150, avg_cost: 3976.84471024074
loss: -3862.7642709975917, grad norm: 37665.80859375, clipped: 1.0
Finished epoch 76, took 00:08:07 s
####Saving model and state...
调用validate
Validating...
Validation overall avg_cost: 3879.7918707288977 +- 7.735642343024826
Evaluating candidate model on evaluation dataset
Epoch 76 candidate mean 3891.756929281547, baseline epoch 75 mean 3770.221050821504, difference 121.53587846004302
Start train epoch 77, lr=0.0001 for run train_raw_100_200ep_20260228T162008
Evaluating baseline on dataset...
Training baseline model...
开始train_epoch正式训练，总的 batch 大小: 200
Start training epoch 77...
epoch: 77, train_batch_id: 0, avg_cost: 3559.6510634437604
loss: -4548.317964571162, grad norm: 42549.9375, clipped: 1.0
epoch: 77, train_batch_id: 50, avg_cost: 3946.1462438011013
loss: -1410.61778682149, grad norm: 39882.4140625, clipped: 1.0
epoch: 77, train_batch_id: 100, avg_cost: 3722.126358546989
loss: -276.1430353173912, grad norm: 29367.84765625, clipped: 1.0
epoch: 77, train_batch_id: 150, avg_cost: 3569.0737345722664
loss: 730.3402511111692, grad norm: 30616.45703125, clipped: 1.0
Finished epoch 77, took 00:08:15 s
####Saving model and state...
调用validate
Validating...
Validation overall avg_cost: 3728.8917809790987 +- 7.166212977279901
Evaluating candidate model on evaluation dataset
Epoch 77 candidate mean 3732.299811602922, baseline epoch 75 mean 3770.221050821504, difference -37.92123921858183
p-value: 8.08684455966272e-12
Update baseline
Evaluating baseline model on evaluation dataset

Start train epoch 78, lr=0.0001 for run train_raw_100_200ep_20260228T162008
Evaluating baseline on dataset...
Training baseline model...
开始train_epoch正式训练，总的 batch 大小: 200
Start training epoch 78...
epoch: 78, train_batch_id: 0, avg_cost: 3249.411199666989
loss: -1018.7613839647158, grad norm: 28174.576171875, clipped: 1.0
epoch: 78, train_batch_id: 50, avg_cost: 3348.995489403915
loss: -915.7268053550857, grad norm: 23269.69921875, clipped: 1.0
epoch: 78, train_batch_id: 100, avg_cost: 3035.6491827634554
loss: -2514.290540338333, grad norm: 30645.529296875, clipped: 1.0
epoch: 78, train_batch_id: 150, avg_cost: 3961.5085657771506
loss: -18171.455896360574, grad norm: 60288.27734375, clipped: 1.0
Finished epoch 78, took 00:08:24 s
####Saving model and state...
调用validate
Validating...
Validation overall avg_cost: 4696.139939553844 +- 8.440900087441705
Evaluating candidate model on evaluation dataset
Epoch 78 candidate mean 4703.677862775969, baseline epoch 77 mean 3727.318007031198, difference 976.3598557447708
Start train epoch 79, lr=0.0001 for run train_raw_100_200ep_20260228T162008
Evaluating baseline on dataset...
Training baseline model...
开始train_epoch正式训练，总的 batch 大小: 200
Start training epoch 79...
epoch: 79, train_batch_id: 0, avg_cost: 3964.759272303063
loss: -41381.572685552994, grad norm: 129120.078125, clipped: 1.0
epoch: 79, train_batch_id: 50, avg_cost: 4565.359565709636
loss: -53277.29853080157, grad norm: 184856.84375, clipped: 1.0
epoch: 79, train_batch_id: 100, avg_cost: 3642.2407915227477
loss: -10087.59075218938, grad norm: 57761.1015625, clipped: 1.0
epoch: 79, train_batch_id: 150, avg_cost: 3610.898977576342
loss: -20825.562403391166, grad norm: 93838.46875, clipped: 1.0
Finished epoch 79, took 00:08:36 s
####Saving model and state...
调用validate
Validating...
Validation overall avg_cost: 3835.7678203407536 +- 7.6782567852778
Evaluating candidate model on evaluation dataset
Epoch 79 candidate mean 3852.0418027748524, baseline epoch 77 mean 3727.318007031198, difference 124.72379574365459
Start train epoch 80, lr=0.0001 for run train_raw_100_200ep_20260228T162008
Evaluating baseline on dataset...
Training baseline model...
开始train_epoch正式训练，总的 batch 大小: 200
Start training epoch 80...
epoch: 80, train_batch_id: 0, avg_cost: 3542.833349349195
loss: -7736.8720947912, grad norm: 33358.125, clipped: 1.0
epoch: 80, train_batch_id: 50, avg_cost: 3759.008033755784
loss: -7238.434879360619, grad norm: 44357.75, clipped: 1.0
epoch: 80, train_batch_id: 100, avg_cost: 3332.6662245550633
loss: -5141.4042474115995, grad norm: 31208.638671875, clipped: 1.0
epoch: 80, train_batch_id: 150, avg_cost: 3636.6779277447617
loss: -748.3941026256265, grad norm: 27997.7890625, clipped: 1.0
Finished epoch 80, took 00:08:21 s
####Saving model and state...
调用validate
Validating...
Validation overall avg_cost: 3770.610972517132 +- 7.359149107544816
Evaluating candidate model on evaluation dataset
Epoch 80 candidate mean 3768.0449212812, baseline epoch 77 mean 3727.318007031198, difference 40.72691425000221
Start train epoch 81, lr=0.0001 for run train_raw_100_200ep_20260228T162008
Evaluating baseline on dataset...
Training baseline model...
开始train_epoch正式训练，总的 batch 大小: 200
Start training epoch 81...
epoch: 81, train_batch_id: 0, avg_cost: 3576.1802254623085
loss: -1915.0724155271853, grad norm: 33468.7109375, clipped: 1.0
epoch: 81, train_batch_id: 50, avg_cost: 3705.8103815803915
loss: -5540.52747032031, grad norm: 42637.33984375, clipped: 1.0
epoch: 81, train_batch_id: 100, avg_cost: 3844.3201211294927
loss: -2210.426943119234, grad norm: 28059.67578125, clipped: 1.0
epoch: 81, train_batch_id: 150, avg_cost: 3754.4554505473952
loss: -1409.9396730851108, grad norm: 29838.80078125, clipped: 1.0
Finished epoch 81, took 00:08:28 s
####Saving model and state...
调用validate
Validating...
Validation overall avg_cost: 3742.2774096098965 +- 7.171591561235536
Evaluating candidate model on evaluation dataset
Epoch 81 candidate mean 3744.748314390925, baseline epoch 77 mean 3727.318007031198, difference 17.430307359727067
Start train epoch 82, lr=0.0001 for run train_raw_100_200ep_20260228T162008
Evaluating baseline on dataset...
Training baseline model...
开始train_epoch正式训练，总的 batch 大小: 200
Start training epoch 82...
epoch: 82, train_batch_id: 0, avg_cost: 3213.6041287493713
loss: 211.2358104209806, grad norm: 23793.115234375, clipped: 1.0
epoch: 82, train_batch_id: 50, avg_cost: 3573.97796644116
loss: -3480.292948744969, grad norm: 33811.44140625, clipped: 1.0
epoch: 82, train_batch_id: 100, avg_cost: 3218.3775839307536
loss: -2488.5715458129753, grad norm: 35548.953125, clipped: 1.0
epoch: 82, train_batch_id: 150, avg_cost: 3680.8843082491126
loss: -2793.720142181693, grad norm: 35718.73046875, clipped: 1.0
Finished epoch 82, took 00:08:31 s
####Saving model and state...
调用validate
Validating...
Validation overall avg_cost: 3785.9507651285535 +- 7.4985249239657
Evaluating candidate model on evaluation dataset
Epoch 82 candidate mean 3789.221701454419, baseline epoch 77 mean 3727.318007031198, difference 61.90369442322117
Start train epoch 83, lr=0.0001 for run train_raw_100_200ep_20260228T162008
Evaluating baseline on dataset...
Training baseline model...
开始train_epoch正式训练，总的 batch 大小: 200
Start training epoch 83...
epoch: 83, train_batch_id: 0, avg_cost: 4134.7319101420835
loss: -7415.761801741579, grad norm: 41030.48828125, clipped: 1.0
epoch: 83, train_batch_id: 50, avg_cost: 3645.396995232785
loss: -5721.1972780536125, grad norm: 44634.4765625, clipped: 1.0
epoch: 83, train_batch_id: 100, avg_cost: 3667.4678796385015
loss: -3888.185904703038, grad norm: 30058.71875, clipped: 1.0
epoch: 83, train_batch_id: 150, avg_cost: 3438.206292626385
loss: 1490.1643093213597, grad norm: 25107.724609375, clipped: 1.0
Finished epoch 83, took 00:08:15 s
####Saving model and state...
调用validate
Validating...
Validation overall avg_cost: 3694.2231485047673 +- 7.0392671329395595
Evaluating candidate model on evaluation dataset
Epoch 83 candidate mean 3702.8781398406654, baseline epoch 77 mean 3727.318007031198, difference -24.439867190532368
p-value: 1.72542830877098e-05
Update baseline
Evaluating baseline model on evaluation dataset

Start train epoch 84, lr=0.0001 for run train_raw_100_200ep_20260228T162008
Evaluating baseline on dataset...
Training baseline model...
开始train_epoch正式训练，总的 batch 大小: 200
Start training epoch 84...
epoch: 84, train_batch_id: 0, avg_cost: 3552.2603035062766
loss: -1414.7663376327068, grad norm: 20913.91015625, clipped: 1.0
epoch: 84, train_batch_id: 50, avg_cost: 3147.274609616345
loss: -2087.1543759342894, grad norm: 24338.8828125, clipped: 1.0
epoch: 84, train_batch_id: 100, avg_cost: 3484.8404951535927
loss: -2135.4190817078556, grad norm: 22618.3046875, clipped: 1.0
epoch: 84, train_batch_id: 150, avg_cost: 3591.3706508831847
loss: -403.7842837558754, grad norm: 25200.23828125, clipped: 1.0
Finished epoch 84, took 00:08:19 s
####Saving model and state...
调用validate
Validating...
Validation overall avg_cost: 3736.4031240440904 +- 7.475545303770593
Evaluating candidate model on evaluation dataset
Epoch 84 candidate mean 3753.285078474973, baseline epoch 83 mean 3719.8332016982, difference 33.45187677677313
Start train epoch 85, lr=0.0001 for run train_raw_100_200ep_20260228T162008
Evaluating baseline on dataset...
Training baseline model...
开始train_epoch正式训练，总的 batch 大小: 200
Start training epoch 85...
epoch: 85, train_batch_id: 0, avg_cost: 3658.2683821143482
loss: -884.0792170545253, grad norm: 28463.138671875, clipped: 1.0
epoch: 85, train_batch_id: 50, avg_cost: 3745.3359665162184
loss: -3707.658299264347, grad norm: 26245.58203125, clipped: 1.0
epoch: 85, train_batch_id: 100, avg_cost: 3573.2424642177953
loss: -168.51023856610493, grad norm: 27876.45703125, clipped: 1.0
epoch: 85, train_batch_id: 150, avg_cost: 3707.6596864016865
loss: -3722.866676342876, grad norm: 29301.443359375, clipped: 1.0
Finished epoch 85, took 00:08:14 s
####Saving model and state...
调用validate
Validating...
Validation overall avg_cost: 3654.299811009899 +- 7.072157403243198
Evaluating candidate model on evaluation dataset
Epoch 85 candidate mean 3656.5214110433026, baseline epoch 83 mean 3719.8332016982, difference -63.31179065489732
p-value: 1.073598143491805e-28
Update baseline
Evaluating baseline model on evaluation dataset

Start train epoch 86, lr=0.0001 for run train_raw_100_200ep_20260228T162008
Evaluating baseline on dataset...
Training baseline model...
开始train_epoch正式训练，总的 batch 大小: 200
Start training epoch 86...
epoch: 86, train_batch_id: 0, avg_cost: 3307.899647228906
loss: -1237.6247583342133, grad norm: 21365.037109375, clipped: 1.0
epoch: 86, train_batch_id: 50, avg_cost: 3800.593960378616
loss: -2829.8879688967772, grad norm: 33809.56640625, clipped: 1.0
epoch: 86, train_batch_id: 100, avg_cost: 3796.437552911635
loss: -2988.9335431774825, grad norm: 32071.83203125, clipped: 1.0
epoch: 86, train_batch_id: 150, avg_cost: 3591.5571582541115
loss: -1836.8371274300991, grad norm: 36495.37890625, clipped: 1.0
Finished epoch 86, took 00:08:19 s
####Saving model and state...
调用validate
Validating...
Validation overall avg_cost: 3722.2570861637396 +- 7.263491479322456
Evaluating candidate model on evaluation dataset
Epoch 86 candidate mean 3717.316218642158, baseline epoch 85 mean 3647.9144104654124, difference 69.40180817674582
Start train epoch 87, lr=0.0001 for run train_raw_100_200ep_20260228T162008
Evaluating baseline on dataset...
Training baseline model...
开始train_epoch正式训练，总的 batch 大小: 200
Start training epoch 87...
epoch: 87, train_batch_id: 0, avg_cost: 3649.4796815374048
loss: -4881.564393074556, grad norm: 43087.921875, clipped: 1.0
epoch: 87, train_batch_id: 50, avg_cost: 3782.6470560900207
loss: -2858.9953413795693, grad norm: 37608.2421875, clipped: 1.0
epoch: 87, train_batch_id: 100, avg_cost: 3790.454755760915
loss: -5075.290291792035, grad norm: 42466.14453125, clipped: 1.0
epoch: 87, train_batch_id: 150, avg_cost: 3685.2061953656284
loss: -4029.407207506012, grad norm: 29472.400390625, clipped: 1.0
Finished epoch 87, took 00:08:11 s
####Saving model and state...
调用validate
Validating...
Validation overall avg_cost: 3645.9069847371366 +- 7.1182808570209835
Evaluating candidate model on evaluation dataset
Epoch 87 candidate mean 3639.749815236816, baseline epoch 85 mean 3647.9144104654124, difference -8.164595228596227
p-value: 0.07708888738033233
Start train epoch 88, lr=0.0001 for run train_raw_100_200ep_20260228T162008
Evaluating baseline on dataset...
Training baseline model...
开始train_epoch正式训练，总的 batch 大小: 200
Start training epoch 88...
epoch: 88, train_batch_id: 0, avg_cost: 3737.361440552864
loss: -35.51612827279416, grad norm: 35229.52734375, clipped: 1.0
epoch: 88, train_batch_id: 50, avg_cost: 3306.297304246834
loss: -334.6958180915622, grad norm: 36765.89453125, clipped: 1.0
epoch: 88, train_batch_id: 100, avg_cost: 3314.037704500506
loss: -257.4962739034587, grad norm: 28031.787109375, clipped: 1.0
epoch: 88, train_batch_id: 150, avg_cost: 3743.6688860666954
loss: -1954.31222392154, grad norm: 33172.36328125, clipped: 1.0
Finished epoch 88, took 00:08:13 s
####Saving model and state...
调用validate
Validating...
Validation overall avg_cost: 3588.0694649052134 +- 7.031663680788664
Evaluating candidate model on evaluation dataset
Epoch 88 candidate mean 3593.4287528510395, baseline epoch 85 mean 3647.9144104654124, difference -54.48565761437294
p-value: 5.496024444943226e-20
Update baseline
Evaluating baseline model on evaluation dataset

Start train epoch 89, lr=0.0001 for run train_raw_100_200ep_20260228T162008
Evaluating baseline on dataset...
Training baseline model...
开始train_epoch正式训练，总的 batch 大小: 200
Start training epoch 89...
epoch: 89, train_batch_id: 0, avg_cost: 3444.392271267673
loss: -682.9515504414478, grad norm: 18161.890625, clipped: 1.0
epoch: 89, train_batch_id: 50, avg_cost: 3407.925050246102
loss: -1318.8353596752702, grad norm: 25614.521484375, clipped: 1.0
epoch: 89, train_batch_id: 100, avg_cost: 3346.135145402445
loss: 559.441239938694, grad norm: 23503.6875, clipped: 1.0
epoch: 89, train_batch_id: 150, avg_cost: 3259.6821993787435
loss: -810.6411737539311, grad norm: 26501.576171875, clipped: 1.0
Finished epoch 89, took 00:08:10 s
####Saving model and state...
调用validate
Validating...
Validation overall avg_cost: 3555.1560641515043 +- 7.164968281977221
Evaluating candidate model on evaluation dataset
Epoch 89 candidate mean 3562.636844359369, baseline epoch 88 mean 3592.1946127686906, difference -29.557768409321397
p-value: 1.2051367402203377e-08
Update baseline
Evaluating baseline model on evaluation dataset

Start train epoch 90, lr=0.0001 for run train_raw_100_200ep_20260228T162008
Evaluating baseline on dataset...
Training baseline model...
开始train_epoch正式训练，总的 batch 大小: 200
Start training epoch 90...
epoch: 90, train_batch_id: 0, avg_cost: 3520.7040847685093
loss: -228.8409921765611, grad norm: 19185.9453125, clipped: 1.0
epoch: 90, train_batch_id: 50, avg_cost: 3354.064786335677
loss: -378.0615020976227, grad norm: 22643.625, clipped: 1.0
epoch: 90, train_batch_id: 100, avg_cost: 3624.553683309403
loss: -1391.8902479429769, grad norm: 28465.736328125, clipped: 1.0
epoch: 90, train_batch_id: 150, avg_cost: 3450.2083768246484
loss: -248.3806668460297, grad norm: 36613.2890625, clipped: 1.0
Finished epoch 90, took 00:08:07 s
####Saving model and state...
调用validate
Validating...
Validation overall avg_cost: 3520.34684597049 +- 6.971139490782573
Evaluating candidate model on evaluation dataset
Epoch 90 candidate mean 3514.6311657192045, baseline epoch 89 mean 3551.7710519438306, difference -37.139886224626025
p-value: 1.975069663212913e-12
Update baseline
Evaluating baseline model on evaluation dataset

Start train epoch 91, lr=0.0001 for run train_raw_100_200ep_20260228T162008
Evaluating baseline on dataset...
Training baseline model...
开始train_epoch正式训练，总的 batch 大小: 200
Start training epoch 91...
epoch: 91, train_batch_id: 0, avg_cost: 3496.987251800566
loss: -512.4894626130074, grad norm: 20609.8671875, clipped: 1.0
epoch: 91, train_batch_id: 50, avg_cost: 3304.1903411773337
loss: 645.5227331691583, grad norm: 30683.0625, clipped: 1.0
epoch: 91, train_batch_id: 100, avg_cost: 3781.7622656755993
loss: 509.2704514355362, grad norm: 35718.40625, clipped: 1.0
epoch: 91, train_batch_id: 150, avg_cost: 3495.0897376993344
loss: 1550.6536302352545, grad norm: 36104.3671875, clipped: 1.0
Finished epoch 91, took 00:07:51 s
####Saving model and state...
调用validate
Validating...
Validation overall avg_cost: 3441.743274199593 +- 6.676516605835746
Evaluating candidate model on evaluation dataset
Epoch 91 candidate mean 3443.4409071724403, baseline epoch 90 mean 3523.5057678434737, difference -80.06486067103333
p-value: 2.0144042916621047e-44
Update baseline
Evaluating baseline model on evaluation dataset

Start train epoch 92, lr=0.0001 for run train_raw_100_200ep_20260228T162008
Evaluating baseline on dataset...
Training baseline model...
开始train_epoch正式训练，总的 batch 大小: 200
Start training epoch 92...
epoch: 92, train_batch_id: 0, avg_cost: 3069.2140228288827
loss: -2263.2975078463896, grad norm: 27356.984375, clipped: 1.0
epoch: 92, train_batch_id: 50, avg_cost: 3101.583118797003
loss: -164.11134631222944, grad norm: 30611.05859375, clipped: 1.0
epoch: 92, train_batch_id: 100, avg_cost: 3900.1795494720063
loss: -12467.931960181733, grad norm: 96832.5625, clipped: 1.0
epoch: 92, train_batch_id: 150, avg_cost: 3339.0912511551487
loss: -2809.6677787828944, grad norm: 31033.24609375, clipped: 1.0
Finished epoch 92, took 00:08:08 s
####Saving model and state...
调用validate
Validating...
Validation overall avg_cost: 3503.2436054224545 +- 6.9036276812411375
Evaluating candidate model on evaluation dataset
Epoch 92 candidate mean 3485.501351016081, baseline epoch 91 mean 3427.7486288160485, difference 57.75272220003262
Start train epoch 93, lr=0.0001 for run train_raw_100_200ep_20260228T162008
Evaluating baseline on dataset...
Training baseline model...
开始train_epoch正式训练，总的 batch 大小: 200
Start training epoch 93...
epoch: 93, train_batch_id: 0, avg_cost: 3465.2586668954254
loss: -2691.866972878919, grad norm: 35468.81640625, clipped: 1.0
epoch: 93, train_batch_id: 50, avg_cost: 3878.9901662323705
loss: -5642.1150435110685, grad norm: 45092.203125, clipped: 1.0
epoch: 93, train_batch_id: 100, avg_cost: 3559.2425460202203
loss: -12609.699357273228, grad norm: 77080.921875, clipped: 1.0
epoch: 93, train_batch_id: 150, avg_cost: 3513.6164285165105
loss: -3868.638385311221, grad norm: 50373.26953125, clipped: 1.0
Finished epoch 93, took 00:07:41 s
####Saving model and state...
调用validate
Validating...
Validation overall avg_cost: 3414.698478178231 +- 6.755273333314525
Evaluating candidate model on evaluation dataset
Epoch 93 candidate mean 3406.2336065362383, baseline epoch 91 mean 3427.7486288160485, difference -21.515022279810182
p-value: 2.3272919486645898e-05
Update baseline
Evaluating baseline model on evaluation dataset

Start train epoch 94, lr=0.0001 for run train_raw_100_200ep_20260228T162008
Evaluating baseline on dataset...
Training baseline model...
开始train_epoch正式训练，总的 batch 大小: 200
Start training epoch 94...
epoch: 94, train_batch_id: 0, avg_cost: 2991.387731276114
loss: -1608.783235373654, grad norm: 26111.240234375, clipped: 1.0
epoch: 94, train_batch_id: 50, avg_cost: 3296.9679647473986
loss: -493.5013118740576, grad norm: 29600.431640625, clipped: 1.0
epoch: 94, train_batch_id: 100, avg_cost: 3563.3826997682213
loss: -381.0688594256976, grad norm: 36788.078125, clipped: 1.0
epoch: 94, train_batch_id: 150, avg_cost: 3309.0323839191624
loss: -2387.9764827383683, grad norm: 33225.87109375, clipped: 1.0
Finished epoch 94, took 00:07:19 s
####Saving model and state...
调用validate
Validating...
Validation overall avg_cost: 3481.908278209191 +- 6.848171315780012
Evaluating candidate model on evaluation dataset
Epoch 94 candidate mean 3468.0837428612513, baseline epoch 93 mean 3393.7801656279153, difference 74.303577233336
Start train epoch 95, lr=0.0001 for run train_raw_100_200ep_20260228T162008
Evaluating baseline on dataset...
Training baseline model...
开始train_epoch正式训练，总的 batch 大小: 200
Start training epoch 95...
epoch: 95, train_batch_id: 0, avg_cost: 3156.7634749875824
loss: -6812.919983450506, grad norm: 48189.4609375, clipped: 1.0
epoch: 95, train_batch_id: 50, avg_cost: 3725.547535204833
loss: -19358.42347219827, grad norm: 135342.046875, clipped: 1.0
epoch: 95, train_batch_id: 100, avg_cost: 3826.2612551070624
loss: -3824.254949410299, grad norm: 53013.56640625, clipped: 1.0
epoch: 95, train_batch_id: 150, avg_cost: 3476.2986990325116
loss: 340.57535508105843, grad norm: 32112.087890625, clipped: 1.0
Finished epoch 95, took 00:07:30 s
####Saving model and state...
调用validate
Validating...
Validation overall avg_cost: 3421.273594551325 +- 6.520824635518155
Evaluating candidate model on evaluation dataset
Epoch 95 candidate mean 3404.645601361139, baseline epoch 93 mean 3393.7801656279153, difference 10.865435733223876
Start train epoch 96, lr=0.0001 for run train_raw_100_200ep_20260228T162008
Evaluating baseline on dataset...
Training baseline model...
开始train_epoch正式训练，总的 batch 大小: 200
Start training epoch 96...
epoch: 96, train_batch_id: 0, avg_cost: 3505.8262261205914
loss: -1945.2187330099127, grad norm: 28134.5390625, clipped: 1.0
epoch: 96, train_batch_id: 50, avg_cost: 3367.6805797809466
loss: -1418.4545285405065, grad norm: 34388.4375, clipped: 1.0
epoch: 96, train_batch_id: 100, avg_cost: 3168.0254949740356
loss: -1082.008818223053, grad norm: 28024.37890625, clipped: 1.0
epoch: 96, train_batch_id: 150, avg_cost: 3426.879209370783
loss: -8776.40710867643, grad norm: 63921.12890625, clipped: 1.0
Finished epoch 96, took 00:07:49 s
####Saving model and state...
调用validate
Validating...
Validation overall avg_cost: 3428.276659637391 +- 6.514780131029078
Evaluating candidate model on evaluation dataset
Epoch 96 candidate mean 3410.62112800164, baseline epoch 93 mean 3393.7801656279153, difference 16.84096237372478
Start train epoch 97, lr=0.0001 for run train_raw_100_200ep_20260228T162008
Evaluating baseline on dataset...
Training baseline model...
开始train_epoch正式训练，总的 batch 大小: 200
Start training epoch 97...
epoch: 97, train_batch_id: 0, avg_cost: 3326.2591651544144
loss: -2223.6224229353074, grad norm: 43348.734375, clipped: 1.0
epoch: 97, train_batch_id: 50, avg_cost: 3334.345266337792
loss: -1155.5811725330088, grad norm: 45600.34375, clipped: 1.0
epoch: 97, train_batch_id: 100, avg_cost: 3213.851230353833
loss: -1457.4487816369392, grad norm: 36243.671875, clipped: 1.0
epoch: 97, train_batch_id: 150, avg_cost: 3333.09619897711
loss: -1603.8644502728212, grad norm: 39976.1875, clipped: 1.0
Finished epoch 97, took 00:07:40 s
####Saving model and state...
调用validate
Validating...
Validation overall avg_cost: 3417.6715764297387 +- 6.619811549832422
Evaluating candidate model on evaluation dataset
Epoch 97 candidate mean 3401.7288541018916, baseline epoch 93 mean 3393.7801656279153, difference 7.94868847397629
Start train epoch 98, lr=0.0001 for run train_raw_100_200ep_20260228T162008
Evaluating baseline on dataset...
Training baseline model...
开始train_epoch正式训练，总的 batch 大小: 200
Start training epoch 98...
epoch: 98, train_batch_id: 0, avg_cost: 3487.195286049717
loss: 279.3988536143247, grad norm: 41844.48828125, clipped: 1.0
epoch: 98, train_batch_id: 50, avg_cost: 3283.4531034124575
loss: -2993.727902577536, grad norm: 40191.01953125, clipped: 1.0
epoch: 98, train_batch_id: 100, avg_cost: 3493.8523566183953
loss: -610.5189703963671, grad norm: 27815.16796875, clipped: 1.0
epoch: 98, train_batch_id: 150, avg_cost: 2919.676741176084
loss: -1035.7581426273032, grad norm: 32689.54296875, clipped: 1.0
Finished epoch 98, took 00:07:55 s
####Saving model and state...
调用validate
Validating...
Validation overall avg_cost: 3390.1610884154425 +- 6.31320286526128
Evaluating candidate model on evaluation dataset
Epoch 98 candidate mean 3380.9034450616796, baseline epoch 93 mean 3393.7801656279153, difference -12.87672056623569
p-value: 0.01181870710490329
Update baseline
Evaluating baseline model on evaluation dataset

Start train epoch 99, lr=0.0001 for run train_raw_100_200ep_20260228T162008
Evaluating baseline on dataset...
Training baseline model...
开始train_epoch正式训练，总的 batch 大小: 200
Start training epoch 99...
epoch: 99, train_batch_id: 0, avg_cost: 3822.099570480257
loss: -4400.028983056924, grad norm: 38895.82421875, clipped: 1.0
epoch: 99, train_batch_id: 50, avg_cost: 3075.740160381678
loss: 85.6008346063727, grad norm: 32693.265625, clipped: 1.0
epoch: 99, train_batch_id: 100, avg_cost: 3602.121596125317
loss: 921.0984005390335, grad norm: 33968.85546875, clipped: 1.0
epoch: 99, train_batch_id: 150, avg_cost: 3402.1347776435896
loss: -397.15722397294735, grad norm: 24195.849609375, clipped: 1.0
Finished epoch 99, took 00:08:01 s
####Saving model and state...
调用validate
Validating...
Validation overall avg_cost: 3327.0347224421353 +- 6.353377208138486
Evaluating candidate model on evaluation dataset
Epoch 99 candidate mean 3327.159297447915, baseline epoch 98 mean 3382.7994229103024, difference -55.64012546238746
p-value: 6.870705258340518e-23
Update baseline
Evaluating baseline model on evaluation dataset

Start train epoch 100, lr=0.0001 for run train_raw_100_200ep_20260228T162008
Evaluating baseline on dataset...
Training baseline model...
开始train_epoch正式训练，总的 batch 大小: 200
Start training epoch 100...
epoch: 100, train_batch_id: 0, avg_cost: 3245.875843087708
loss: -1584.9902967025928, grad norm: 21616.470703125, clipped: 1.0
epoch: 100, train_batch_id: 50, avg_cost: 3429.6956698682743
loss: 783.52604476388, grad norm: 40702.00390625, clipped: 1.0
epoch: 100, train_batch_id: 100, avg_cost: 3375.3855977345406
loss: -1420.908652305098, grad norm: 37641.4765625, clipped: 1.0
epoch: 100, train_batch_id: 150, avg_cost: 3503.764789990237
loss: -1546.6095173367316, grad norm: 35731.65234375, clipped: 1.0
Finished epoch 100, took 00:07:42 s
####Saving model and state...
调用validate
Validating...
Validation overall avg_cost: 3326.6709138845686 +- 6.329748509694026
Evaluating candidate model on evaluation dataset
Epoch 100 candidate mean 3334.1463166597623, baseline epoch 99 mean 3334.993125138784, difference -0.8468084790215471
p-value: 0.43748806486406555
Start train epoch 101, lr=0.0001 for run train_raw_100_200ep_20260228T162008
Evaluating baseline on dataset...
Training baseline model...
开始train_epoch正式训练，总的 batch 大小: 200
Start training epoch 101...
epoch: 101, train_batch_id: 0, avg_cost: 2925.5096731533513
loss: -216.97540560741368, grad norm: 36635.93359375, clipped: 1.0
epoch: 101, train_batch_id: 50, avg_cost: 3384.4658342092343
loss: -2867.1332027214075, grad norm: 54619.21484375, clipped: 1.0
epoch: 101, train_batch_id: 100, avg_cost: 3254.7556064871296
loss: -4698.970960986945, grad norm: 46506.9765625, clipped: 1.0
epoch: 101, train_batch_id: 150, avg_cost: 3482.603494806117
loss: -2901.997819751902, grad norm: 48846.4375, clipped: 1.0
Finished epoch 101, took 00:07:43 s
####Saving model and state...
调用validate
Validating...
Validation overall avg_cost: 3342.5777240554366 +- 6.040672263858023
Evaluating candidate model on evaluation dataset
Epoch 101 candidate mean 3347.3783618455855, baseline epoch 99 mean 3334.993125138784, difference 12.385236706801606
Start train epoch 102, lr=0.0001 for run train_raw_100_200ep_20260228T162008
Evaluating baseline on dataset...
Training baseline model...
开始train_epoch正式训练，总的 batch 大小: 200
Start training epoch 102...
epoch: 102, train_batch_id: 0, avg_cost: 3307.879515367679
loss: -1216.5336946371358, grad norm: 36057.0859375, clipped: 1.0
epoch: 102, train_batch_id: 50, avg_cost: 3268.462218270443
loss: -3624.614990245486, grad norm: 40578.48828125, clipped: 1.0
epoch: 102, train_batch_id: 100, avg_cost: 3550.3228887431233
loss: -2693.9570843868964, grad norm: 39156.9375, clipped: 1.0
epoch: 102, train_batch_id: 150, avg_cost: 3744.741849231364
loss: -7050.603053568425, grad norm: 79642.1640625, clipped: 1.0
Finished epoch 102, took 00:07:48 s
####Saving model and state...
调用validate
Validating...
Validation overall avg_cost: 3434.8764212627607 +- 6.541210471395571
Evaluating candidate model on evaluation dataset
Epoch 102 candidate mean 3448.9934813086957, baseline epoch 99 mean 3334.993125138784, difference 114.00035616991181
Start train epoch 103, lr=0.0001 for run train_raw_100_200ep_20260228T162008
Evaluating baseline on dataset...
Training baseline model...
开始train_epoch正式训练，总的 batch 大小: 200
Start training epoch 103...
epoch: 103, train_batch_id: 0, avg_cost: 3452.761281179047
loss: -13197.020233564846, grad norm: 52876.1953125, clipped: 1.0
epoch: 103, train_batch_id: 50, avg_cost: 3724.8127035840603
loss: -24054.765594746685, grad norm: 113241.9375, clipped: 1.0
epoch: 103, train_batch_id: 100, avg_cost: 3699.059371709579
loss: -5883.289368855534, grad norm: 55770.7109375, clipped: 1.0
epoch: 103, train_batch_id: 150, avg_cost: 3253.127129758978
loss: -3274.2960553473376, grad norm: 37273.234375, clipped: 1.0
Finished epoch 103, took 00:07:50 s
####Saving model and state...
调用validate
Validating...
Validation overall avg_cost: 3370.112133650057 +- 6.5458602572174875
Evaluating candidate model on evaluation dataset
Epoch 103 candidate mean 3372.059261695455, baseline epoch 99 mean 3334.993125138784, difference 37.066136556671154
Start train epoch 104, lr=0.0001 for run train_raw_100_200ep_20260228T162008
Evaluating baseline on dataset...
Training baseline model...
开始train_epoch正式训练，总的 batch 大小: 200
Start training epoch 104...
epoch: 104, train_batch_id: 0, avg_cost: 3443.2929535438457
loss: -523.1437463148711, grad norm: 42998.4140625, clipped: 1.0
epoch: 104, train_batch_id: 50, avg_cost: 3553.6010050889327
loss: -2119.8363809606153, grad norm: 43360.98828125, clipped: 1.0
epoch: 104, train_batch_id: 100, avg_cost: 3087.657271970449
loss: -2714.5155496228413, grad norm: 43558.96484375, clipped: 1.0
epoch: 104, train_batch_id: 150, avg_cost: 3751.2047202121043
loss: -6499.014676378535, grad norm: 66078.46875, clipped: 1.0
Finished epoch 104, took 00:07:48 s
####Saving model and state...
调用validate
Validating...
Validation overall avg_cost: 3454.2540546752866 +- 6.38475395528411
Evaluating candidate model on evaluation dataset
Epoch 104 candidate mean 3456.1106211977785, baseline epoch 99 mean 3334.993125138784, difference 121.11749605899467
Start train epoch 105, lr=0.0001 for run train_raw_100_200ep_20260228T162008
Evaluating baseline on dataset...
Training baseline model...
开始train_epoch正式训练，总的 batch 大小: 200
Start training epoch 105...
epoch: 105, train_batch_id: 0, avg_cost: 3187.741331519801
loss: -2089.1668018461164, grad norm: 43909.7734375, clipped: 1.0
epoch: 105, train_batch_id: 50, avg_cost: 3366.3922888995494
loss: -7348.997270233834, grad norm: 63612.12109375, clipped: 1.0
epoch: 105, train_batch_id: 100, avg_cost: 3588.647577846959
loss: -6045.841508024394, grad norm: 45949.11328125, clipped: 1.0
epoch: 105, train_batch_id: 150, avg_cost: 3417.4646943513444
loss: -7680.979683042913, grad norm: 82542.5078125, clipped: 1.0
Finished epoch 105, took 00:07:49 s
####Saving model and state...
调用validate
Validating...
Validation overall avg_cost: 3510.559234414206 +- 6.3799443916018355
Evaluating candidate model on evaluation dataset
Epoch 105 candidate mean 3509.556792786113, baseline epoch 99 mean 3334.993125138784, difference 174.5636676473291
Start train epoch 106, lr=0.0001 for run train_raw_100_200ep_20260228T162008
Evaluating baseline on dataset...
Training baseline model...
开始train_epoch正式训练，总的 batch 大小: 200
Start training epoch 106...
epoch: 106, train_batch_id: 0, avg_cost: 3405.729821166846
loss: -3675.0835365497283, grad norm: 62688.68359375, clipped: 1.0
epoch: 106, train_batch_id: 50, avg_cost: 3714.400901381863
loss: -14177.776070181371, grad norm: 114580.734375, clipped: 1.0
epoch: 106, train_batch_id: 100, avg_cost: 3393.8807772174127
loss: -3172.737589273752, grad norm: 63220.6328125, clipped: 1.0
epoch: 106, train_batch_id: 150, avg_cost: 3398.087112888672
loss: -13531.206433295749, grad norm: 74024.5859375, clipped: 1.0
Finished epoch 106, took 00:07:46 s
####Saving model and state...
调用validate
Validating...
Validation overall avg_cost: 3521.381689700722 +- 6.799313837470196
Evaluating candidate model on evaluation dataset
Epoch 106 candidate mean 3518.8482120577232, baseline epoch 99 mean 3334.993125138784, difference 183.85508691893938
Start train epoch 107, lr=0.0001 for run train_raw_100_200ep_20260228T162008
Evaluating baseline on dataset...
Training baseline model...
开始train_epoch正式训练，总的 batch 大小: 200
Start training epoch 107...
epoch: 107, train_batch_id: 0, avg_cost: 3353.320042971671
loss: -8442.811806770893, grad norm: 51343.609375, clipped: 1.0
epoch: 107, train_batch_id: 50, avg_cost: 3417.227105236321
loss: -9256.292012662165, grad norm: 60634.765625, clipped: 1.0
epoch: 107, train_batch_id: 100, avg_cost: 2965.6934957125395
loss: -3001.4069596489508, grad norm: 40967.2578125, clipped: 1.0
epoch: 107, train_batch_id: 150, avg_cost: 3076.8686227808053
loss: -3046.61415457994, grad norm: 54298.33984375, clipped: 1.0
Finished epoch 107, took 00:07:42 s
####Saving model and state...
调用validate
Validating...
Validation overall avg_cost: 3442.1283049232884 +- 6.53006867366997
Evaluating candidate model on evaluation dataset
Epoch 107 candidate mean 3440.932160960674, baseline epoch 99 mean 3334.993125138784, difference 105.93903582189023
Start train epoch 108, lr=0.0001 for run train_raw_100_200ep_20260228T162008
Evaluating baseline on dataset...
Training baseline model...
开始train_epoch正式训练，总的 batch 大小: 200
Start training epoch 108...
epoch: 108, train_batch_id: 0, avg_cost: 3026.9083879636296
loss: 134.6859935145368, grad norm: 44797.38671875, clipped: 1.0
epoch: 108, train_batch_id: 50, avg_cost: 3292.3080624309787
loss: -3048.2422704043975, grad norm: 41585.7109375, clipped: 1.0
epoch: 108, train_batch_id: 100, avg_cost: 3387.193326092679
loss: -3700.2754346136553, grad norm: 42501.5, clipped: 1.0
epoch: 108, train_batch_id: 150, avg_cost: 3188.281103742717
loss: -4978.47662977754, grad norm: 45540.4140625, clipped: 1.0
Finished epoch 108, took 00:07:38 s
####Saving model and state...
调用validate
Validating...
Validation overall avg_cost: 3336.4036954570197 +- 6.181272121257287
Evaluating candidate model on evaluation dataset
Epoch 108 candidate mean 3332.7736965708323, baseline epoch 99 mean 3334.993125138784, difference -2.2194285679515815
p-value: 0.3452390063377148
Start train epoch 109, lr=0.0001 for run train_raw_100_200ep_20260228T162008
Evaluating baseline on dataset...
Training baseline model...
开始train_epoch正式训练，总的 batch 大小: 200
Start training epoch 109...
epoch: 109, train_batch_id: 0, avg_cost: 3258.6004059206075
loss: -1044.6365095611056, grad norm: 32754.57421875, clipped: 1.0
epoch: 109, train_batch_id: 50, avg_cost: 3222.1756051487764
loss: 514.2998274442649, grad norm: 49545.69921875, clipped: 1.0
epoch: 109, train_batch_id: 100, avg_cost: 3743.9055586275513
loss: -1740.4930871731026, grad norm: 45133.2578125, clipped: 1.0
epoch: 109, train_batch_id: 150, avg_cost: 3485.2762006208955
loss: -3711.535877085835, grad norm: 48938.609375, clipped: 1.0
Finished epoch 109, took 00:07:29 s
####Saving model and state...
调用validate
Validating...
Validation overall avg_cost: 3337.791302721866 +- 6.142433329405177
Evaluating candidate model on evaluation dataset
Epoch 109 candidate mean 3337.639113754123, baseline epoch 99 mean 3334.993125138784, difference 2.64598861533932
Start train epoch 110, lr=0.0001 for run train_raw_100_200ep_20260228T162008
Evaluating baseline on dataset...
Training baseline model...
开始train_epoch正式训练，总的 batch 大小: 200
Start training epoch 110...
epoch: 110, train_batch_id: 0, avg_cost: 3094.337383631756
loss: -2556.4090466472644, grad norm: 39574.2734375, clipped: 1.0
epoch: 110, train_batch_id: 50, avg_cost: 3522.122646266923
loss: -8655.376066327433, grad norm: 69817.7578125, clipped: 1.0
epoch: 110, train_batch_id: 100, avg_cost: 3220.002549906344
loss: -162.83598949950988, grad norm: 34149.63671875, clipped: 1.0
epoch: 110, train_batch_id: 150, avg_cost: 3118.1921794461086
loss: -3949.273306719463, grad norm: 38841.4609375, clipped: 1.0
Finished epoch 110, took 00:07:28 s
####Saving model and state...
调用validate
Validating...
Validation overall avg_cost: 3292.1281061004333 +- 6.15002381546673
Evaluating candidate model on evaluation dataset
Epoch 110 candidate mean 3305.3138400662415, baseline epoch 99 mean 3334.993125138784, difference -29.67928507254237
p-value: 1.0014755788716918e-07
Update baseline
Evaluating baseline model on evaluation dataset

Start train epoch 111, lr=0.0001 for run train_raw_100_200ep_20260228T162008
Evaluating baseline on dataset...
Training baseline model...
开始train_epoch正式训练，总的 batch 大小: 200
Start training epoch 111...
epoch: 111, train_batch_id: 0, avg_cost: 3386.1401185084696
loss: -273.8012620061662, grad norm: 21799.080078125, clipped: 1.0
epoch: 111, train_batch_id: 50, avg_cost: 3458.400993201398
loss: -2759.8204180501843, grad norm: 35648.67578125, clipped: 1.0
epoch: 111, train_batch_id: 100, avg_cost: 3055.7551254409595
loss: -1965.5856404591364, grad norm: 32167.6328125, clipped: 1.0
epoch: 111, train_batch_id: 150, avg_cost: 3279.8732936339197
loss: -4001.681071596112, grad norm: 23937.21484375, clipped: 1.0
Finished epoch 111, took 00:07:53 s
####Saving model and state...
调用validate
Validating...
Validation overall avg_cost: 3283.731309275764 +- 6.221052209556876
Evaluating candidate model on evaluation dataset
Epoch 111 candidate mean 3276.4656420692427, baseline epoch 110 mean 3291.3930578258983, difference -14.927415756655591
p-value: 0.0016448571297345068
Update baseline
Evaluating baseline model on evaluation dataset

Start train epoch 112, lr=0.0001 for run train_raw_100_200ep_20260228T162008
Evaluating baseline on dataset...
Training baseline model...
开始train_epoch正式训练，总的 batch 大小: 200
Start training epoch 112...
epoch: 112, train_batch_id: 0, avg_cost: 3165.6221637093404
loss: -774.8467715261645, grad norm: 28696.544921875, clipped: 1.0
epoch: 112, train_batch_id: 50, avg_cost: 3009.301822667002
loss: -1285.080319736228, grad norm: 47898.859375, clipped: 1.0
epoch: 112, train_batch_id: 100, avg_cost: 3139.701088368811
loss: -763.4961111684255, grad norm: 27829.046875, clipped: 1.0
epoch: 112, train_batch_id: 150, avg_cost: 3037.9656402500577
loss: 1238.053607099337, grad norm: 32671.38671875, clipped: 1.0
Finished epoch 112, took 00:07:50 s
####Saving model and state...
调用validate
Validating...
Validation overall avg_cost: 3236.759945756532 +- 6.199026240699434
Evaluating candidate model on evaluation dataset
Epoch 112 candidate mean 3213.431670712176, baseline epoch 111 mean 3262.6641506441065, difference -49.23247993193036
p-value: 6.604362043939465e-25
Update baseline
Evaluating baseline model on evaluation dataset

Start train epoch 113, lr=0.0001 for run train_raw_100_200ep_20260228T162008
Evaluating baseline on dataset...
Training baseline model...
开始train_epoch正式训练，总的 batch 大小: 200
Start training epoch 113...
epoch: 113, train_batch_id: 0, avg_cost: 3259.132607074919
loss: -2553.0815190573503, grad norm: 24575.169921875, clipped: 1.0
epoch: 113, train_batch_id: 50, avg_cost: 3235.338948572198
loss: -54.84762085163453, grad norm: 37545.41015625, clipped: 1.0
epoch: 113, train_batch_id: 100, avg_cost: 2839.181062311094
loss: -2065.9967424282986, grad norm: 34045.58203125, clipped: 1.0
epoch: 113, train_batch_id: 150, avg_cost: 3352.035294908232
loss: 658.6624531212342, grad norm: 31457.029296875, clipped: 1.0
Finished epoch 113, took 00:07:44 s
####Saving model and state...
调用validate
Validating...
Validation overall avg_cost: 3288.8325367846946 +- 6.1527081855948715
Evaluating candidate model on evaluation dataset
Epoch 113 candidate mean 3292.384237809786, baseline epoch 112 mean 3232.2601886794373, difference 60.124049130348794
Start train epoch 114, lr=0.0001 for run train_raw_100_200ep_20260228T162008
Evaluating baseline on dataset...
Training baseline model...
开始train_epoch正式训练，总的 batch 大小: 200
Start training epoch 114...
epoch: 114, train_batch_id: 0, avg_cost: 2916.2443666417334
loss: -2360.581671779702, grad norm: 37973.8203125, clipped: 1.0
epoch: 114, train_batch_id: 50, avg_cost: 2860.4446344711796
loss: -643.8584903851693, grad norm: 23999.7890625, clipped: 1.0
epoch: 114, train_batch_id: 100, avg_cost: 3360.3474007408063
loss: 1307.5084506804346, grad norm: 33726.8125, clipped: 1.0
epoch: 114, train_batch_id: 150, avg_cost: 3329.646456759552
loss: -1116.4443112651397, grad norm: 30914.76953125, clipped: 1.0
Finished epoch 114, took 00:07:46 s
####Saving model and state...
调用validate
Validating...
Validation overall avg_cost: 3193.293606910928 +- 5.95818729383724
Evaluating candidate model on evaluation dataset
Epoch 114 candidate mean 3195.1273060936282, baseline epoch 112 mean 3232.2601886794373, difference -37.13288258580906
p-value: 3.1675646717881565e-13
Update baseline
Evaluating baseline model on evaluation dataset

Start train epoch 115, lr=0.0001 for run train_raw_100_200ep_20260228T162008
Evaluating baseline on dataset...
Training baseline model...
开始train_epoch正式训练，总的 batch 大小: 200
Start training epoch 115...
epoch: 115, train_batch_id: 0, avg_cost: 3246.0216191213226
loss: -510.26731293428634, grad norm: 22611.2109375, clipped: 1.0
epoch: 115, train_batch_id: 50, avg_cost: 3438.114235835654
loss: -2765.596985259387, grad norm: 29094.603515625, clipped: 1.0
epoch: 115, train_batch_id: 100, avg_cost: 2879.815355701392
loss: -1298.2938483851694, grad norm: 25196.912109375, clipped: 1.0
epoch: 115, train_batch_id: 150, avg_cost: 3103.102980264088
loss: -1006.6248065957359, grad norm: 21982.345703125, clipped: 1.0
Finished epoch 115, took 00:07:50 s
####Saving model and state...
调用validate
Validating...
Validation overall avg_cost: 3176.139486662301 +- 5.889035903906012
Evaluating candidate model on evaluation dataset
Epoch 115 candidate mean 3183.736100937847, baseline epoch 114 mean 3185.410808934534, difference -1.6747079966871752
p-value: 0.3609504857930692
Start train epoch 116, lr=0.0001 for run train_raw_100_200ep_20260228T162008
Evaluating baseline on dataset...
Training baseline model...
开始train_epoch正式训练，总的 batch 大小: 200
Start training epoch 116...
epoch: 116, train_batch_id: 0, avg_cost: 3123.5554895910727
loss: -899.7339384662803, grad norm: 22339.7890625, clipped: 1.0
epoch: 116, train_batch_id: 50, avg_cost: 3270.945000825407
loss: -92.10671479936968, grad norm: 26926.806640625, clipped: 1.0
epoch: 116, train_batch_id: 100, avg_cost: 3110.1552628664404
loss: -2679.0347251530375, grad norm: 26747.966796875, clipped: 1.0
epoch: 116, train_batch_id: 150, avg_cost: 3469.675923902443
loss: -1908.1272804297773, grad norm: 33625.50390625, clipped: 1.0
Finished epoch 116, took 00:07:56 s
####Saving model and state...
调用validate
Validating...
Validation overall avg_cost: 3208.4379950806433 +- 5.778617982567609
Evaluating candidate model on evaluation dataset
Epoch 116 candidate mean 3199.0352610756777, baseline epoch 114 mean 3185.410808934534, difference 13.624452141143593
Start train epoch 117, lr=0.0001 for run train_raw_100_200ep_20260228T162008
Evaluating baseline on dataset...
Training baseline model...
开始train_epoch正式训练，总的 batch 大小: 200
Start training epoch 117...
epoch: 117, train_batch_id: 0, avg_cost: 3248.003905638255
loss: -3111.218522553184, grad norm: 41037.2109375, clipped: 1.0
epoch: 117, train_batch_id: 50, avg_cost: 3046.868379880152
loss: -971.7799887302324, grad norm: 34670.1953125, clipped: 1.0
epoch: 117, train_batch_id: 100, avg_cost: 2979.185763235444
loss: -2012.075496295302, grad norm: 29780.2890625, clipped: 1.0
epoch: 117, train_batch_id: 150, avg_cost: 3221.486045807462
loss: -1822.0514120358196, grad norm: 33860.859375, clipped: 1.0
Finished epoch 117, took 00:07:46 s
####Saving model and state...
调用validate
Validating...
Validation overall avg_cost: 3255.0061359342876 +- 6.012013971324889
Evaluating candidate model on evaluation dataset
Epoch 117 candidate mean 3265.3666879716116, baseline epoch 114 mean 3185.410808934534, difference 79.95587903707747
Start train epoch 118, lr=0.0001 for run train_raw_100_200ep_20260228T162008
Evaluating baseline on dataset...
Training baseline model...
开始train_epoch正式训练，总的 batch 大小: 200
Start training epoch 118...
epoch: 118, train_batch_id: 0, avg_cost: 3086.3323642425294
loss: -3223.403944468344, grad norm: 33782.5859375, clipped: 1.0
epoch: 118, train_batch_id: 50, avg_cost: 3503.3806663534
loss: -2149.9606728001236, grad norm: 34276.12890625, clipped: 1.0
epoch: 118, train_batch_id: 100, avg_cost: 3043.849666075045
loss: -1852.7020465424066, grad norm: 27072.189453125, clipped: 1.0
epoch: 118, train_batch_id: 150, avg_cost: 3149.182897712493
loss: -1838.2862629809003, grad norm: 35756.98828125, clipped: 1.0
Finished epoch 118, took 00:07:24 s
####Saving model and state...
调用validate
Validating...
Validation overall avg_cost: 3204.4286393690827 +- 5.925361261343062
Evaluating candidate model on evaluation dataset
Epoch 118 candidate mean 3212.798203546089, baseline epoch 114 mean 3185.410808934534, difference 27.38739461155501
Start train epoch 119, lr=0.0001 for run train_raw_100_200ep_20260228T162008
Evaluating baseline on dataset...
Training baseline model...
开始train_epoch正式训练，总的 batch 大小: 200
Start training epoch 119...
epoch: 119, train_batch_id: 0, avg_cost: 3290.511418377512
loss: -8303.358859698259, grad norm: 53332.703125, clipped: 1.0
epoch: 119, train_batch_id: 50, avg_cost: 3340.33750690995
loss: -2881.6789872425625, grad norm: 33582.7109375, clipped: 1.0
epoch: 119, train_batch_id: 100, avg_cost: 2929.5794844826896
loss: -2610.13475138468, grad norm: 25982.556640625, clipped: 1.0
epoch: 119, train_batch_id: 150, avg_cost: 3299.170771580588
loss: -870.5137769130478, grad norm: 31316.724609375, clipped: 1.0
Finished epoch 119, took 00:07:40 s
####Saving model and state...
调用validate
Validating...
Validation overall avg_cost: 3241.5936889969926 +- 5.948019380457287
Evaluating candidate model on evaluation dataset
Epoch 119 candidate mean 3251.691532264358, baseline epoch 114 mean 3185.410808934534, difference 66.28072332982401
Start train epoch 120, lr=0.0001 for run train_raw_100_200ep_20260228T162008
Evaluating baseline on dataset...
Training baseline model...
开始train_epoch正式训练，总的 batch 大小: 200
Start training epoch 120...
epoch: 120, train_batch_id: 0, avg_cost: 3166.071415695555
loss: -1131.7017277898644, grad norm: 27512.169921875, clipped: 1.0
epoch: 120, train_batch_id: 50, avg_cost: 3129.5025370819712
loss: -6540.115007574503, grad norm: 45418.43359375, clipped: 1.0
epoch: 120, train_batch_id: 100, avg_cost: 3173.506683046666
loss: -3044.6812549021943, grad norm: 31665.021484375, clipped: 1.0
epoch: 120, train_batch_id: 150, avg_cost: 2955.3635415292533
loss: -9768.224264241253, grad norm: 36191.87109375, clipped: 1.0
Finished epoch 120, took 00:07:13 s
####Saving model and state...
调用validate
Validating...
Validation overall avg_cost: 3242.7438750160663 +- 6.137121160150754
Evaluating candidate model on evaluation dataset
Epoch 120 candidate mean 3242.526131110916, baseline epoch 114 mean 3185.410808934534, difference 57.11532217638205
Start train epoch 121, lr=0.0001 for run train_raw_100_200ep_20260228T162008
Evaluating baseline on dataset...
Training baseline model...
开始train_epoch正式训练，总的 batch 大小: 200
Start training epoch 121...
epoch: 121, train_batch_id: 0, avg_cost: 2873.033469658313
loss: -1697.1698138710335, grad norm: 36928.8359375, clipped: 1.0
epoch: 121, train_batch_id: 50, avg_cost: 3622.3607259598953
loss: -15373.128247701134, grad norm: 94709.5859375, clipped: 1.0
epoch: 121, train_batch_id: 100, avg_cost: 2868.198241827482
loss: -3105.176769769251, grad norm: 35803.8515625, clipped: 1.0
epoch: 121, train_batch_id: 150, avg_cost: 3098.128186981703
loss: -1453.808382602705, grad norm: 29086.5, clipped: 1.0
Finished epoch 121, took 00:07:35 s
####Saving model and state...
调用validate
Validating...
Validation overall avg_cost: 3168.0373546753967 +- 6.074011577065442
Evaluating candidate model on evaluation dataset
Epoch 121 candidate mean 3158.5263547457166, baseline epoch 114 mean 3185.410808934534, difference -26.88445418881747
p-value: 1.2877327822205465e-07
Update baseline
Evaluating baseline model on evaluation dataset

Start train epoch 122, lr=0.0001 for run train_raw_100_200ep_20260228T162008
Evaluating baseline on dataset...
Training baseline model...
开始train_epoch正式训练，总的 batch 大小: 200
Start training epoch 122...
epoch: 122, train_batch_id: 0, avg_cost: 3151.510104001475
loss: 74.54969222618293, grad norm: 16190.4501953125, clipped: 1.0
epoch: 122, train_batch_id: 50, avg_cost: 2895.2462373226303
loss: -1485.9228425093957, grad norm: 27932.04296875, clipped: 1.0
epoch: 122, train_batch_id: 100, avg_cost: 2972.8509352830733
loss: -263.07890624644983, grad norm: 22209.72265625, clipped: 1.0
epoch: 122, train_batch_id: 150, avg_cost: 3062.9626826267267
loss: -2534.1201052556617, grad norm: 24902.912109375, clipped: 1.0
Finished epoch 122, took 00:07:37 s
####Saving model and state...
调用validate
Validating...
Validation overall avg_cost: 3204.373238858895 +- 5.930984544673527
Evaluating candidate model on evaluation dataset
Epoch 122 candidate mean 3205.2153198858064, baseline epoch 121 mean 3175.7512148740125, difference 29.46410501179389
Start train epoch 123, lr=0.0001 for run train_raw_100_200ep_20260228T162008
Evaluating baseline on dataset...
Training baseline model...
开始train_epoch正式训练，总的 batch 大小: 200
Start training epoch 123...
epoch: 123, train_batch_id: 0, avg_cost: 3561.474027706752
loss: -4014.5517820761834, grad norm: 29706.28515625, clipped: 1.0
epoch: 123, train_batch_id: 50, avg_cost: 3034.5898576484033
loss: -1747.4620888384507, grad norm: 38802.59765625, clipped: 1.0
epoch: 123, train_batch_id: 100, avg_cost: 3279.8838507955297
loss: -2921.533943171867, grad norm: 43961.078125, clipped: 1.0
epoch: 123, train_batch_id: 150, avg_cost: 3022.0260119294207
loss: -2656.037053614263, grad norm: 27926.37109375, clipped: 1.0
Finished epoch 123, took 00:07:43 s
####Saving model and state...
调用validate
Validating...
Validation overall avg_cost: 3187.8983285567538 +- 5.966529330694339
Evaluating candidate model on evaluation dataset
Epoch 123 candidate mean 3189.8493803786755, baseline epoch 121 mean 3175.7512148740125, difference 14.09816550466303
Start train epoch 124, lr=0.0001 for run train_raw_100_200ep_20260228T162008
Evaluating baseline on dataset...
Training baseline model...
开始train_epoch正式训练，总的 batch 大小: 200
Start training epoch 124...
epoch: 124, train_batch_id: 0, avg_cost: 3001.083250095778
loss: -1729.4322430564066, grad norm: 30266.552734375, clipped: 1.0
epoch: 124, train_batch_id: 50, avg_cost: 3306.019813490515
loss: -688.9495025531036, grad norm: 22704.04296875, clipped: 1.0
epoch: 124, train_batch_id: 100, avg_cost: 3233.9032212012826
loss: -1142.9623427856282, grad norm: 27010.8671875, clipped: 1.0
epoch: 124, train_batch_id: 150, avg_cost: 2983.877678817107
loss: -2832.8172612575886, grad norm: 24658.99609375, clipped: 1.0
Finished epoch 124, took 00:07:36 s
####Saving model and state...
调用validate
Validating...
Validation overall avg_cost: 3172.448098973773 +- 5.8796146906417865
Evaluating candidate model on evaluation dataset
Epoch 124 candidate mean 3184.362989729149, baseline epoch 121 mean 3175.7512148740125, difference 8.611774855136446
Start train epoch 125, lr=0.0001 for run train_raw_100_200ep_20260228T162008
Evaluating baseline on dataset...
Training baseline model...
开始train_epoch正式训练，总的 batch 大小: 200
Start training epoch 125...
epoch: 125, train_batch_id: 0, avg_cost: 3406.329244292202
loss: -5342.822410212415, grad norm: 47926.4296875, clipped: 1.0
epoch: 125, train_batch_id: 50, avg_cost: 2988.7105128437724
loss: -1049.430905935333, grad norm: 39397.171875, clipped: 1.0
epoch: 125, train_batch_id: 100, avg_cost: 2961.455521933089
loss: -1817.7370537967374, grad norm: 25748.919921875, clipped: 1.0
epoch: 125, train_batch_id: 150, avg_cost: 3039.004513999138
loss: -3850.3422002898033, grad norm: 40122.45703125, clipped: 1.0
Finished epoch 125, took 00:07:47 s
####Saving model and state...
调用validate
Validating...
Validation overall avg_cost: 3207.51918773015 +- 6.101083086495605
Evaluating candidate model on evaluation dataset
Epoch 125 candidate mean 3215.5872575672574, baseline epoch 121 mean 3175.7512148740125, difference 39.83604269324496
Start train epoch 126, lr=0.0001 for run train_raw_100_200ep_20260228T162008
Evaluating baseline on dataset...
Training baseline model...
开始train_epoch正式训练，总的 batch 大小: 200
Start training epoch 126...
epoch: 126, train_batch_id: 0, avg_cost: 3114.6623862432525
loss: -2546.4564431881217, grad norm: 29110.791015625, clipped: 1.0
epoch: 126, train_batch_id: 50, avg_cost: 3127.5535373139883
loss: -1330.1962233985378, grad norm: 30961.4609375, clipped: 1.0
epoch: 126, train_batch_id: 100, avg_cost: 2849.8499987834284
loss: -1835.8109210224663, grad norm: 29011.19921875, clipped: 1.0
epoch: 126, train_batch_id: 150, avg_cost: 2996.2879349994023
loss: -10515.86270691525, grad norm: 40225.4140625, clipped: 1.0
Finished epoch 126, took 00:07:36 s
####Saving model and state...
调用validate
Validating...
Validation overall avg_cost: 3132.9347949879225 +- 5.863703005411721
Evaluating candidate model on evaluation dataset
Epoch 126 candidate mean 3138.4248387343723, baseline epoch 121 mean 3175.7512148740125, difference -37.32637613964016
p-value: 1.4385684354925358e-13
Update baseline
Evaluating baseline model on evaluation dataset

Start train epoch 127, lr=0.0001 for run train_raw_100_200ep_20260228T162008
Evaluating baseline on dataset...
Training baseline model...
开始train_epoch正式训练，总的 batch 大小: 200
Start training epoch 127...
epoch: 127, train_batch_id: 0, avg_cost: 2998.9208561844134
loss: -1069.4398140247833, grad norm: 14554.4697265625, clipped: 1.0
epoch: 127, train_batch_id: 50, avg_cost: 3013.1305511594337
loss: -119.14639465021777, grad norm: 29881.125, clipped: 1.0
epoch: 127, train_batch_id: 100, avg_cost: 3159.8215521207403
loss: -1567.674001185535, grad norm: 36706.1796875, clipped: 1.0
epoch: 127, train_batch_id: 150, avg_cost: 3070.985453007091
loss: -240.8698200568122, grad norm: 33833.73046875, clipped: 1.0
Finished epoch 127, took 00:07:41 s
####Saving model and state...
调用validate
Validating...
Validation overall avg_cost: 3127.934954442898 +- 5.877625024674381
Evaluating candidate model on evaluation dataset
Epoch 127 candidate mean 3133.609980759674, baseline epoch 126 mean 3129.374891363155, difference 4.235089396519015
Start train epoch 128, lr=0.0001 for run train_raw_100_200ep_20260228T162008
Evaluating baseline on dataset...
Training baseline model...
开始train_epoch正式训练，总的 batch 大小: 200
Start training epoch 128...
epoch: 128, train_batch_id: 0, avg_cost: 3060.5359934267517
loss: 199.21319166856586, grad norm: 23314.48828125, clipped: 1.0
epoch: 128, train_batch_id: 50, avg_cost: 2830.1830685484356
loss: 59.547096598392784, grad norm: 28039.439453125, clipped: 1.0
epoch: 128, train_batch_id: 100, avg_cost: 3152.7477789999703
loss: -2553.243642370938, grad norm: 40520.53125, clipped: 1.0
epoch: 128, train_batch_id: 150, avg_cost: 2956.11473218303
loss: -792.7099073211787, grad norm: 24602.408203125, clipped: 1.0
Finished epoch 128, took 00:07:43 s
####Saving model and state...
调用validate
Validating...
Validation overall avg_cost: 3135.6905134968274 +- 5.942283905658164
Evaluating candidate model on evaluation dataset
Epoch 128 candidate mean 3126.0437728273655, baseline epoch 126 mean 3129.374891363155, difference -3.331118535789301
p-value: 0.24139652133278974
Start train epoch 129, lr=0.0001 for run train_raw_100_200ep_20260228T162008
Evaluating baseline on dataset...
Training baseline model...
开始train_epoch正式训练，总的 batch 大小: 200
Start training epoch 129...
epoch: 129, train_batch_id: 0, avg_cost: 3007.6250726515364
loss: -530.627317802916, grad norm: 29470.8515625, clipped: 1.0
epoch: 129, train_batch_id: 50, avg_cost: 2864.9938530046575
loss: 443.15103668277897, grad norm: 34137.23828125, clipped: 1.0
epoch: 129, train_batch_id: 100, avg_cost: 3328.0933507672453
loss: -1927.5088203320533, grad norm: 35149.3046875, clipped: 1.0
epoch: 129, train_batch_id: 150, avg_cost: 2878.3912855855415
loss: -1699.9062172372985, grad norm: 41818.1484375, clipped: 1.0
Finished epoch 129, took 00:07:40 s
####Saving model and state...
调用validate
Validating...
Validation overall avg_cost: 3170.812344749492 +- 5.9657474197467195
Evaluating candidate model on evaluation dataset
Epoch 129 candidate mean 3173.3183863711342, baseline epoch 126 mean 3129.374891363155, difference 43.943495007979436
Start train epoch 130, lr=0.0001 for run train_raw_100_200ep_20260228T162008
Evaluating baseline on dataset...
Training baseline model...
开始train_epoch正式训练，总的 batch 大小: 200
Start training epoch 130...
epoch: 130, train_batch_id: 0, avg_cost: 2793.887782236638
loss: 65.37326335277143, grad norm: 31109.203125, clipped: 1.0
epoch: 130, train_batch_id: 50, avg_cost: 3397.8742363388005
loss: -2202.1537829192343, grad norm: 39173.1875, clipped: 1.0
epoch: 130, train_batch_id: 100, avg_cost: 3452.5114465343477
loss: -598.2136007974257, grad norm: 35776.41015625, clipped: 1.0
epoch: 130, train_batch_id: 150, avg_cost: 2768.8633567991665
loss: -3019.8568027210426, grad norm: 40477.15625, clipped: 1.0
Finished epoch 130, took 00:07:44 s
####Saving model and state...
调用validate
Validating...
Validation overall avg_cost: 3154.952325337742 +- 5.836952858094353
Evaluating candidate model on evaluation dataset
Epoch 130 candidate mean 3148.451008445837, baseline epoch 126 mean 3129.374891363155, difference 19.07611708268223
Start train epoch 131, lr=0.0001 for run train_raw_100_200ep_20260228T162008
Evaluating baseline on dataset...
Training baseline model...
开始train_epoch正式训练，总的 batch 大小: 200
Start training epoch 131...
epoch: 131, train_batch_id: 0, avg_cost: 3146.5829971440776
loss: -1400.3815068512804, grad norm: 27620.912109375, clipped: 1.0
epoch: 131, train_batch_id: 50, avg_cost: 2957.2771887161134
loss: -955.295584375751, grad norm: 24186.328125, clipped: 1.0
epoch: 131, train_batch_id: 100, avg_cost: 3222.331034818814
loss: -969.5818216443627, grad norm: 25180.787109375, clipped: 1.0
epoch: 131, train_batch_id: 150, avg_cost: 3314.2421770535984
loss: -9020.571492562924, grad norm: 76899.671875, clipped: 1.0
Finished epoch 131, took 00:07:42 s
####Saving model and state...
调用validate
Validating...
Validation overall avg_cost: 3433.5430066603835 +- 6.430031046809557
Evaluating candidate model on evaluation dataset
Epoch 131 candidate mean 3441.159505092524, baseline epoch 126 mean 3129.374891363155, difference 311.7846137293691
Start train epoch 132, lr=0.0001 for run train_raw_100_200ep_20260228T162008
Evaluating baseline on dataset...
Training baseline model...
开始train_epoch正式训练，总的 batch 大小: 200
Start training epoch 132...
epoch: 132, train_batch_id: 0, avg_cost: 3664.863517378439
loss: -19764.27600877021, grad norm: 66812.640625, clipped: 1.0
epoch: 132, train_batch_id: 50, avg_cost: 3414.3579958931564
loss: -8564.555295686152, grad norm: 32550.2109375, clipped: 1.0
epoch: 132, train_batch_id: 100, avg_cost: 3600.2004580612356
loss: -18342.71739657979, grad norm: 52674.50390625, clipped: 1.0
epoch: 132, train_batch_id: 150, avg_cost: 3209.045655771538
loss: -3503.970333372241, grad norm: 33111.953125, clipped: 1.0
Finished epoch 132, took 00:07:38 s
####Saving model and state...
调用validate
Validating...
Validation overall avg_cost: 3208.670670193336 +- 6.018636448843896
Evaluating candidate model on evaluation dataset
Epoch 132 candidate mean 3202.717084425421, baseline epoch 126 mean 3129.374891363155, difference 73.34219306226623
Start train epoch 133, lr=0.0001 for run train_raw_100_200ep_20260228T162008
Evaluating baseline on dataset...
Training baseline model...
开始train_epoch正式训练，总的 batch 大小: 200
Start training epoch 133...
epoch: 133, train_batch_id: 0, avg_cost: 3245.4312972026482
loss: -3271.954742811687, grad norm: 23709.123046875, clipped: 1.0
epoch: 133, train_batch_id: 50, avg_cost: 3000.8974268488787
loss: -5194.054672834914, grad norm: 32453.197265625, clipped: 1.0
epoch: 133, train_batch_id: 100, avg_cost: 3261.2937156906655
loss: -1014.3601005321973, grad norm: 25910.046875, clipped: 1.0
epoch: 133, train_batch_id: 150, avg_cost: 3226.8404126807386
loss: -4137.57487182245, grad norm: 22908.927734375, clipped: 1.0
Finished epoch 133, took 00:07:45 s
####Saving model and state...
调用validate
Validating...
Validation overall avg_cost: 3095.340554390537 +- 5.731894514876858
Evaluating candidate model on evaluation dataset
Epoch 133 candidate mean 3094.259649499785, baseline epoch 126 mean 3129.374891363155, difference -35.11524186336965
p-value: 1.4588376410261808e-12
Update baseline
Evaluating baseline model on evaluation dataset

Start train epoch 134, lr=0.0001 for run train_raw_100_200ep_20260228T162008
Evaluating baseline on dataset...
Training baseline model...
开始train_epoch正式训练，总的 batch 大小: 200
Start training epoch 134...
epoch: 134, train_batch_id: 0, avg_cost: 3243.4443086439296
loss: -606.8163255979848, grad norm: 17426.8828125, clipped: 1.0
epoch: 134, train_batch_id: 50, avg_cost: 2577.72140861177
loss: -1659.597171571329, grad norm: 21792.46484375, clipped: 1.0
epoch: 134, train_batch_id: 100, avg_cost: 2936.693408511328
loss: -3694.777479187793, grad norm: 25997.529296875, clipped: 1.0
epoch: 134, train_batch_id: 150, avg_cost: 2629.7619090759863
loss: -2132.4710013684908, grad norm: 23855.912109375, clipped: 1.0
Finished epoch 134, took 00:07:33 s
####Saving model and state...
调用validate
Validating...
Validation overall avg_cost: 3096.30755745361 +- 5.711501965187145
Evaluating candidate model on evaluation dataset
Epoch 134 candidate mean 3097.711549845006, baseline epoch 133 mean 3090.811378985524, difference 6.900170859482387
Start train epoch 135, lr=0.0001 for run train_raw_100_200ep_20260228T162008
Evaluating baseline on dataset...
Training baseline model...
开始train_epoch正式训练，总的 batch 大小: 200
Start training epoch 135...
epoch: 135, train_batch_id: 0, avg_cost: 3184.204673246277
loss: -1379.151134229643, grad norm: 29380.572265625, clipped: 1.0
epoch: 135, train_batch_id: 50, avg_cost: 2914.137848447738
loss: -873.4117049667518, grad norm: 36261.1171875, clipped: 1.0
epoch: 135, train_batch_id: 100, avg_cost: 3193.7925285030274
loss: 1550.223907929772, grad norm: 27272.9296875, clipped: 1.0
epoch: 135, train_batch_id: 150, avg_cost: 2934.8190079701444
loss: -1645.5989751733305, grad norm: 34096.8359375, clipped: 1.0
Finished epoch 135, took 00:07:18 s
####Saving model and state...
调用validate
Validating...
Validation overall avg_cost: 3040.899243585261 +- 5.697404539294846
Evaluating candidate model on evaluation dataset
Epoch 135 candidate mean 3041.5789749514133, baseline epoch 133 mean 3090.811378985524, difference -49.23240403411046
p-value: 1.0388179815840106e-23
Update baseline
Evaluating baseline model on evaluation dataset

Start train epoch 136, lr=0.0001 for run train_raw_100_200ep_20260228T162008
Evaluating baseline on dataset...
Training baseline model...
开始train_epoch正式训练，总的 batch 大小: 200
Start training epoch 136...
epoch: 136, train_batch_id: 0, avg_cost: 3006.5289562898197
loss: -2154.3977171295624, grad norm: 16374.9775390625, clipped: 1.0
epoch: 136, train_batch_id: 50, avg_cost: 3152.558497431783
loss: -146.24148168887575, grad norm: 19467.81640625, clipped: 1.0
epoch: 136, train_batch_id: 100, avg_cost: 3428.865264588717
loss: -5211.864483440174, grad norm: 45630.9921875, clipped: 1.0
epoch: 136, train_batch_id: 150, avg_cost: 3319.8231681692914
loss: -2005.7234858586949, grad norm: 36535.6640625, clipped: 1.0
Finished epoch 136, took 00:07:50 s
####Saving model and state...
调用validate
Validating...
Validation overall avg_cost: 3284.9078851183513 +- 6.354738665187198
Evaluating candidate model on evaluation dataset
Epoch 136 candidate mean 3274.5415920952137, baseline epoch 135 mean 3042.2144881405357, difference 232.32710395467802
Start train epoch 137, lr=0.0001 for run train_raw_100_200ep_20260228T162008
Evaluating baseline on dataset...
Training baseline model...
开始train_epoch正式训练，总的 batch 大小: 200
Start training epoch 137...
epoch: 137, train_batch_id: 0, avg_cost: 3167.1826899448247
loss: -5540.323713070487, grad norm: 52181.1875, clipped: 1.0
epoch: 137, train_batch_id: 50, avg_cost: 2993.867589507353
loss: -2453.0200750643544, grad norm: 30135.21484375, clipped: 1.0
epoch: 137, train_batch_id: 100, avg_cost: 3202.1573977327157
loss: -1400.048560187562, grad norm: 24182.158203125, clipped: 1.0
epoch: 137, train_batch_id: 150, avg_cost: 3242.4337266779708
loss: -3064.5695828832922, grad norm: 29542.5, clipped: 1.0
Finished epoch 137, took 00:07:50 s
####Saving model and state...
调用validate
Validating...
Validation overall avg_cost: 3078.2130551592318 +- 5.687782137454726
Evaluating candidate model on evaluation dataset
Epoch 137 candidate mean 3080.6032761496754, baseline epoch 135 mean 3042.2144881405357, difference 38.38878800913972
Start train epoch 138, lr=0.0001 for run train_raw_100_200ep_20260228T162008
Evaluating baseline on dataset...
Training baseline model...
开始train_epoch正式训练，总的 batch 大小: 200
Start training epoch 138...
epoch: 138, train_batch_id: 0, avg_cost: 3085.545227406609
loss: -1250.0400138738319, grad norm: 30091.880859375, clipped: 1.0
epoch: 138, train_batch_id: 50, avg_cost: 2992.9338708637583
loss: -715.0456335445473, grad norm: 28334.728515625, clipped: 1.0
epoch: 138, train_batch_id: 100, avg_cost: 3114.80380562835
loss: -6794.858329439867, grad norm: 53871.45703125, clipped: 1.0
epoch: 138, train_batch_id: 150, avg_cost: 3046.8018306085987
loss: -4390.971260983626, grad norm: 38629.7578125, clipped: 1.0
Finished epoch 138, took 00:07:40 s
####Saving model and state...
调用validate
Validating...
Validation overall avg_cost: 3090.3551035612886 +- 5.725775558875758
Evaluating candidate model on evaluation dataset
Epoch 138 candidate mean 3091.500530238053, baseline epoch 135 mean 3042.2144881405357, difference 49.286042097517566
Start train epoch 139, lr=0.0001 for run train_raw_100_200ep_20260228T162008
Evaluating baseline on dataset...
Training baseline model...
开始train_epoch正式训练，总的 batch 大小: 200
Start training epoch 139...
epoch: 139, train_batch_id: 0, avg_cost: 3129.492436459358
loss: -2623.3744989743464, grad norm: 40044.71875, clipped: 1.0
epoch: 139, train_batch_id: 50, avg_cost: 2833.5737849430097
loss: -1987.0651310963685, grad norm: 23033.80078125, clipped: 1.0
epoch: 139, train_batch_id: 100, avg_cost: 3314.9151037845813
loss: -1793.7585469189062, grad norm: 27060.15625, clipped: 1.0
epoch: 139, train_batch_id: 150, avg_cost: 2622.815524339363
loss: -1886.3924770540298, grad norm: 30351.06640625, clipped: 1.0
Finished epoch 139, took 00:07:36 s
####Saving model and state...
调用validate
Validating...
Validation overall avg_cost: 3082.497988406279 +- 5.777769909707488
Evaluating candidate model on evaluation dataset
Epoch 139 candidate mean 3077.022802606011, baseline epoch 135 mean 3042.2144881405357, difference 34.80831446547518
Start train epoch 140, lr=0.0001 for run train_raw_100_200ep_20260228T162008
Evaluating baseline on dataset...
Training baseline model...
开始train_epoch正式训练，总的 batch 大小: 200
Start training epoch 140...
epoch: 140, train_batch_id: 0, avg_cost: 3199.328006227356
loss: -3765.9343163818103, grad norm: 37219.51171875, clipped: 1.0
epoch: 140, train_batch_id: 50, avg_cost: 3305.4426776537525
loss: -3588.2555426911213, grad norm: 29179.4609375, clipped: 1.0
epoch: 140, train_batch_id: 100, avg_cost: 3324.803045627923
loss: -5006.066328132881, grad norm: 45059.40625, clipped: 1.0
epoch: 140, train_batch_id: 150, avg_cost: 2974.822050605619
loss: -4878.124374789251, grad norm: 41411.546875, clipped: 1.0
Finished epoch 140, took 00:07:50 s
####Saving model and state...
调用validate
Validating...
Validation overall avg_cost: 3246.268894927322 +- 6.262548594648302
Evaluating candidate model on evaluation dataset
Epoch 140 candidate mean 3244.7139604897175, baseline epoch 135 mean 3042.2144881405357, difference 202.49947234918181
Start train epoch 141, lr=0.0001 for run train_raw_100_200ep_20260228T162008
Evaluating baseline on dataset...
Training baseline model...
开始train_epoch正式训练，总的 batch 大小: 200
Start training epoch 141...
epoch: 141, train_batch_id: 0, avg_cost: 3303.966622414663
loss: -7857.874721363954, grad norm: 46448.734375, clipped: 1.0
epoch: 141, train_batch_id: 50, avg_cost: 3440.460767318155
loss: -7039.079356292783, grad norm: 45232.640625, clipped: 1.0
epoch: 141, train_batch_id: 100, avg_cost: 3653.9119274937
loss: -8916.34197949509, grad norm: 42328.203125, clipped: 1.0
epoch: 141, train_batch_id: 150, avg_cost: 3339.2140380113324
loss: -4381.656524974633, grad norm: 34921.71875, clipped: 1.0
Finished epoch 141, took 00:07:52 s
####Saving model and state...
调用validate
Validating...
Validation overall avg_cost: 3181.1769586000137 +- 5.846465198926492
Evaluating candidate model on evaluation dataset
Epoch 141 candidate mean 3180.619218772524, baseline epoch 135 mean 3042.2144881405357, difference 138.4047306319885
Start train epoch 142, lr=0.0001 for run train_raw_100_200ep_20260228T162008
Evaluating baseline on dataset...
Training baseline model...
开始train_epoch正式训练，总的 batch 大小: 200
Start training epoch 142...
epoch: 142, train_batch_id: 0, avg_cost: 3366.894238970103
loss: -7511.468154188011, grad norm: 37096.2890625, clipped: 1.0
epoch: 142, train_batch_id: 50, avg_cost: 2940.365783028835
loss: -8379.638134002365, grad norm: 35295.5625, clipped: 1.0
epoch: 142, train_batch_id: 100, avg_cost: 3185.212199273824
loss: -11264.378367982892, grad norm: 43641.29296875, clipped: 1.0
epoch: 142, train_batch_id: 150, avg_cost: 3125.0474652338044
loss: -3762.515753378252, grad norm: 29833.302734375, clipped: 1.0
Finished epoch 142, took 00:07:25 s
####Saving model and state...
调用validate
Validating...
Validation overall avg_cost: 3160.8266503877126 +- 5.974664401665219
Evaluating candidate model on evaluation dataset
Epoch 142 candidate mean 3158.7854465007435, baseline epoch 135 mean 3042.2144881405357, difference 116.5709583602079
Start train epoch 143, lr=0.0001 for run train_raw_100_200ep_20260228T162008
Evaluating baseline on dataset...
Training baseline model...
开始train_epoch正式训练，总的 batch 大小: 200
Start training epoch 143...
epoch: 143, train_batch_id: 0, avg_cost: 3108.8027577247103
loss: -4381.067919213576, grad norm: 31218.13671875, clipped: 1.0
epoch: 143, train_batch_id: 50, avg_cost: 3041.7560529215893
loss: -7277.041097255922, grad norm: 32182.9296875, clipped: 1.0
epoch: 143, train_batch_id: 100, avg_cost: 3350.022436259426
loss: -8792.607102900229, grad norm: 35099.65234375, clipped: 1.0
epoch: 143, train_batch_id: 150, avg_cost: 3158.3123040554983
loss: -14057.889373889371, grad norm: 49452.328125, clipped: 1.0
Finished epoch 143, took 00:07:46 s
####Saving model and state...
调用validate
Validating...
Validation overall avg_cost: 3090.8260560535045 +- 5.815108738812009
Evaluating candidate model on evaluation dataset
Epoch 143 candidate mean 3089.4231329729305, baseline epoch 135 mean 3042.2144881405357, difference 47.20864483239484
Start train epoch 144, lr=0.0001 for run train_raw_100_200ep_20260228T162008
Evaluating baseline on dataset...
Training baseline model...
开始train_epoch正式训练，总的 batch 大小: 200
Start training epoch 144...
epoch: 144, train_batch_id: 0, avg_cost: 2835.993958652024
loss: -2531.4168882264676, grad norm: 20757.80078125, clipped: 1.0
epoch: 144, train_batch_id: 50, avg_cost: 3249.1927119601396
loss: -4703.32564854278, grad norm: 25648.802734375, clipped: 1.0
epoch: 144, train_batch_id: 100, avg_cost: 3048.186097336463
loss: -2150.1378413601183, grad norm: 28853.28125, clipped: 1.0
epoch: 144, train_batch_id: 150, avg_cost: 2919.6442571002617
loss: -1905.9355466888903, grad norm: 23450.513671875, clipped: 1.0
Finished epoch 144, took 00:07:46 s
####Saving model and state...
调用validate
Validating...
Validation overall avg_cost: 3136.7608606948274 +- 5.799104059916251
Evaluating candidate model on evaluation dataset
Epoch 144 candidate mean 3131.655570123409, baseline epoch 135 mean 3042.2144881405357, difference 89.44108198287313
Start train epoch 145, lr=0.0001 for run train_raw_100_200ep_20260228T162008
Evaluating baseline on dataset...
Training baseline model...
开始train_epoch正式训练，总的 batch 大小: 200
Start training epoch 145...
epoch: 145, train_batch_id: 0, avg_cost: 2964.752855890279
loss: -3229.174392315347, grad norm: 27883.220703125, clipped: 1.0
epoch: 145, train_batch_id: 50, avg_cost: 3177.6628182600343
loss: -3081.1965928967184, grad norm: 26477.7890625, clipped: 1.0
epoch: 145, train_batch_id: 100, avg_cost: 3006.811528042536
loss: -2641.0496479373483, grad norm: 26813.712890625, clipped: 1.0
epoch: 145, train_batch_id: 150, avg_cost: 2864.6248148483846
loss: -4033.7227284326646, grad norm: 24506.1484375, clipped: 1.0
Finished epoch 145, took 00:07:43 s
####Saving model and state...
调用validate
Validating...
Validation overall avg_cost: 3061.4863993067593 +- 5.926204348912231
Evaluating candidate model on evaluation dataset
Epoch 145 candidate mean 3052.3031779491334, baseline epoch 135 mean 3042.2144881405357, difference 10.088689808597792
Start train epoch 146, lr=0.0001 for run train_raw_100_200ep_20260228T162008
Evaluating baseline on dataset...
Training baseline model...
开始train_epoch正式训练，总的 batch 大小: 200
Start training epoch 146...
epoch: 146, train_batch_id: 0, avg_cost: 2913.4333873178502
loss: -2195.964849591918, grad norm: 36455.25, clipped: 1.0
epoch: 146, train_batch_id: 50, avg_cost: 2730.944342141136
loss: -1218.9395586999235, grad norm: 26898.080078125, clipped: 1.0
epoch: 146, train_batch_id: 100, avg_cost: 3252.881886099313
loss: -2255.9919461467416, grad norm: 29167.443359375, clipped: 1.0
epoch: 146, train_batch_id: 150, avg_cost: 3059.575640880763
loss: -806.1418463330824, grad norm: 25043.71484375, clipped: 1.0
Finished epoch 146, took 00:07:37 s
####Saving model and state...
调用validate
Validating...
Validation overall avg_cost: 3121.776158743989 +- 5.877500338415827
Evaluating candidate model on evaluation dataset
Epoch 146 candidate mean 3123.7557162142707, baseline epoch 135 mean 3042.2144881405357, difference 81.54122807373506
Start train epoch 147, lr=0.0001 for run train_raw_100_200ep_20260228T162008
Evaluating baseline on dataset...
Training baseline model...
开始train_epoch正式训练，总的 batch 大小: 200
Start training epoch 147...
epoch: 147, train_batch_id: 0, avg_cost: 2786.0971088796828
loss: -1231.0722083829935, grad norm: 26874.984375, clipped: 1.0
epoch: 147, train_batch_id: 50, avg_cost: 2935.8873827057923
loss: -242.5108093055471, grad norm: 23768.37890625, clipped: 1.0
epoch: 147, train_batch_id: 100, avg_cost: 3075.648097140438
loss: -1928.1443395997255, grad norm: 25955.470703125, clipped: 1.0
epoch: 147, train_batch_id: 150, avg_cost: 3033.8283896732073
loss: -2936.3755400661166, grad norm: 34060.8671875, clipped: 1.0
Finished epoch 147, took 00:07:16 s
####Saving model and state...
调用validate
Validating...
Validation overall avg_cost: 3089.9066895932715 +- 5.70257128695101
Evaluating candidate model on evaluation dataset
Epoch 147 candidate mean 3085.764105250866, baseline epoch 135 mean 3042.2144881405357, difference 43.54961711033047
Start train epoch 148, lr=0.0001 for run train_raw_100_200ep_20260228T162008
Evaluating baseline on dataset...
Training baseline model...
开始train_epoch正式训练，总的 batch 大小: 200
Start training epoch 148...
epoch: 148, train_batch_id: 0, avg_cost: 2906.782864823307
loss: -4614.857526872519, grad norm: 37629.5, clipped: 1.0
epoch: 148, train_batch_id: 50, avg_cost: 3357.799284585485
loss: -10.96137416725199, grad norm: 23419.26953125, clipped: 1.0
epoch: 148, train_batch_id: 100, avg_cost: 3082.5915269568327
loss: -1716.3418827907362, grad norm: 27406.205078125, clipped: 1.0
epoch: 148, train_batch_id: 150, avg_cost: 2598.1775527296904
loss: -2631.058251561504, grad norm: 27370.681640625, clipped: 1.0
Finished epoch 148, took 00:07:32 s
####Saving model and state...
调用validate
Validating...
Validation overall avg_cost: 3050.0053437555284 +- 5.65111497347015
Evaluating candidate model on evaluation dataset
Epoch 148 candidate mean 3045.2803198212396, baseline epoch 135 mean 3042.2144881405357, difference 3.0658316807039228
Start train epoch 149, lr=0.0001 for run train_raw_100_200ep_20260228T162008
Evaluating baseline on dataset...
Training baseline model...
开始train_epoch正式训练，总的 batch 大小: 200
Start training epoch 149...
epoch: 149, train_batch_id: 0, avg_cost: 3157.9457517227097
loss: -1140.2884630014178, grad norm: 27141.083984375, clipped: 1.0
epoch: 149, train_batch_id: 50, avg_cost: 2861.441655173587
loss: -3292.001487836613, grad norm: 23573.05859375, clipped: 1.0
epoch: 149, train_batch_id: 100, avg_cost: 2915.3976745643795
loss: -3332.265813230796, grad norm: 30683.80078125, clipped: 1.0
epoch: 149, train_batch_id: 150, avg_cost: 3531.4169921419716
loss: -1665.1033027593655, grad norm: 27868.181640625, clipped: 1.0
Finished epoch 149, took 00:07:22 s
####Saving model and state...
调用validate
Validating...
Validation overall avg_cost: 3036.4475746494345 +- 5.624248430254772
Evaluating candidate model on evaluation dataset
Epoch 149 candidate mean 3042.624993353106, baseline epoch 135 mean 3042.2144881405357, difference 0.4105052125705697
Start train epoch 150, lr=0.0001 for run train_raw_100_200ep_20260228T162008
Evaluating baseline on dataset...
Training baseline model...
开始train_epoch正式训练，总的 batch 大小: 200
Start training epoch 150...
epoch: 150, train_batch_id: 0, avg_cost: 3000.857115178455
loss: -3526.8508961997277, grad norm: 31220.3046875, clipped: 1.0
epoch: 150, train_batch_id: 50, avg_cost: 3311.43473986741
loss: -4716.1095238369435, grad norm: 25828.388671875, clipped: 1.0
epoch: 150, train_batch_id: 100, avg_cost: 2745.117238460239
loss: 119.10283336414614, grad norm: 45399.22265625, clipped: 1.0
epoch: 150, train_batch_id: 150, avg_cost: 3250.9642624301396
loss: -1950.8892215547844, grad norm: 29858.900390625, clipped: 1.0
Finished epoch 150, took 00:07:31 s
####Saving model and state...
调用validate
Validating...
Validation overall avg_cost: 3060.486135251486 +- 5.595609276351646
Evaluating candidate model on evaluation dataset
Epoch 150 candidate mean 3065.3691927094283, baseline epoch 135 mean 3042.2144881405357, difference 23.154704568892612
Start train epoch 151, lr=0.0001 for run train_raw_100_200ep_20260228T162008
Evaluating baseline on dataset...
Training baseline model...
开始train_epoch正式训练，总的 batch 大小: 200
Start training epoch 151...
epoch: 151, train_batch_id: 0, avg_cost: 2868.4583519971293
loss: -1797.0314715824538, grad norm: 29556.564453125, clipped: 1.0
epoch: 151, train_batch_id: 50, avg_cost: 2942.3603049379917
loss: -1990.0932415018108, grad norm: 24048.119140625, clipped: 1.0
epoch: 151, train_batch_id: 100, avg_cost: 2894.4363332485905
loss: -1003.484482218026, grad norm: 20849.974609375, clipped: 1.0
epoch: 151, train_batch_id: 150, avg_cost: 3199.9914338706494
loss: -923.9506447091037, grad norm: 25990.673828125, clipped: 1.0
Finished epoch 151, took 00:07:31 s
####Saving model and state...
调用validate
Validating...
Validation overall avg_cost: 3064.6325020159634 +- 5.64055640487735
Evaluating candidate model on evaluation dataset
Epoch 151 candidate mean 3059.622966445176, baseline epoch 135 mean 3042.2144881405357, difference 17.40847830464054
Start train epoch 152, lr=0.0001 for run train_raw_100_200ep_20260228T162008
Evaluating baseline on dataset...
Training baseline model...
开始train_epoch正式训练，总的 batch 大小: 200
Start training epoch 152...
epoch: 152, train_batch_id: 0, avg_cost: 2994.4491234854618
loss: -1422.1217885939188, grad norm: 27684.318359375, clipped: 1.0
epoch: 152, train_batch_id: 50, avg_cost: 2658.6206638035433
loss: 281.9179162545035, grad norm: 23483.228515625, clipped: 1.0
epoch: 152, train_batch_id: 100, avg_cost: 2768.381188536232
loss: -991.2088401264105, grad norm: 22170.80859375, clipped: 1.0
epoch: 152, train_batch_id: 150, avg_cost: 2822.5916076062604
loss: -1224.8534024592586, grad norm: 26622.53515625, clipped: 1.0
Finished epoch 152, took 00:07:30 s
####Saving model and state...
调用validate
Validating...
Validation overall avg_cost: 3069.429518797226 +- 5.742659712910426
Evaluating candidate model on evaluation dataset
Epoch 152 candidate mean 3071.5581823732928, baseline epoch 135 mean 3042.2144881405357, difference 29.343694232757116
Start train epoch 153, lr=0.0001 for run train_raw_100_200ep_20260228T162008
Evaluating baseline on dataset...
Training baseline model...
开始train_epoch正式训练，总的 batch 大小: 200
Start training epoch 153...
epoch: 153, train_batch_id: 0, avg_cost: 3527.398971448879
loss: -1719.0918490999188, grad norm: 29989.544921875, clipped: 1.0
epoch: 153, train_batch_id: 50, avg_cost: 2921.903709167099
loss: -754.1935952880494, grad norm: 20506.642578125, clipped: 1.0
epoch: 153, train_batch_id: 100, avg_cost: 3062.9936268758165
loss: -2486.598420456078, grad norm: 25452.80859375, clipped: 1.0
epoch: 153, train_batch_id: 150, avg_cost: 2784.2801134613537
loss: -2087.691273262544, grad norm: 19910.025390625, clipped: 1.0
Finished epoch 153, took 00:07:34 s
####Saving model and state...
调用validate
Validating...
Validation overall avg_cost: 3089.680914443732 +- 5.735678576252289
Evaluating candidate model on evaluation dataset
Epoch 153 candidate mean 3088.195802535481, baseline epoch 135 mean 3042.2144881405357, difference 45.98131439494546
Start train epoch 154, lr=0.0001 for run train_raw_100_200ep_20260228T162008
Evaluating baseline on dataset...
Training baseline model...
开始train_epoch正式训练，总的 batch 大小: 200
Start training epoch 154...
epoch: 154, train_batch_id: 0, avg_cost: 3110.95941420084
loss: -745.1983125824529, grad norm: 23519.337890625, clipped: 1.0
epoch: 154, train_batch_id: 50, avg_cost: 3239.6226991766102
loss: -2006.5785329254368, grad norm: 34096.765625, clipped: 1.0
epoch: 154, train_batch_id: 100, avg_cost: 2929.289007298552
loss: 185.64491050165893, grad norm: 26332.037109375, clipped: 1.0
epoch: 154, train_batch_id: 150, avg_cost: 2933.50794585701
loss: -895.0208291338267, grad norm: 24889.337890625, clipped: 1.0
Finished epoch 154, took 00:07:46 s
####Saving model and state...
调用validate
Validating...
Validation overall avg_cost: 3092.0846392874646 +- 5.911302717023261
Evaluating candidate model on evaluation dataset
Epoch 154 candidate mean 3083.9021857763446, baseline epoch 135 mean 3042.2144881405357, difference 41.687697635808945
Start train epoch 155, lr=0.0001 for run train_raw_100_200ep_20260228T162008
Evaluating baseline on dataset...
Training baseline model...
开始train_epoch正式训练，总的 batch 大小: 200
Start training epoch 155...
epoch: 155, train_batch_id: 0, avg_cost: 3360.5615056871416
loss: -363.5819878887104, grad norm: 29483.626953125, clipped: 1.0
epoch: 155, train_batch_id: 50, avg_cost: 3037.552170685769
loss: -1304.412619082737, grad norm: 23356.701171875, clipped: 1.0
epoch: 155, train_batch_id: 100, avg_cost: 3106.0161429158707
loss: -1846.4894393698632, grad norm: 22862.619140625, clipped: 1.0
epoch: 155, train_batch_id: 150, avg_cost: 2951.918804901009
loss: -1146.8984571870005, grad norm: 19510.76171875, clipped: 1.0
Finished epoch 155, took 00:07:37 s
####Saving model and state...
调用validate
Validating...
Validation overall avg_cost: 3053.8475925613575 +- 5.646649475075624
Evaluating candidate model on evaluation dataset
Epoch 155 candidate mean 3054.4471330884803, baseline epoch 135 mean 3042.2144881405357, difference 12.232644947944664
Start train epoch 156, lr=0.0001 for run train_raw_100_200ep_20260228T162008
Evaluating baseline on dataset...
Training baseline model...
开始train_epoch正式训练，总的 batch 大小: 200
Start training epoch 156...
epoch: 156, train_batch_id: 0, avg_cost: 2901.3194384104772
loss: -1513.7770135785245, grad norm: 21980.72265625, clipped: 1.0
epoch: 156, train_batch_id: 50, avg_cost: 2853.8411706904094
loss: -282.37518979764377, grad norm: 23853.525390625, clipped: 1.0
epoch: 156, train_batch_id: 100, avg_cost: 2879.9460316047225
loss: -2013.5470501336388, grad norm: 22524.412109375, clipped: 1.0
epoch: 156, train_batch_id: 150, avg_cost: 3165.3924526120554
loss: -2434.578449098131, grad norm: 26378.859375, clipped: 1.0
Finished epoch 156, took 00:07:29 s
####Saving model and state...
调用validate
Validating...
Validation overall avg_cost: 3042.466453804022 +- 5.474884657157616
Evaluating candidate model on evaluation dataset
Epoch 156 candidate mean 3037.8548101293363, baseline epoch 135 mean 3042.2144881405357, difference -4.359678011199321
p-value: 0.18275523698476484
Start train epoch 157, lr=0.0001 for run train_raw_100_200ep_20260228T162008
Evaluating baseline on dataset...
Training baseline model...
开始train_epoch正式训练，总的 batch 大小: 200
Start training epoch 157...
epoch: 157, train_batch_id: 0, avg_cost: 2800.448162532781
loss: -1425.482441949815, grad norm: 29364.82421875, clipped: 1.0
epoch: 157, train_batch_id: 50, avg_cost: 3270.8211228807036
loss: -6994.000254574244, grad norm: 49769.50390625, clipped: 1.0
epoch: 157, train_batch_id: 100, avg_cost: 3024.92324984121
loss: -2962.980494174873, grad norm: 23312.1875, clipped: 1.0
epoch: 157, train_batch_id: 150, avg_cost: 3428.4455710719976
loss: -8994.384959217725, grad norm: 58605.38671875, clipped: 1.0
Finished epoch 157, took 00:08:00 s
####Saving model and state...
调用validate
Validating...
Validation overall avg_cost: 3143.3727755277505 +- 6.060097297885384
Evaluating candidate model on evaluation dataset
Epoch 157 candidate mean 3141.1743152548966, baseline epoch 135 mean 3042.2144881405357, difference 98.9598271143609
Start train epoch 158, lr=0.0001 for run train_raw_100_200ep_20260228T162008
Evaluating baseline on dataset...
Training baseline model...
开始train_epoch正式训练，总的 batch 大小: 200
Start training epoch 158...
epoch: 158, train_batch_id: 0, avg_cost: 3192.3514804518063
loss: -4399.735506516393, grad norm: 32436.580078125, clipped: 1.0
epoch: 158, train_batch_id: 50, avg_cost: 2947.445666116198
loss: -1413.396340856841, grad norm: 27110.265625, clipped: 1.0
epoch: 158, train_batch_id: 100, avg_cost: 2809.969865621397
loss: -3429.7903170097443, grad norm: 35961.54296875, clipped: 1.0
epoch: 158, train_batch_id: 150, avg_cost: 3001.2393405406456
loss: -2286.802763484847, grad norm: 34642.703125, clipped: 1.0
Finished epoch 158, took 00:07:57 s
####Saving model and state...
调用validate
Validating...
Validation overall avg_cost: 3099.458388699037 +- 5.896998279141733
Evaluating candidate model on evaluation dataset
Epoch 158 candidate mean 3106.0770746259213, baseline epoch 135 mean 3042.2144881405357, difference 63.86258648538569
Start train epoch 159, lr=0.0001 for run train_raw_100_200ep_20260228T162008
Evaluating baseline on dataset...
Training baseline model...
开始train_epoch正式训练，总的 batch 大小: 200
Start training epoch 159...
epoch: 159, train_batch_id: 0, avg_cost: 2951.9861508355834
loss: -4964.591251637219, grad norm: 33736.48828125, clipped: 1.0
epoch: 159, train_batch_id: 50, avg_cost: 3303.808562147922
loss: -6358.331755021079, grad norm: 35458.2109375, clipped: 1.0
epoch: 159, train_batch_id: 100, avg_cost: 3066.913038278407
loss: -2910.1496943186894, grad norm: 42458.51171875, clipped: 1.0
epoch: 159, train_batch_id: 150, avg_cost: 2948.278977307751
loss: -2154.0667909007425, grad norm: 30096.220703125, clipped: 1.0
Finished epoch 159, took 00:07:53 s
####Saving model and state...
调用validate
Validating...
Validation overall avg_cost: 3084.6750960692293 +- 5.730830852377042
Evaluating candidate model on evaluation dataset
Epoch 159 candidate mean 3077.914861483464, baseline epoch 135 mean 3042.2144881405357, difference 35.70037334292829
Start train epoch 160, lr=0.0001 for run train_raw_100_200ep_20260228T162008
Evaluating baseline on dataset...
Training baseline model...
开始train_epoch正式训练，总的 batch 大小: 200
Start training epoch 160...
epoch: 160, train_batch_id: 0, avg_cost: 2795.362611161944
loss: -2322.454195914101, grad norm: 34836.01171875, clipped: 1.0
epoch: 160, train_batch_id: 50, avg_cost: 2865.47411130419
loss: -3029.421476416756, grad norm: 26841.130859375, clipped: 1.0
epoch: 160, train_batch_id: 100, avg_cost: 2844.023841123605
loss: -5154.930304312011, grad norm: 34414.0859375, clipped: 1.0
epoch: 160, train_batch_id: 150, avg_cost: 3204.895669199759
loss: -5293.011926651726, grad norm: 37729.8203125, clipped: 1.0
Finished epoch 160, took 00:07:44 s
####Saving model and state...
调用validate
Validating...
Validation overall avg_cost: 3104.288484625195 +- 5.793421351080347
Evaluating candidate model on evaluation dataset
Epoch 160 candidate mean 3101.663766033194, baseline epoch 135 mean 3042.2144881405357, difference 59.4492778926583
Start train epoch 161, lr=0.0001 for run train_raw_100_200ep_20260228T162008
Evaluating baseline on dataset...
Training baseline model...
开始train_epoch正式训练，总的 batch 大小: 200
Start training epoch 161...
epoch: 161, train_batch_id: 0, avg_cost: 3112.2936786306955
loss: -5538.321451307291, grad norm: 32787.3515625, clipped: 1.0
epoch: 161, train_batch_id: 50, avg_cost: 2791.2879370581645
loss: -2517.4098438025458, grad norm: 26949.990234375, clipped: 1.0
epoch: 161, train_batch_id: 100, avg_cost: 2984.8059995270096
loss: -3710.383338942327, grad norm: 29837.94921875, clipped: 1.0
epoch: 161, train_batch_id: 150, avg_cost: 3198.165460008122
loss: -4663.565152222933, grad norm: 33001.01171875, clipped: 1.0
Finished epoch 161, took 00:07:46 s
####Saving model and state...
调用validate
Validating...
Validation overall avg_cost: 3096.0973071871144 +- 6.015792391439632
Evaluating candidate model on evaluation dataset
Epoch 161 candidate mean 3092.635019059894, baseline epoch 135 mean 3042.2144881405357, difference 50.4205309193585
Start train epoch 162, lr=0.0001 for run train_raw_100_200ep_20260228T162008
Evaluating baseline on dataset...
Training baseline model...
开始train_epoch正式训练，总的 batch 大小: 200
Start training epoch 162...
epoch: 162, train_batch_id: 0, avg_cost: 2735.974069676191
loss: -5686.148166736829, grad norm: 32931.67578125, clipped: 1.0
epoch: 162, train_batch_id: 50, avg_cost: 3469.111127858249
loss: -14110.718019383994, grad norm: 48157.828125, clipped: 1.0
epoch: 162, train_batch_id: 100, avg_cost: 3138.5654672694213
loss: -8863.292140997015, grad norm: 31401.16015625, clipped: 1.0
epoch: 162, train_batch_id: 150, avg_cost: 2977.340304897258
loss: -7900.316679166781, grad norm: 36381.28125, clipped: 1.0
Finished epoch 162, took 00:07:48 s
####Saving model and state...
调用validate
Validating...
Validation overall avg_cost: 3136.464307123227 +- 6.254632521581841
Evaluating candidate model on evaluation dataset
Epoch 162 candidate mean 3132.835536326443, baseline epoch 135 mean 3042.2144881405357, difference 90.62104818590751
Start train epoch 163, lr=0.0001 for run train_raw_100_200ep_20260228T162008
Evaluating baseline on dataset...
Training baseline model...
开始train_epoch正式训练，总的 batch 大小: 200
Start training epoch 163...
epoch: 163, train_batch_id: 0, avg_cost: 2841.558561902371
loss: -7538.139419496976, grad norm: 34323.09765625, clipped: 1.0
epoch: 163, train_batch_id: 50, avg_cost: 2832.3590967247783
loss: -4508.336273203586, grad norm: 29341.125, clipped: 1.0
epoch: 163, train_batch_id: 100, avg_cost: 2975.1959800686664
loss: -4604.412810533166, grad norm: 26030.67578125, clipped: 1.0
epoch: 163, train_batch_id: 150, avg_cost: 2994.4047452332097
loss: -2462.0189041774433, grad norm: 20240.93359375, clipped: 1.0
Finished epoch 163, took 00:07:46 s
####Saving model and state...
调用validate
Validating...
Validation overall avg_cost: 3052.7961476225696 +- 5.630394067714166
Evaluating candidate model on evaluation dataset
Epoch 163 candidate mean 3045.8667513136224, baseline epoch 135 mean 3042.2144881405357, difference 3.6522631730867943
Start train epoch 164, lr=0.0001 for run train_raw_100_200ep_20260228T162008
Evaluating baseline on dataset...
Training baseline model...
开始train_epoch正式训练，总的 batch 大小: 200
Start training epoch 164...
epoch: 164, train_batch_id: 0, avg_cost: 3025.031774195938
loss: -1018.5123585022092, grad norm: 23378.0546875, clipped: 1.0
epoch: 164, train_batch_id: 50, avg_cost: 2862.593549716569
loss: -392.1898496095116, grad norm: 24537.748046875, clipped: 1.0
epoch: 164, train_batch_id: 100, avg_cost: 3153.224607974285
loss: -2928.2349154896883, grad norm: 30009.7578125, clipped: 1.0
epoch: 164, train_batch_id: 150, avg_cost: 2966.5760295539176
loss: -497.70190896718685, grad norm: 23859.791015625, clipped: 1.0
Finished epoch 164, took 00:07:37 s
####Saving model and state...
调用validate
Validating...
Validation overall avg_cost: 3028.7160655583457 +- 5.688107213553355
Evaluating candidate model on evaluation dataset
Epoch 164 candidate mean 3033.610046248157, baseline epoch 135 mean 3042.2144881405357, difference -8.604441892378873
p-value: 0.03583012562752289
Update baseline
Evaluating baseline model on evaluation dataset

Start train epoch 165, lr=0.0001 for run train_raw_100_200ep_20260228T162008
Evaluating baseline on dataset...
Training baseline model...
开始train_epoch正式训练，总的 batch 大小: 200
Start training epoch 165...
epoch: 165, train_batch_id: 0, avg_cost: 2709.4971001657063
loss: -392.08963954130013, grad norm: 16482.015625, clipped: 1.0
epoch: 165, train_batch_id: 50, avg_cost: 2938.034308106025
loss: -426.2176738728832, grad norm: 19497.994140625, clipped: 1.0
epoch: 165, train_batch_id: 100, avg_cost: 2876.5177283114112
loss: -330.1221187799602, grad norm: 19397.30859375, clipped: 1.0
epoch: 165, train_batch_id: 150, avg_cost: 3116.6145703528678
loss: -1274.7424531069405, grad norm: 20156.337890625, clipped: 1.0
Finished epoch 165, took 00:07:59 s
####Saving model and state...
调用validate
Validating...
Validation overall avg_cost: 3038.9704587423607 +- 5.729642598840786
Evaluating candidate model on evaluation dataset
Epoch 165 candidate mean 3026.0818386314836, baseline epoch 164 mean 3032.757635059354, difference -6.675796427870409
p-value: 0.07142241766503116
Start train epoch 166, lr=0.0001 for run train_raw_100_200ep_20260228T162008
Evaluating baseline on dataset...
Training baseline model...
开始train_epoch正式训练，总的 batch 大小: 200
Start training epoch 166...
epoch: 166, train_batch_id: 0, avg_cost: 3238.0524130421763
loss: -1921.2187752311982, grad norm: 17890.36328125, clipped: 1.0
epoch: 166, train_batch_id: 50, avg_cost: 2891.10972920923
loss: -891.9320997014684, grad norm: 22298.814453125, clipped: 1.0
epoch: 166, train_batch_id: 100, avg_cost: 2672.9937257401716
loss: -161.30976509248103, grad norm: 26691.791015625, clipped: 1.0
epoch: 166, train_batch_id: 150, avg_cost: 2910.6280549158646
loss: -1194.2487394433458, grad norm: 27545.96484375, clipped: 1.0
Finished epoch 166, took 00:07:53 s
####Saving model and state...
调用validate
Validating...
Validation overall avg_cost: 3001.0728623341647 +- 5.485739736482741
Evaluating candidate model on evaluation dataset
Epoch 166 candidate mean 2998.8419510321114, baseline epoch 164 mean 3032.757635059354, difference -33.915684027242605
p-value: 6.397567633429897e-14
Update baseline
Evaluating baseline model on evaluation dataset

Start train epoch 167, lr=0.0001 for run train_raw_100_200ep_20260228T162008
Evaluating baseline on dataset...
Training baseline model...
开始train_epoch正式训练，总的 batch 大小: 200
Start training epoch 167...
epoch: 167, train_batch_id: 0, avg_cost: 3154.636343403512
loss: -884.4391616536477, grad norm: 14674.125, clipped: 1.0
epoch: 167, train_batch_id: 50, avg_cost: 2812.516722650058
loss: -636.8176933846041, grad norm: 20899.85546875, clipped: 1.0
epoch: 167, train_batch_id: 100, avg_cost: 3652.792355522098
loss: -6322.9555617102615, grad norm: 39410.43359375, clipped: 1.0
epoch: 167, train_batch_id: 150, avg_cost: 2737.8663307649394
loss: -158.65602436179825, grad norm: 19650.857421875, clipped: 1.0
Finished epoch 167, took 00:07:50 s
####Saving model and state...
调用validate
Validating...
Validation overall avg_cost: 2979.8907503424457 +- 5.5038188795064364
Evaluating candidate model on evaluation dataset
Epoch 167 candidate mean 2983.6961051855897, baseline epoch 166 mean 3004.6830479314344, difference -20.98694274584477
p-value: 1.6210876652542818e-07
Update baseline
Evaluating baseline model on evaluation dataset

Start train epoch 168, lr=0.0001 for run train_raw_100_200ep_20260228T162008
Evaluating baseline on dataset...
Training baseline model...
开始train_epoch正式训练，总的 batch 大小: 200
Start training epoch 168...
epoch: 168, train_batch_id: 0, avg_cost: 3021.322862610792
loss: 9.231995297041365, grad norm: 9899.37890625, clipped: 1.0
epoch: 168, train_batch_id: 50, avg_cost: 2815.4915655238915
loss: 826.9391536490346, grad norm: 17481.404296875, clipped: 1.0
epoch: 168, train_batch_id: 100, avg_cost: 3194.1155412961557
loss: -1176.6285311509573, grad norm: 15421.9931640625, clipped: 1.0
epoch: 168, train_batch_id: 150, avg_cost: 3104.3135359746984
loss: 1005.9479267798383, grad norm: 19682.09765625, clipped: 1.0
Finished epoch 168, took 00:07:31 s
####Saving model and state...
调用validate
Validating...
Validation overall avg_cost: 2983.314467075289 +- 5.530883324082316
Evaluating candidate model on evaluation dataset
Epoch 168 candidate mean 2986.435424470307, baseline epoch 167 mean 2981.685682559862, difference 4.749741910445209
Start train epoch 169, lr=0.0001 for run train_raw_100_200ep_20260228T162008
Evaluating baseline on dataset...
Training baseline model...
开始train_epoch正式训练，总的 batch 大小: 200
Start training epoch 169...
epoch: 169, train_batch_id: 0, avg_cost: 2821.859325951865
loss: -3953.5689874817404, grad norm: 21988.134765625, clipped: 1.0
epoch: 169, train_batch_id: 50, avg_cost: 2909.268892354734
loss: 816.0551567469964, grad norm: 21252.84375, clipped: 1.0
epoch: 169, train_batch_id: 100, avg_cost: 2727.9545676243342
loss: -248.07301207481822, grad norm: 20502.10546875, clipped: 1.0
epoch: 169, train_batch_id: 150, avg_cost: 2788.1021628293083
loss: 1808.0578860735118, grad norm: 25210.080078125, clipped: 1.0
Finished epoch 169, took 00:07:37 s
####Saving model and state...
调用validate
Validating...
Validation overall avg_cost: 2985.5357522066115 +- 5.772809094940331
Evaluating candidate model on evaluation dataset
Epoch 169 candidate mean 2988.717392297444, baseline epoch 167 mean 2981.685682559862, difference 7.031709737581878
Start train epoch 170, lr=0.0001 for run train_raw_100_200ep_20260228T162008
Evaluating baseline on dataset...
Training baseline model...
开始train_epoch正式训练，总的 batch 大小: 200
Start training epoch 170...
epoch: 170, train_batch_id: 0, avg_cost: 2667.1109761551015
loss: 648.6791331849598, grad norm: 23716.63671875, clipped: 1.0
epoch: 170, train_batch_id: 50, avg_cost: 3211.6534095231473
loss: -1181.867086604606, grad norm: 21871.15234375, clipped: 1.0
epoch: 170, train_batch_id: 100, avg_cost: 2897.083628096218
loss: -1479.9681141737644, grad norm: 17940.689453125, clipped: 1.0
epoch: 170, train_batch_id: 150, avg_cost: 2765.528070394297
loss: -1242.1397028327865, grad norm: 26667.673828125, clipped: 1.0
Finished epoch 170, took 00:07:45 s
####Saving model and state...
调用validate
Validating...
Validation overall avg_cost: 2973.977906002943 +- 5.514958671290276
Evaluating candidate model on evaluation dataset
Epoch 170 candidate mean 2965.273005127394, baseline epoch 167 mean 2981.685682559862, difference -16.412677432468172
p-value: 7.234195692798132e-05
Update baseline
Evaluating baseline model on evaluation dataset

Start train epoch 171, lr=0.0001 for run train_raw_100_200ep_20260228T162008
Evaluating baseline on dataset...
Training baseline model...
开始train_epoch正式训练，总的 batch 大小: 200
Start training epoch 171...
epoch: 171, train_batch_id: 0, avg_cost: 2901.9112641680013
loss: -249.66733330246296, grad norm: 13055.529296875, clipped: 1.0
epoch: 171, train_batch_id: 50, avg_cost: 2881.5217150128583
loss: -3207.5816477298326, grad norm: 18942.046875, clipped: 1.0
epoch: 171, train_batch_id: 100, avg_cost: 3105.498411577086
loss: -1052.4619303230265, grad norm: 16888.791015625, clipped: 1.0
epoch: 171, train_batch_id: 150, avg_cost: 2585.181414517804
loss: 267.0198152905562, grad norm: 16665.029296875, clipped: 1.0
Finished epoch 171, took 00:07:01 s
####Saving model and state...
调用validate
Validating...
Validation overall avg_cost: 2926.119125515909 +- 5.382115072227142
Evaluating candidate model on evaluation dataset
Epoch 171 candidate mean 2934.6745267895785, baseline epoch 170 mean 2977.127875129576, difference -42.45334833999732
p-value: 2.3273403509091766e-23
Update baseline
Evaluating baseline model on evaluation dataset

Start train epoch 172, lr=0.0001 for run train_raw_100_200ep_20260228T162008
Evaluating baseline on dataset...
Training baseline model...
开始train_epoch正式训练，总的 batch 大小: 200
Start training epoch 172...
epoch: 172, train_batch_id: 0, avg_cost: 2975.5116676895705
loss: -1514.6576477330902, grad norm: 13004.2236328125, clipped: 1.0
epoch: 172, train_batch_id: 50, avg_cost: 2799.515150447969
loss: -957.6297167000396, grad norm: 13669.857421875, clipped: 1.0
epoch: 172, train_batch_id: 100, avg_cost: 2860.0547348840305
loss: -194.12596267832984, grad norm: 14736.765625, clipped: 1.0
epoch: 172, train_batch_id: 150, avg_cost: 3087.9000542712793
loss: -3393.2016261659273, grad norm: 20389.376953125, clipped: 1.0
Finished epoch 172, took 00:07:29 s
####Saving model and state...
调用validate
Validating...
Validation overall avg_cost: 2962.699977608482 +- 5.624608081581851
Evaluating candidate model on evaluation dataset
Epoch 172 candidate mean 2956.820838164762, baseline epoch 171 mean 2924.757859349522, difference 32.06297881524006
Start train epoch 173, lr=0.0001 for run train_raw_100_200ep_20260228T162008
Evaluating baseline on dataset...
Training baseline model...
开始train_epoch正式训练，总的 batch 大小: 200
Start training epoch 173...
epoch: 173, train_batch_id: 0, avg_cost: 2948.6093370985814
loss: -1231.7326663484139, grad norm: 21491.26953125, clipped: 1.0
epoch: 173, train_batch_id: 50, avg_cost: 2700.2970230091287
loss: -1413.6731274806468, grad norm: 16430.134765625, clipped: 1.0
epoch: 173, train_batch_id: 100, avg_cost: 2797.3613157840223
loss: -848.1717734695043, grad norm: 24671.650390625, clipped: 1.0
epoch: 173, train_batch_id: 150, avg_cost: 2711.249602183963
loss: -1437.7705635023767, grad norm: 19093.978515625, clipped: 1.0
Finished epoch 173, took 00:07:20 s
####Saving model and state...
调用validate
Validating...
Validation overall avg_cost: 2965.9987365854367 +- 5.406141402951865
Evaluating candidate model on evaluation dataset
Epoch 173 candidate mean 2950.143180287837, baseline epoch 171 mean 2924.757859349522, difference 25.38532093831509
Start train epoch 174, lr=0.0001 for run train_raw_100_200ep_20260228T162008
Evaluating baseline on dataset...
Training baseline model...
开始train_epoch正式训练，总的 batch 大小: 200
Start training epoch 174...
epoch: 174, train_batch_id: 0, avg_cost: 2761.161191520489
loss: -872.3110185693954, grad norm: 16678.037109375, clipped: 1.0
epoch: 174, train_batch_id: 50, avg_cost: 2623.2730870792666
loss: -690.7858861138792, grad norm: 16681.205078125, clipped: 1.0
epoch: 174, train_batch_id: 100, avg_cost: 2664.6141061638427
loss: -1423.16856026642, grad norm: 19269.63671875, clipped: 1.0
epoch: 174, train_batch_id: 150, avg_cost: 3275.171349709881
loss: -1091.8221699247529, grad norm: 18234.625, clipped: 1.0
Finished epoch 174, took 00:07:26 s
####Saving model and state...
调用validate
Validating...
Validation overall avg_cost: 2948.7229316174585 +- 5.4629883941471915
Evaluating candidate model on evaluation dataset
Epoch 174 candidate mean 2941.8661220037043, baseline epoch 171 mean 2924.757859349522, difference 17.108262654182454
Start train epoch 175, lr=0.0001 for run train_raw_100_200ep_20260228T162008
Evaluating baseline on dataset...
Training baseline model...
开始train_epoch正式训练，总的 batch 大小: 200
Start training epoch 175...
epoch: 175, train_batch_id: 0, avg_cost: 2763.445619253173
loss: -1584.6784994494772, grad norm: 20476.85546875, clipped: 1.0
epoch: 175, train_batch_id: 50, avg_cost: 2677.0463056142094
loss: -2227.341593392524, grad norm: 21408.8125, clipped: 1.0
epoch: 175, train_batch_id: 100, avg_cost: 3012.1786289414404
loss: -833.589839019968, grad norm: 23392.21875, clipped: 1.0
epoch: 175, train_batch_id: 150, avg_cost: 2993.9333805957026
loss: -158.672286739658, grad norm: 11877.716796875, clipped: 1.0
Finished epoch 175, took 00:07:25 s
####Saving model and state...
调用validate
Validating...
Validation overall avg_cost: 2927.7474137550053 +- 5.408667299313519
Evaluating candidate model on evaluation dataset
Epoch 175 candidate mean 2917.458675911632, baseline epoch 171 mean 2924.757859349522, difference -7.299183437889951
p-value: 0.03404959632284323
Update baseline
Evaluating baseline model on evaluation dataset

Start train epoch 176, lr=0.0001 for run train_raw_100_200ep_20260228T162008
Evaluating baseline on dataset...
Training baseline model...
开始train_epoch正式训练，总的 batch 大小: 200
Start training epoch 176...
epoch: 176, train_batch_id: 0, avg_cost: 2891.727436812879
loss: -1013.7030162811961, grad norm: 9786.3095703125, clipped: 1.0
epoch: 176, train_batch_id: 50, avg_cost: 2888.0276899733462
loss: -280.8580435009423, grad norm: 17339.01171875, clipped: 1.0
epoch: 176, train_batch_id: 100, avg_cost: 2637.377136377979
loss: -1036.4139778426706, grad norm: 16869.189453125, clipped: 1.0
epoch: 176, train_batch_id: 150, avg_cost: 2960.6491317343207
loss: -2374.3040113807992, grad norm: 19379.138671875, clipped: 1.0
Finished epoch 176, took 00:07:15 s
####Saving model and state...
调用validate
Validating...
Validation overall avg_cost: 2978.909544466277 +- 5.582305382069945
Evaluating candidate model on evaluation dataset
Epoch 176 candidate mean 2975.45995531281, baseline epoch 175 mean 2923.807198887397, difference 51.65275642541292
Start train epoch 177, lr=0.0001 for run train_raw_100_200ep_20260228T162008
Evaluating baseline on dataset...
Training baseline model...
开始train_epoch正式训练，总的 batch 大小: 200
Start training epoch 177...
epoch: 177, train_batch_id: 0, avg_cost: 3015.710263919813
loss: -3886.1457882636596, grad norm: 27981.509765625, clipped: 1.0
epoch: 177, train_batch_id: 50, avg_cost: 2808.4761079785194
loss: -1776.2666181326886, grad norm: 25545.04296875, clipped: 1.0
epoch: 177, train_batch_id: 100, avg_cost: 2884.298194433943
loss: -1284.0993288008563, grad norm: 14976.470703125, clipped: 1.0
epoch: 177, train_batch_id: 150, avg_cost: 3021.0008823023036
loss: -2130.559375536397, grad norm: 20599.634765625, clipped: 1.0
Finished epoch 177, took 00:07:28 s
####Saving model and state...
调用validate
Validating...
Validation overall avg_cost: 2964.398310126676 +- 5.522485826015516
Evaluating candidate model on evaluation dataset
Epoch 177 candidate mean 2957.732228785731, baseline epoch 175 mean 2923.807198887397, difference 33.92502989833383
Start train epoch 178, lr=0.0001 for run train_raw_100_200ep_20260228T162008
Evaluating baseline on dataset...
Training baseline model...
开始train_epoch正式训练，总的 batch 大小: 200
Start training epoch 178...
epoch: 178, train_batch_id: 0, avg_cost: 2721.0701081041734
loss: -615.344419071784, grad norm: 18303.5234375, clipped: 1.0
epoch: 178, train_batch_id: 50, avg_cost: 3186.8759850787947
loss: -2205.066743042629, grad norm: 23799.291015625, clipped: 1.0
epoch: 178, train_batch_id: 100, avg_cost: 2879.806072477355
loss: -2084.946398681117, grad norm: 18428.546875, clipped: 1.0
epoch: 178, train_batch_id: 150, avg_cost: 2898.513641825355
loss: -1062.341764063673, grad norm: 18711.587890625, clipped: 1.0
Finished epoch 178, took 00:07:20 s
####Saving model and state...
调用validate
Validating...
Validation overall avg_cost: 2934.792056893307 +- 5.501764503241771
Evaluating candidate model on evaluation dataset
Epoch 178 candidate mean 2931.71954484215, baseline epoch 175 mean 2923.807198887397, difference 7.912345954752709
Start train epoch 179, lr=0.0001 for run train_raw_100_200ep_20260228T162008
Evaluating baseline on dataset...
Training baseline model...
开始train_epoch正式训练，总的 batch 大小: 200
Start training epoch 179...
epoch: 179, train_batch_id: 0, avg_cost: 2911.2044150931642
loss: -2571.818641069518, grad norm: 27432.732421875, clipped: 1.0
epoch: 179, train_batch_id: 50, avg_cost: 2878.0793393047406
loss: 90.30914581898088, grad norm: 18274.591796875, clipped: 1.0
epoch: 179, train_batch_id: 100, avg_cost: 2382.330062658468
loss: -493.00116713507134, grad norm: 16710.220703125, clipped: 1.0
epoch: 179, train_batch_id: 150, avg_cost: 2797.2371383690293
loss: -627.3231466767768, grad norm: 17240.802734375, clipped: 1.0
Finished epoch 179, took 00:07:19 s
####Saving model and state...
调用validate
Validating...
Validation overall avg_cost: 2925.1046470551864 +- 5.421295862264708
Evaluating candidate model on evaluation dataset
Epoch 179 candidate mean 2920.589745620389, baseline epoch 175 mean 2923.807198887397, difference -3.2174532670082954
p-value: 0.2296898563841338
Start train epoch 180, lr=0.0001 for run train_raw_100_200ep_20260228T162008
Evaluating baseline on dataset...
Training baseline model...
开始train_epoch正式训练，总的 batch 大小: 200
Start training epoch 180...
epoch: 180, train_batch_id: 0, avg_cost: 2723.9930500061982
loss: -335.94650016016453, grad norm: 19208.63671875, clipped: 1.0
epoch: 180, train_batch_id: 50, avg_cost: 2759.056423496685
loss: -2336.680538708878, grad norm: 22146.75, clipped: 1.0
epoch: 180, train_batch_id: 100, avg_cost: 3065.865471979589
loss: -909.2241702234908, grad norm: 17817.50390625, clipped: 1.0
epoch: 180, train_batch_id: 150, avg_cost: 2974.4806893113737
loss: 16.92886633065956, grad norm: 16840.48046875, clipped: 1.0
Finished epoch 180, took 00:07:13 s
####Saving model and state...
调用validate
Validating...
Validation overall avg_cost: 2938.728170680197 +- 5.342689132884929
Evaluating candidate model on evaluation dataset
Epoch 180 candidate mean 2930.37696509517, baseline epoch 175 mean 2923.807198887397, difference 6.569766207772773
Start train epoch 181, lr=0.0001 for run train_raw_100_200ep_20260228T162008
Evaluating baseline on dataset...
Training baseline model...
开始train_epoch正式训练，总的 batch 大小: 200
Start training epoch 181...
epoch: 181, train_batch_id: 0, avg_cost: 2800.784172025996
loss: -470.1992101581165, grad norm: 14032.8720703125, clipped: 1.0
epoch: 181, train_batch_id: 50, avg_cost: 3023.4658736444308
loss: -2225.382594598319, grad norm: 22766.154296875, clipped: 1.0
epoch: 181, train_batch_id: 100, avg_cost: 2753.497958316253
loss: -292.06947615594294, grad norm: 20753.12109375, clipped: 1.0
epoch: 181, train_batch_id: 150, avg_cost: 2658.1181860821325
loss: -2533.6179098689477, grad norm: 20057.40234375, clipped: 1.0
Finished epoch 181, took 00:07:20 s
####Saving model and state...
调用validate
Validating...
Validation overall avg_cost: 2956.888626710665 +- 5.35207870807869
Evaluating candidate model on evaluation dataset
Epoch 181 candidate mean 2949.7359725916713, baseline epoch 175 mean 2923.807198887397, difference 25.928773704274136
Start train epoch 182, lr=0.0001 for run train_raw_100_200ep_20260228T162008
Evaluating baseline on dataset...
Training baseline model...
开始train_epoch正式训练，总的 batch 大小: 200
Start training epoch 182...
epoch: 182, train_batch_id: 0, avg_cost: 2866.9416422251516
loss: -1201.0020749190223, grad norm: 14667.509765625, clipped: 1.0
epoch: 182, train_batch_id: 50, avg_cost: 2826.1305589139156
loss: -1834.6872950784386, grad norm: 27662.30859375, clipped: 1.0
epoch: 182, train_batch_id: 100, avg_cost: 2764.736430744055
loss: -564.4695331908692, grad norm: 14697.2421875, clipped: 1.0
epoch: 182, train_batch_id: 150, avg_cost: 2577.8762269148597
loss: -838.8270887292465, grad norm: 16410.9296875, clipped: 1.0
Finished epoch 182, took 00:07:14 s
####Saving model and state...
调用validate
Validating...
Validation overall avg_cost: 2891.1870573402225 +- 5.31545662884501
Evaluating candidate model on evaluation dataset
Epoch 182 candidate mean 2875.531504247344, baseline epoch 175 mean 2923.807198887397, difference -48.27569464005319
p-value: 3.490482696508284e-30
Update baseline
Evaluating baseline model on evaluation dataset

Start train epoch 183, lr=0.0001 for run train_raw_100_200ep_20260228T162008
Evaluating baseline on dataset...
Training baseline model...
开始train_epoch正式训练，总的 batch 大小: 200
Start training epoch 183...
epoch: 183, train_batch_id: 0, avg_cost: 3074.3320766571223
loss: -1085.2741845212124, grad norm: 11661.3115234375, clipped: 1.0
epoch: 183, train_batch_id: 50, avg_cost: 2735.1847041834717
loss: -1070.2404794338336, grad norm: 15323.5751953125, clipped: 1.0
epoch: 183, train_batch_id: 100, avg_cost: 3019.3654917006997
loss: -2109.098435958666, grad norm: 17927.31640625, clipped: 1.0
epoch: 183, train_batch_id: 150, avg_cost: 2927.236891657627
loss: -2949.227780808473, grad norm: 20710.576171875, clipped: 1.0
Finished epoch 183, took 00:07:09 s
####Saving model and state...
调用validate
Validating...
Validation overall avg_cost: 2893.6236448407467 +- 5.407877685364549
Evaluating candidate model on evaluation dataset
Epoch 183 candidate mean 2890.1176357677637, baseline epoch 182 mean 2886.622894258688, difference 3.4947415090755385
Start train epoch 184, lr=0.0001 for run train_raw_100_200ep_20260228T162008
Evaluating baseline on dataset...
Training baseline model...
开始train_epoch正式训练，总的 batch 大小: 200
Start training epoch 184...
epoch: 184, train_batch_id: 0, avg_cost: 2691.3555187046613
loss: -1944.558023497012, grad norm: 18956.802734375, clipped: 1.0
epoch: 184, train_batch_id: 50, avg_cost: 3067.3044867636872
loss: -2527.1143445026482, grad norm: 22478.748046875, clipped: 1.0
epoch: 184, train_batch_id: 100, avg_cost: 2814.3918426287787
loss: -4581.012454016451, grad norm: 21698.37109375, clipped: 1.0
epoch: 184, train_batch_id: 150, avg_cost: 2641.3879860237257
loss: -1193.2348699001966, grad norm: 18505.85546875, clipped: 1.0
Finished epoch 184, took 00:07:02 s
####Saving model and state...
调用validate
Validating...
Validation overall avg_cost: 2887.6438945955033 +- 5.499315871862313
Evaluating candidate model on evaluation dataset
Epoch 184 candidate mean 2894.6080155217674, baseline epoch 182 mean 2886.622894258688, difference 7.985121263079236
Start train epoch 185, lr=0.0001 for run train_raw_100_200ep_20260228T162008
Evaluating baseline on dataset...
Training baseline model...
开始train_epoch正式训练，总的 batch 大小: 200
Start training epoch 185...
epoch: 185, train_batch_id: 0, avg_cost: 2809.805818587469
loss: -1891.325074482849, grad norm: 15918.3427734375, clipped: 1.0
epoch: 185, train_batch_id: 50, avg_cost: 2884.5458840448646
loss: -1471.4292916324764, grad norm: 16693.45703125, clipped: 1.0
epoch: 185, train_batch_id: 100, avg_cost: 2611.711140934923
loss: -1178.3096137636517, grad norm: 16835.126953125, clipped: 1.0
epoch: 185, train_batch_id: 150, avg_cost: 2828.775897958063
loss: -281.95218851835745, grad norm: 15976.001953125, clipped: 1.0
Finished epoch 185, took 00:07:09 s
####Saving model and state...
调用validate
Validating...
Validation overall avg_cost: 2881.856187028743 +- 5.42346699059771
Evaluating candidate model on evaluation dataset
Epoch 185 candidate mean 2885.734753711831, baseline epoch 182 mean 2886.622894258688, difference -0.8881405468569028
p-value: 0.41226632689038284
Start train epoch 186, lr=0.0001 for run train_raw_100_200ep_20260228T162008
Evaluating baseline on dataset...
Training baseline model...
开始train_epoch正式训练，总的 batch 大小: 200
Start training epoch 186...
epoch: 186, train_batch_id: 0, avg_cost: 2984.603340427405
loss: -1665.7076544773204, grad norm: 15516.74609375, clipped: 1.0
epoch: 186, train_batch_id: 50, avg_cost: 3118.420459535472
loss: -3548.0380411619844, grad norm: 20834.623046875, clipped: 1.0
epoch: 186, train_batch_id: 100, avg_cost: 2907.8803226466575
loss: -1194.0866348675631, grad norm: 22382.7734375, clipped: 1.0
epoch: 186, train_batch_id: 150, avg_cost: 3081.1775217573063
loss: -2205.0872578623603, grad norm: 21547.115234375, clipped: 1.0
Finished epoch 186, took 00:07:03 s
####Saving model and state...
调用validate
Validating...
Validation overall avg_cost: 2918.32829247865 +- 5.390651867972755
Evaluating candidate model on evaluation dataset
Epoch 186 candidate mean 2912.39857264005, baseline epoch 182 mean 2886.622894258688, difference 25.775678381362013
Start train epoch 187, lr=0.0001 for run train_raw_100_200ep_20260228T162008
Evaluating baseline on dataset...
Training baseline model...
开始train_epoch正式训练，总的 batch 大小: 200
Start training epoch 187...
epoch: 187, train_batch_id: 0, avg_cost: 2819.4923150007708
loss: -1697.3853518199026, grad norm: 19892.001953125, clipped: 1.0
epoch: 187, train_batch_id: 50, avg_cost: 2740.6999154736495
loss: -2182.2784557225004, grad norm: 22380.494140625, clipped: 1.0
epoch: 187, train_batch_id: 100, avg_cost: 2760.2187998397785
loss: -1260.369751121767, grad norm: 12737.376953125, clipped: 1.0
epoch: 187, train_batch_id: 150, avg_cost: 2816.389469769461
loss: -448.2571943082014, grad norm: 16655.5546875, clipped: 1.0
Finished epoch 187, took 00:07:01 s
####Saving model and state...
调用validate
Validating...
Validation overall avg_cost: 2881.1935828511787 +- 5.403601786088423
Evaluating candidate model on evaluation dataset
Epoch 187 candidate mean 2883.350030402457, baseline epoch 182 mean 2886.622894258688, difference -3.272863856231197
p-value: 0.21674032156243977
Start train epoch 188, lr=0.0001 for run train_raw_100_200ep_20260228T162008
Evaluating baseline on dataset...
Training baseline model...
开始train_epoch正式训练，总的 batch 大小: 200
Start training epoch 188...
epoch: 188, train_batch_id: 0, avg_cost: 2722.317395290309
loss: -723.9492294170733, grad norm: 17417.521484375, clipped: 1.0
epoch: 188, train_batch_id: 50, avg_cost: 2894.6359223742934
loss: -1415.7539262147766, grad norm: 16817.37109375, clipped: 1.0
epoch: 188, train_batch_id: 100, avg_cost: 2644.4670163602723
loss: -23.659859428143037, grad norm: 14319.1015625, clipped: 1.0
epoch: 188, train_batch_id: 150, avg_cost: 2827.3012997594496
loss: 390.8219278209675, grad norm: 13258.060546875, clipped: 1.0
Finished epoch 188, took 00:07:01 s
####Saving model and state...
调用validate
Validating...
Validation overall avg_cost: 2897.938994506444 +- 5.247366054785227
Evaluating candidate model on evaluation dataset
Epoch 188 candidate mean 2900.9784720222888, baseline epoch 182 mean 2886.622894258688, difference 14.35557776360065
Start train epoch 189, lr=0.0001 for run train_raw_100_200ep_20260228T162008
Evaluating baseline on dataset...
Training baseline model...
开始train_epoch正式训练，总的 batch 大小: 200
Start training epoch 189...
epoch: 189, train_batch_id: 0, avg_cost: 2758.3422974485757
loss: -788.1971960603738, grad norm: 17739.23828125, clipped: 1.0
epoch: 189, train_batch_id: 50, avg_cost: 2778.442931054764
loss: 664.0544882902645, grad norm: 17494.828125, clipped: 1.0
epoch: 189, train_batch_id: 100, avg_cost: 2903.645395605712
loss: -262.8555822555335, grad norm: 17561.625, clipped: 1.0
epoch: 189, train_batch_id: 150, avg_cost: 2699.6224873670603
loss: 760.4997765843756, grad norm: 15443.080078125, clipped: 1.0
Finished epoch 189, took 00:06:57 s
####Saving model and state...
调用validate
Validating...
Validation overall avg_cost: 2886.198501122967 +- 5.567735202445129
Evaluating candidate model on evaluation dataset
Epoch 189 candidate mean 2886.3988865025294, baseline epoch 182 mean 2886.622894258688, difference -0.2240077561586986
p-value: 0.4797689987525567
Start train epoch 190, lr=0.0001 for run train_raw_100_200ep_20260228T162008
Evaluating baseline on dataset...
Training baseline model...
开始train_epoch正式训练，总的 batch 大小: 200
Start training epoch 190...
epoch: 190, train_batch_id: 0, avg_cost: 2667.3255058782224
loss: -554.1223433490678, grad norm: 16059.5224609375, clipped: 1.0
epoch: 190, train_batch_id: 50, avg_cost: 2882.334875980107
loss: -1641.9403749726973, grad norm: 20644.400390625, clipped: 1.0
epoch: 190, train_batch_id: 100, avg_cost: 2717.6540953861786
loss: -590.1772698879321, grad norm: 16943.734375, clipped: 1.0
epoch: 190, train_batch_id: 150, avg_cost: 2758.2167871798483
loss: 331.7285699314937, grad norm: 15353.142578125, clipped: 1.0
Finished epoch 190, took 00:06:57 s
####Saving model and state...
调用validate
Validating...
Validation overall avg_cost: 2844.383396625139 +- 5.300773608979207
Evaluating candidate model on evaluation dataset
Epoch 190 candidate mean 2844.7223845167564, baseline epoch 182 mean 2886.622894258688, difference -41.90050974193173
p-value: 4.857855471813258e-23
Update baseline
Evaluating baseline model on evaluation dataset

Start train epoch 191, lr=0.0001 for run train_raw_100_200ep_20260228T162008
Evaluating baseline on dataset...
Training baseline model...
开始train_epoch正式训练，总的 batch 大小: 200
Start training epoch 191...
epoch: 191, train_batch_id: 0, avg_cost: 3040.663301197908
loss: -1293.2020801214712, grad norm: 10960.7734375, clipped: 1.0
epoch: 191, train_batch_id: 50, avg_cost: 2758.434146627347
loss: -1029.855256348299, grad norm: 14190.6396484375, clipped: 1.0
epoch: 191, train_batch_id: 100, avg_cost: 2606.715638728226
loss: -1720.4095473339107, grad norm: 16196.517578125, clipped: 1.0
epoch: 191, train_batch_id: 150, avg_cost: 2765.5759647444206
loss: -1943.1514182704482, grad norm: 15926.5185546875, clipped: 1.0
Finished epoch 191, took 00:06:49 s
####Saving model and state...
调用validate
Validating...
Validation overall avg_cost: 2851.858117279139 +- 5.301773259176609
Evaluating candidate model on evaluation dataset
Epoch 191 candidate mean 2858.4438613403718, baseline epoch 190 mean 2844.913333695653, difference 13.530527644718859
Start train epoch 192, lr=0.0001 for run train_raw_100_200ep_20260228T162008
Evaluating baseline on dataset...
Training baseline model...
开始train_epoch正式训练，总的 batch 大小: 200
Start training epoch 192...
epoch: 192, train_batch_id: 0, avg_cost: 2581.8067464715477
loss: -5383.449769185707, grad norm: 25110.86328125, clipped: 1.0
epoch: 192, train_batch_id: 50, avg_cost: 2548.3438751420426
loss: -801.8420896579527, grad norm: 13775.16796875, clipped: 1.0
epoch: 192, train_batch_id: 100, avg_cost: 2873.790502448746
loss: -1768.1939368860199, grad norm: 18752.68359375, clipped: 1.0
epoch: 192, train_batch_id: 150, avg_cost: 2518.3805805976644
loss: -1752.9742409179976, grad norm: 20252.87109375, clipped: 1.0
Finished epoch 192, took 00:06:58 s
####Saving model and state...
调用validate
Validating...
Validation overall avg_cost: 2883.18357767105 +- 5.420472794293574
Evaluating candidate model on evaluation dataset
Epoch 192 candidate mean 2883.1695346759248, baseline epoch 190 mean 2844.913333695653, difference 38.25620098027184
Start train epoch 193, lr=0.0001 for run train_raw_100_200ep_20260228T162008
Evaluating baseline on dataset...
Training baseline model...
开始train_epoch正式训练，总的 batch 大小: 200
Start training epoch 193...
epoch: 193, train_batch_id: 0, avg_cost: 3017.570926527209
loss: -2439.570338375692, grad norm: 21205.97265625, clipped: 1.0
epoch: 193, train_batch_id: 50, avg_cost: 2815.4474526126387
loss: -1336.2547610114327, grad norm: 19895.66796875, clipped: 1.0
epoch: 193, train_batch_id: 100, avg_cost: 2751.3052944482906
loss: -1312.4178309090976, grad norm: 19432.7265625, clipped: 1.0
epoch: 193, train_batch_id: 150, avg_cost: 2427.699109356535
loss: -2395.880202629846, grad norm: 17024.513671875, clipped: 1.0
Finished epoch 193, took 00:06:57 s
####Saving model and state...
调用validate
Validating...
Validation overall avg_cost: 2870.14529172932 +- 5.114987738483878
Evaluating candidate model on evaluation dataset
Epoch 193 candidate mean 2876.0242567286305, baseline epoch 190 mean 2844.913333695653, difference 31.110923032977553
Start train epoch 194, lr=0.0001 for run train_raw_100_200ep_20260228T162008
Evaluating baseline on dataset...
Training baseline model...
开始train_epoch正式训练，总的 batch 大小: 200
Start training epoch 194...
epoch: 194, train_batch_id: 0, avg_cost: 2539.7335499219344
loss: -1369.2864476018406, grad norm: 17480.7890625, clipped: 1.0
epoch: 194, train_batch_id: 50, avg_cost: 2612.344362143477
loss: -2078.357439128528, grad norm: 20264.794921875, clipped: 1.0
epoch: 194, train_batch_id: 100, avg_cost: 2802.193163330211
loss: -1559.1925677238291, grad norm: 21276.123046875, clipped: 1.0
epoch: 194, train_batch_id: 150, avg_cost: 2909.659345133766
loss: -745.446852175033, grad norm: 15655.9287109375, clipped: 1.0
Finished epoch 194, took 00:06:59 s
####Saving model and state...
调用validate
Validating...
Validation overall avg_cost: 2857.299937577579 +- 5.32693370771168
Evaluating candidate model on evaluation dataset
Epoch 194 candidate mean 2861.1252857257964, baseline epoch 190 mean 2844.913333695653, difference 16.211952030143493
Start train epoch 195, lr=0.0001 for run train_raw_100_200ep_20260228T162008
Evaluating baseline on dataset...
Training baseline model...
开始train_epoch正式训练，总的 batch 大小: 200
Start training epoch 195...
epoch: 195, train_batch_id: 0, avg_cost: 3071.3373722876945
loss: -1519.0176657954503, grad norm: 14888.849609375, clipped: 1.0
epoch: 195, train_batch_id: 50, avg_cost: 2844.8870357989213
loss: -1186.9201175026567, grad norm: 13085.712890625, clipped: 1.0
epoch: 195, train_batch_id: 100, avg_cost: 2556.210603790659
loss: -350.18673275398504, grad norm: 15737.6923828125, clipped: 1.0
epoch: 195, train_batch_id: 150, avg_cost: 2724.810951505292
loss: -1819.839604261469, grad norm: 16465.14453125, clipped: 1.0
Finished epoch 195, took 00:06:58 s
####Saving model and state...
调用validate
Validating...
Validation overall avg_cost: 2857.1501382845863 +- 5.36130150995502
Evaluating candidate model on evaluation dataset
Epoch 195 candidate mean 2855.3978704383235, baseline epoch 190 mean 2844.913333695653, difference 10.48453674267057
Start train epoch 196, lr=0.0001 for run train_raw_100_200ep_20260228T162008
Evaluating baseline on dataset...
Training baseline model...
开始train_epoch正式训练，总的 batch 大小: 200
Start training epoch 196...
epoch: 196, train_batch_id: 0, avg_cost: 2588.666782686441
loss: -996.740623483249, grad norm: 14859.025390625, clipped: 1.0
epoch: 196, train_batch_id: 50, avg_cost: 2928.0446448240027
loss: -1219.505280282993, grad norm: 17502.365234375, clipped: 1.0
epoch: 196, train_batch_id: 100, avg_cost: 2851.1751092921613
loss: -782.6016393823472, grad norm: 16841.755859375, clipped: 1.0
epoch: 196, train_batch_id: 150, avg_cost: 2837.1672444845103
loss: 289.7961769714529, grad norm: 12902.1630859375, clipped: 1.0
Finished epoch 196, took 00:07:04 s
####Saving model and state...
调用validate
Validating...
Validation overall avg_cost: 2854.959401321436 +- 5.151369124816372
Evaluating candidate model on evaluation dataset
Epoch 196 candidate mean 2865.30646442243, baseline epoch 190 mean 2844.913333695653, difference 20.393130726777144
Start train epoch 197, lr=0.0001 for run train_raw_100_200ep_20260228T162008
Evaluating baseline on dataset...
Training baseline model...
开始train_epoch正式训练，总的 batch 大小: 200
Start training epoch 197...
epoch: 197, train_batch_id: 0, avg_cost: 2823.890376356452
loss: -185.39092653390207, grad norm: 13610.1201171875, clipped: 1.0
epoch: 197, train_batch_id: 50, avg_cost: 3034.3818154965174
loss: -595.4429306520636, grad norm: 19053.962890625, clipped: 1.0
epoch: 197, train_batch_id: 100, avg_cost: 2743.3633952407954
loss: -162.29503767292505, grad norm: 13340.5556640625, clipped: 1.0
epoch: 197, train_batch_id: 150, avg_cost: 2776.1996896632463
loss: -2035.7855918245677, grad norm: 22881.904296875, clipped: 1.0
Finished epoch 197, took 00:06:47 s
####Saving model and state...
调用validate
Validating...
Validation overall avg_cost: 2850.2965548205966 +- 5.35913443657204
Evaluating candidate model on evaluation dataset
Epoch 197 candidate mean 2850.0671829652374, baseline epoch 190 mean 2844.913333695653, difference 5.153849269584498
Start train epoch 198, lr=0.0001 for run train_raw_100_200ep_20260228T162008
Evaluating baseline on dataset...
Training baseline model...
开始train_epoch正式训练，总的 batch 大小: 200
Start training epoch 198...
epoch: 198, train_batch_id: 0, avg_cost: 2450.8308987905802
loss: -3518.4932577970167, grad norm: 22274.529296875, clipped: 1.0
epoch: 198, train_batch_id: 50, avg_cost: 2650.2484720880475
loss: -3087.8018330000396, grad norm: 18635.662109375, clipped: 1.0
epoch: 198, train_batch_id: 100, avg_cost: 2783.8229399700654
loss: -2014.590306360262, grad norm: 18058.365234375, clipped: 1.0
epoch: 198, train_batch_id: 150, avg_cost: 2891.5583878837488
loss: -1387.193557659376, grad norm: 17247.041015625, clipped: 1.0
Finished epoch 198, took 00:06:55 s
####Saving model and state...
调用validate
Validating...
Validation overall avg_cost: 2891.111933036183 +- 5.287493210423793
Evaluating candidate model on evaluation dataset
Epoch 198 candidate mean 2900.105811311245, baseline epoch 190 mean 2844.913333695653, difference 55.192477615592
Start train epoch 199, lr=0.0001 for run train_raw_100_200ep_20260228T162008
Evaluating baseline on dataset...
Training baseline model...
开始train_epoch正式训练，总的 batch 大小: 200
Start training epoch 199...
epoch: 199, train_batch_id: 0, avg_cost: 2648.782559128633
loss: -1955.9602368014728, grad norm: 20968.16015625, clipped: 1.0
epoch: 199, train_batch_id: 50, avg_cost: 3011.9782536440625
loss: -1458.6123195345212, grad norm: 13907.4951171875, clipped: 1.0
epoch: 199, train_batch_id: 100, avg_cost: 2999.2804504164087
loss: -816.3292724523767, grad norm: 15652.87890625, clipped: 1.0
epoch: 199, train_batch_id: 150, avg_cost: 2558.3304305436195
loss: -393.7549062923448, grad norm: 14812.109375, clipped: 1.0
Finished epoch 199, took 00:06:55 s
####Saving model and state...
调用validate
Validating...
Validation overall avg_cost: 2875.506844825479 +- 5.355417684314736
Evaluating candidate model on evaluation dataset
Epoch 199 candidate mean 2875.01724572908, baseline epoch 190 mean 2844.913333695653, difference 30.10391203342715

============================================================
Training completed. Total runtime: 26h 27m 09s (95230.0s)
============================================================
