CUDA status: use_cuda=True, device_count=1
{'baseline': 'rollout',
 'batch_size': 64,
 'bl_alpha': 0.05,
 'bl_warmup_epochs': 0,
 'checkpoint_encoder': False,
 'checkpoint_epochs': 1,
 'data_distribution': None,
 'embedding_dim': 128,
 'epoch_size': 12800,
 'epoch_start': 0,
 'eval_batch_size': 1000,
 'eval_only': False,
 'exp_beta': 0.8,
 'fine_tune': False,
 'graph_size': 100,
 'hidden_dim': 128,
 'load_path': None,
 'log_dir': 'logs',
 'log_stdout': True,
 'log_step': 50,
 'lr_critic': 0.0001,
 'lr_decay': 1.0,
 'lr_model': 0.0001,
 'max_grad_norm': 1.0,
 'model': 'attention',
 'n_encode_layers': 3,
 'n_epochs': 100,
 'no_cuda': False,
 'no_progress_bar': True,
 'no_tensorboard': True,
 'normalization': 'batch',
 'optimizer': 'Adam',
 'output_dir': 'outputs',
 'problem': 'agh',
 'resume': None,
 'rnn_time': False,
 'run_name': 'train_raw_100_20260228T011907',
 'save_dir': 'outputs/agh_100/train_raw_100_20260228T011907',
 'seed': 123456,
 'shrink_size': None,
 'tanh_clipping': 10.0,
 'use_cuda': True,
 'val_dataset': None,
 'val_size': 1000,
 'wo_time': False}
调用AttentionModel
加载 rollout baseline
Evaluating baseline model on evaluation dataset

Training
Start train epoch 0, lr=0.0001 for run train_raw_100_20260228T011907
Evaluating baseline on dataset...
Training baseline model...
开始train_epoch正式训练，总的 batch 大小: 200
Start training epoch 0...
epoch: 0, train_batch_id: 0, avg_cost: 4787.453166480556
loss: -7759.408086627583, grad norm: 90765.8671875, clipped: 1.0
epoch: 0, train_batch_id: 50, avg_cost: 4217.138802210394
loss: 11690.552792119624, grad norm: 93090.1171875, clipped: 1.0
epoch: 0, train_batch_id: 100, avg_cost: 4595.689263876898
loss: 20581.812591844533, grad norm: 105658.5703125, clipped: 1.0
epoch: 0, train_batch_id: 150, avg_cost: 4381.14833590341
loss: 26965.462411903532, grad norm: 142586.28125, clipped: 1.0
Finished epoch 0, took 00:07:34 s
####Saving model and state...
调用validate
Validating...
Validation overall avg_cost: 4512.645053101643 +- 8.174558652271367
Evaluating candidate model on evaluation dataset
Epoch 0 candidate mean 4514.687708051902, baseline epoch 0 mean 4444.312178224252, difference 70.37552982764919
Start train epoch 1, lr=0.0001 for run train_raw_100_20260228T011907
Evaluating baseline on dataset...
Training baseline model...
开始train_epoch正式训练，总的 batch 大小: 200
Start training epoch 1...
epoch: 1, train_batch_id: 0, avg_cost: 4363.951623344091
loss: 29230.370657463332, grad norm: 138661.078125, clipped: 1.0
epoch: 1, train_batch_id: 50, avg_cost: 4203.801523720955
loss: 33876.939162311304, grad norm: 130222.7890625, clipped: 1.0
epoch: 1, train_batch_id: 100, avg_cost: 4166.293410137467
loss: 30273.79427355204, grad norm: 135578.953125, clipped: 1.0
epoch: 1, train_batch_id: 150, avg_cost: 4167.186353490486
loss: 35328.96227647195, grad norm: 151697.78125, clipped: 1.0
Finished epoch 1, took 00:07:47 s
####Saving model and state...
调用validate
Validating...
Validation overall avg_cost: 4475.368787912695 +- 8.288873710799818
Evaluating candidate model on evaluation dataset
Epoch 1 candidate mean 4495.519270376695, baseline epoch 0 mean 4444.312178224252, difference 51.20709215244278
Start train epoch 2, lr=0.0001 for run train_raw_100_20260228T011907
Evaluating baseline on dataset...
Training baseline model...
开始train_epoch正式训练，总的 batch 大小: 200
Start training epoch 2...
epoch: 2, train_batch_id: 0, avg_cost: 4450.625003054407
loss: 44485.17353343875, grad norm: 170183.0, clipped: 1.0
epoch: 2, train_batch_id: 50, avg_cost: 4009.57846842274
loss: 24755.41397887021, grad norm: 110146.3671875, clipped: 1.0
epoch: 2, train_batch_id: 100, avg_cost: 4564.73147911319
loss: 31931.360236433342, grad norm: 140449.359375, clipped: 1.0
epoch: 2, train_batch_id: 150, avg_cost: 4342.337813233834
loss: 27914.459057744338, grad norm: 122509.015625, clipped: 1.0
Finished epoch 2, took 00:08:03 s
####Saving model and state...
调用validate
Validating...
Validation overall avg_cost: 4461.609209793102 +- 8.366838800334904
Evaluating candidate model on evaluation dataset
Epoch 2 candidate mean 4471.102378976804, baseline epoch 0 mean 4444.312178224252, difference 26.790200752551755
Start train epoch 3, lr=0.0001 for run train_raw_100_20260228T011907
Evaluating baseline on dataset...
Training baseline model...
开始train_epoch正式训练，总的 batch 大小: 200
Start training epoch 3...
epoch: 3, train_batch_id: 0, avg_cost: 4486.957807089655
loss: 27561.659695584374, grad norm: 133136.140625, clipped: 1.0
epoch: 3, train_batch_id: 50, avg_cost: 4430.626708670918
loss: 22427.457744434047, grad norm: 141646.203125, clipped: 1.0
epoch: 3, train_batch_id: 100, avg_cost: 4072.695198864649
loss: 47361.60799380805, grad norm: 166052.203125, clipped: 1.0
epoch: 3, train_batch_id: 150, avg_cost: 4233.683391333194
loss: 39919.891927503355, grad norm: 161381.109375, clipped: 1.0
Finished epoch 3, took 00:08:05 s
####Saving model and state...
调用validate
Validating...
Validation overall avg_cost: 4522.785548946641 +- 8.685178959130242
Evaluating candidate model on evaluation dataset
Epoch 3 candidate mean 4541.678577543885, baseline epoch 0 mean 4444.312178224252, difference 97.36639931963236
Start train epoch 4, lr=0.0001 for run train_raw_100_20260228T011907
Evaluating baseline on dataset...
Training baseline model...
开始train_epoch正式训练，总的 batch 大小: 200
Start training epoch 4...
epoch: 4, train_batch_id: 0, avg_cost: 4402.899518370703
loss: 31337.834390559976, grad norm: 137739.828125, clipped: 1.0
epoch: 4, train_batch_id: 50, avg_cost: 4226.570629770257
loss: 31790.927038782815, grad norm: 132898.796875, clipped: 1.0
epoch: 4, train_batch_id: 100, avg_cost: 3943.0970923320165
loss: 37101.03242239813, grad norm: 158065.0625, clipped: 1.0
epoch: 4, train_batch_id: 150, avg_cost: 4255.6052868196275
loss: 28331.22771263854, grad norm: 157437.984375, clipped: 1.0
Finished epoch 4, took 00:08:12 s
####Saving model and state...
调用validate
Validating...
Validation overall avg_cost: 4502.894847408457 +- 8.34551570922596
Evaluating candidate model on evaluation dataset
Epoch 4 candidate mean 4508.354906758413, baseline epoch 0 mean 4444.312178224252, difference 64.04272853416023
Start train epoch 5, lr=0.0001 for run train_raw_100_20260228T011907
Evaluating baseline on dataset...
Training baseline model...
开始train_epoch正式训练，总的 batch 大小: 200
Start training epoch 5...
epoch: 5, train_batch_id: 0, avg_cost: 4381.048456979801
loss: 21893.043950576324, grad norm: 164122.296875, clipped: 1.0
epoch: 5, train_batch_id: 50, avg_cost: 3929.26933798927
loss: 51654.75614088756, grad norm: 196751.703125, clipped: 1.0
epoch: 5, train_batch_id: 100, avg_cost: 4232.076014962247
loss: 39616.440544544865, grad norm: 175616.140625, clipped: 1.0
epoch: 5, train_batch_id: 150, avg_cost: 4142.806323561428
loss: 44624.512640180954, grad norm: 185526.421875, clipped: 1.0
Finished epoch 5, took 00:08:12 s
####Saving model and state...
调用validate
Validating...
Validation overall avg_cost: 4513.404599885404 +- 8.632918414253151
Evaluating candidate model on evaluation dataset
Epoch 5 candidate mean 4533.506087488508, baseline epoch 0 mean 4444.312178224252, difference 89.19390926425513
Start train epoch 6, lr=0.0001 for run train_raw_100_20260228T011907
Evaluating baseline on dataset...
Training baseline model...
开始train_epoch正式训练，总的 batch 大小: 200
Start training epoch 6...
epoch: 6, train_batch_id: 0, avg_cost: 3844.5744849434923
loss: 29897.948286619718, grad norm: 174053.203125, clipped: 1.0
epoch: 6, train_batch_id: 50, avg_cost: 4659.118208005071
loss: 29582.127052151875, grad norm: 174095.984375, clipped: 1.0
epoch: 6, train_batch_id: 100, avg_cost: 4132.719722408278
loss: 33771.43792607197, grad norm: 231047.90625, clipped: 1.0
epoch: 6, train_batch_id: 150, avg_cost: 4867.14418806148
loss: 15108.3589106541, grad norm: 186821.03125, clipped: 1.0
Finished epoch 6, took 00:08:09 s
####Saving model and state...
调用validate
Validating...
Validation overall avg_cost: 4456.8904457337085 +- 8.164523518428938
Evaluating candidate model on evaluation dataset
Epoch 6 candidate mean 4461.625656090841, baseline epoch 0 mean 4444.312178224252, difference 17.313477866588983
Start train epoch 7, lr=0.0001 for run train_raw_100_20260228T011907
Evaluating baseline on dataset...
Training baseline model...
开始train_epoch正式训练，总的 batch 大小: 200
Start training epoch 7...
epoch: 7, train_batch_id: 0, avg_cost: 4384.233945360026
loss: 24579.530538360657, grad norm: 188590.140625, clipped: 1.0
epoch: 7, train_batch_id: 50, avg_cost: 4648.183895414474
loss: 23472.24339028735, grad norm: 176101.5, clipped: 1.0
epoch: 7, train_batch_id: 100, avg_cost: 4187.091900501549
loss: 21223.041975572087, grad norm: 177533.296875, clipped: 1.0
epoch: 7, train_batch_id: 150, avg_cost: 3943.3328570605904
loss: 32633.121719270508, grad norm: 185054.859375, clipped: 1.0
Finished epoch 7, took 00:08:01 s
####Saving model and state...
调用validate
Validating...
Validation overall avg_cost: 4427.9028725765975 +- 8.134114266819152
Evaluating candidate model on evaluation dataset
Epoch 7 candidate mean 4437.149517553363, baseline epoch 0 mean 4444.312178224252, difference -7.162660670889636
p-value: 0.13394735389619475
Start train epoch 8, lr=0.0001 for run train_raw_100_20260228T011907
Evaluating baseline on dataset...
Training baseline model...
开始train_epoch正式训练，总的 batch 大小: 200
Start training epoch 8...
epoch: 8, train_batch_id: 0, avg_cost: 4499.62223268535
loss: 35774.218756006856, grad norm: 208494.953125, clipped: 1.0
epoch: 8, train_batch_id: 50, avg_cost: 3981.675075772727
loss: 29068.50180976108, grad norm: 153021.0625, clipped: 1.0
epoch: 8, train_batch_id: 100, avg_cost: 4190.017020330925
loss: 34319.66037154807, grad norm: 185668.25, clipped: 1.0
epoch: 8, train_batch_id: 150, avg_cost: 3742.0159222777447
loss: 37988.419749886045, grad norm: 203648.75, clipped: 1.0
Finished epoch 8, took 00:07:57 s
####Saving model and state...
调用validate
Validating...
Validation overall avg_cost: 4459.25551399689 +- 8.324270847407853
Evaluating candidate model on evaluation dataset
Epoch 8 candidate mean 4462.095842874781, baseline epoch 0 mean 4444.312178224252, difference 17.783664650528408
Start train epoch 9, lr=0.0001 for run train_raw_100_20260228T011907
Evaluating baseline on dataset...
Training baseline model...
开始train_epoch正式训练，总的 batch 大小: 200
Start training epoch 9...
epoch: 9, train_batch_id: 0, avg_cost: 3999.8804068179625
loss: 36098.356311271564, grad norm: 209940.171875, clipped: 1.0
epoch: 9, train_batch_id: 50, avg_cost: 4598.896575527125
loss: 23842.91133753838, grad norm: 158841.359375, clipped: 1.0
epoch: 9, train_batch_id: 100, avg_cost: 4128.775814115221
loss: 35246.44479721338, grad norm: 203865.71875, clipped: 1.0
epoch: 9, train_batch_id: 150, avg_cost: 3903.542788728214
loss: 37452.32605026057, grad norm: 198707.515625, clipped: 1.0
Finished epoch 9, took 00:07:58 s
####Saving model and state...
调用validate
Validating...
Validation overall avg_cost: 4427.4248780604585 +- 7.876662190940059
Evaluating candidate model on evaluation dataset
Epoch 9 candidate mean 4445.807863327989, baseline epoch 0 mean 4444.312178224252, difference 1.4956851037368324
Start train epoch 10, lr=0.0001 for run train_raw_100_20260228T011907
Evaluating baseline on dataset...
Training baseline model...
开始train_epoch正式训练，总的 batch 大小: 200
Start training epoch 10...
epoch: 10, train_batch_id: 0, avg_cost: 4245.402237751222
loss: 26769.595515287285, grad norm: 177968.5625, clipped: 1.0
epoch: 10, train_batch_id: 50, avg_cost: 4501.613388740672
loss: 21676.694975693754, grad norm: 154744.25, clipped: 1.0
epoch: 10, train_batch_id: 100, avg_cost: 4162.754940529812
loss: 10030.62209253608, grad norm: 118024.1015625, clipped: 1.0
epoch: 10, train_batch_id: 150, avg_cost: 4036.6386016480956
loss: 14840.316629078889, grad norm: 124989.4453125, clipped: 1.0
Finished epoch 10, took 00:07:34 s
####Saving model and state...
调用validate
Validating...
Validation overall avg_cost: 4418.129900877365 +- 7.835074986802888
Evaluating candidate model on evaluation dataset
Epoch 10 candidate mean 4425.613894908907, baseline epoch 0 mean 4444.312178224252, difference -18.69828331534518
p-value: 0.0015111184697000084
Update baseline
Evaluating baseline model on evaluation dataset

Start train epoch 11, lr=0.0001 for run train_raw_100_20260228T011907
Evaluating baseline on dataset...
Training baseline model...
开始train_epoch正式训练，总的 batch 大小: 200
Start training epoch 11...
epoch: 11, train_batch_id: 0, avg_cost: 4250.900589081171
loss: -1113.385329938453, grad norm: 57602.85546875, clipped: 1.0
epoch: 11, train_batch_id: 50, avg_cost: 3922.0777804061545
loss: 391.92008884576853, grad norm: 78925.4609375, clipped: 1.0
epoch: 11, train_batch_id: 100, avg_cost: 4578.95634565201
loss: 5537.272861639724, grad norm: 110147.859375, clipped: 1.0
epoch: 11, train_batch_id: 150, avg_cost: 3793.84610874792
loss: 2077.5398289329573, grad norm: 70627.1796875, clipped: 1.0
Finished epoch 11, took 00:08:33 s
####Saving model and state...
调用validate
Validating...
Validation overall avg_cost: 4459.90184615299 +- 8.357510551794999
Evaluating candidate model on evaluation dataset
Epoch 11 candidate mean 4472.111168663908, baseline epoch 10 mean 4423.544187526574, difference 48.56698113733364
Start train epoch 12, lr=0.0001 for run train_raw_100_20260228T011907
Evaluating baseline on dataset...
Training baseline model...
开始train_epoch正式训练，总的 batch 大小: 200
Start training epoch 12...
epoch: 12, train_batch_id: 0, avg_cost: 4310.138058456914
loss: 446.24758195354707, grad norm: 86895.8515625, clipped: 1.0
epoch: 12, train_batch_id: 50, avg_cost: 4332.779827896031
loss: 1246.597667781099, grad norm: 91541.796875, clipped: 1.0
epoch: 12, train_batch_id: 100, avg_cost: 3941.653434793597
loss: 3653.1136295059096, grad norm: 108115.734375, clipped: 1.0
epoch: 12, train_batch_id: 150, avg_cost: 4168.783180249279
loss: 5379.86185697184, grad norm: 96066.7421875, clipped: 1.0
Finished epoch 12, took 00:08:34 s
####Saving model and state...
调用validate
Validating...
Validation overall avg_cost: 4394.926975368145 +- 7.923006232046443
Evaluating candidate model on evaluation dataset
Epoch 12 candidate mean 4398.922156428755, baseline epoch 10 mean 4423.544187526574, difference -24.622031097818763
p-value: 3.06578854146332e-05
Update baseline
Evaluating baseline model on evaluation dataset

Start train epoch 13, lr=0.0001 for run train_raw_100_20260228T011907
Evaluating baseline on dataset...
Training baseline model...
开始train_epoch正式训练，总的 batch 大小: 200
Start training epoch 13...
epoch: 13, train_batch_id: 0, avg_cost: 4596.627620427501
loss: -3503.148879931883, grad norm: 76740.40625, clipped: 1.0
epoch: 13, train_batch_id: 50, avg_cost: 4122.9785929484515
loss: -2139.8489934739105, grad norm: 56277.18359375, clipped: 1.0
epoch: 13, train_batch_id: 100, avg_cost: 4070.2014177100223
loss: -5364.036708027363, grad norm: 72384.671875, clipped: 1.0
epoch: 13, train_batch_id: 150, avg_cost: 4264.9165737242365
loss: -5071.713219441224, grad norm: 87144.0859375, clipped: 1.0
Finished epoch 13, took 00:08:41 s
####Saving model and state...
调用validate
Validating...
Validation overall avg_cost: 4412.395988136882 +- 8.032560805058027
Evaluating candidate model on evaluation dataset
Epoch 13 candidate mean 4409.3115343395675, baseline epoch 12 mean 4382.240893041833, difference 27.070641297734255
Start train epoch 14, lr=0.0001 for run train_raw_100_20260228T011907
Evaluating baseline on dataset...
Training baseline model...
开始train_epoch正式训练，总的 batch 大小: 200
Start training epoch 14...
epoch: 14, train_batch_id: 0, avg_cost: 3732.5696655183333
loss: -4876.089668573137, grad norm: 68793.484375, clipped: 1.0
epoch: 14, train_batch_id: 50, avg_cost: 4459.923009154889
loss: -13758.883941761622, grad norm: 88699.9453125, clipped: 1.0
epoch: 14, train_batch_id: 100, avg_cost: 3915.563326301064
loss: -10662.970005612158, grad norm: 77354.890625, clipped: 1.0
epoch: 14, train_batch_id: 150, avg_cost: 4260.571544863438
loss: -8686.001231661648, grad norm: 78233.7265625, clipped: 1.0
Finished epoch 14, took 00:08:54 s
####Saving model and state...
调用validate
Validating...
Validation overall avg_cost: 4380.164627945864 +- 8.183416965761804
Evaluating candidate model on evaluation dataset
Epoch 14 candidate mean 4373.118410322945, baseline epoch 12 mean 4382.240893041833, difference -9.122482718888023
p-value: 0.07094172310132608
Start train epoch 15, lr=0.0001 for run train_raw_100_20260228T011907
Evaluating baseline on dataset...
Training baseline model...
开始train_epoch正式训练，总的 batch 大小: 200
Start training epoch 15...
epoch: 15, train_batch_id: 0, avg_cost: 3936.281605235516
loss: -5457.242434191937, grad norm: 93713.9296875, clipped: 1.0
epoch: 15, train_batch_id: 50, avg_cost: 4856.34368841053
loss: -8271.929019260726, grad norm: 97083.7265625, clipped: 1.0
epoch: 15, train_batch_id: 100, avg_cost: 4403.306432540467
loss: -1939.0766144631084, grad norm: 88983.65625, clipped: 1.0
epoch: 15, train_batch_id: 150, avg_cost: 4217.0088722590735
loss: 407.233356666934, grad norm: 57855.234375, clipped: 1.0
Finished epoch 15, took 00:08:48 s
####Saving model and state...
调用validate
Validating...
Validation overall avg_cost: 4362.770804628735 +- 7.662731106251192
Evaluating candidate model on evaluation dataset
Epoch 15 candidate mean 4359.653265692772, baseline epoch 12 mean 4382.240893041833, difference -22.587627349061222
p-value: 0.000104057418384531
Update baseline
Evaluating baseline model on evaluation dataset

Start train epoch 16, lr=0.0001 for run train_raw_100_20260228T011907
Evaluating baseline on dataset...
Training baseline model...
开始train_epoch正式训练，总的 batch 大小: 200
Start training epoch 16...
epoch: 16, train_batch_id: 0, avg_cost: 4395.398715929377
loss: -4499.985059541699, grad norm: 66401.5546875, clipped: 1.0
epoch: 16, train_batch_id: 50, avg_cost: 4314.914245186277
loss: -8444.211309200935, grad norm: 61151.0234375, clipped: 1.0
epoch: 16, train_batch_id: 100, avg_cost: 4391.608982350177
loss: -5155.875049159432, grad norm: 72947.3359375, clipped: 1.0
epoch: 16, train_batch_id: 150, avg_cost: 4117.966865932029
loss: -1568.5792321499364, grad norm: 58233.87109375, clipped: 1.0
Finished epoch 16, took 00:08:51 s
####Saving model and state...
调用validate
Validating...
Validation overall avg_cost: 4322.34915272454 +- 7.933870137870878
Evaluating candidate model on evaluation dataset
Epoch 16 candidate mean 4332.521529254287, baseline epoch 15 mean 4369.601865340863, difference -37.0803360865757
p-value: 1.1958127881875007e-09
Update baseline
Evaluating baseline model on evaluation dataset

Start train epoch 17, lr=0.0001 for run train_raw_100_20260228T011907
Evaluating baseline on dataset...
Training baseline model...
开始train_epoch正式训练，总的 batch 大小: 200
Start training epoch 17...
epoch: 17, train_batch_id: 0, avg_cost: 3950.179860595072
loss: -6176.552625401892, grad norm: 67446.734375, clipped: 1.0
epoch: 17, train_batch_id: 50, avg_cost: 4096.685808292698
loss: -4266.659890797582, grad norm: 71335.046875, clipped: 1.0
epoch: 17, train_batch_id: 100, avg_cost: 4348.710152809857
loss: -674.5132262324273, grad norm: 58254.21484375, clipped: 1.0
epoch: 17, train_batch_id: 150, avg_cost: 4369.130979261956
loss: -5967.535390920069, grad norm: 70014.6015625, clipped: 1.0
Finished epoch 17, took 00:08:33 s
####Saving model and state...
调用validate
Validating...
Validation overall avg_cost: 4337.931081831861 +- 7.8407032258826765
Evaluating candidate model on evaluation dataset
Epoch 17 candidate mean 4319.377433872701, baseline epoch 16 mean 4310.891162083113, difference 8.48627178958759
Start train epoch 18, lr=0.0001 for run train_raw_100_20260228T011907
Evaluating baseline on dataset...
Training baseline model...
开始train_epoch正式训练，总的 batch 大小: 200
Start training epoch 18...
epoch: 18, train_batch_id: 0, avg_cost: 4209.528596250341
loss: -2270.6268492164772, grad norm: 65797.609375, clipped: 1.0
epoch: 18, train_batch_id: 50, avg_cost: 3859.5133670723108
loss: 794.1815259592959, grad norm: 82309.328125, clipped: 1.0
epoch: 18, train_batch_id: 100, avg_cost: 4035.256360136914
loss: -2407.291531221557, grad norm: 80179.71875, clipped: 1.0
epoch: 18, train_batch_id: 150, avg_cost: 3758.610579742892
loss: -1495.925818194397, grad norm: 86796.65625, clipped: 1.0
Finished epoch 18, took 00:08:33 s
####Saving model and state...
调用validate
Validating...
Validation overall avg_cost: 4378.480685802175 +- 8.088384106848835
Evaluating candidate model on evaluation dataset
Epoch 18 candidate mean 4356.966882696284, baseline epoch 16 mean 4310.891162083113, difference 46.07572061317114
Start train epoch 19, lr=0.0001 for run train_raw_100_20260228T011907
Evaluating baseline on dataset...
Training baseline model...
开始train_epoch正式训练，总的 batch 大小: 200
Start training epoch 19...
epoch: 19, train_batch_id: 0, avg_cost: 4358.953766057098
loss: -1170.899689840997, grad norm: 95927.5859375, clipped: 1.0
epoch: 19, train_batch_id: 50, avg_cost: 4307.775487078492
loss: -3438.7363680973826, grad norm: 84356.1953125, clipped: 1.0
epoch: 19, train_batch_id: 100, avg_cost: 4439.800743119239
loss: -2432.5360786769074, grad norm: 85433.1015625, clipped: 1.0
epoch: 19, train_batch_id: 150, avg_cost: 3953.437345307557
loss: -1427.8262919062138, grad norm: 91293.0078125, clipped: 1.0
Finished epoch 19, took 00:08:26 s
####Saving model and state...
调用validate
Validating...
Validation overall avg_cost: 4335.543959579098 +- 7.96547541622107
Evaluating candidate model on evaluation dataset
Epoch 19 candidate mean 4322.701316193807, baseline epoch 16 mean 4310.891162083113, difference 11.810154110693475
Start train epoch 20, lr=0.0001 for run train_raw_100_20260228T011907
Evaluating baseline on dataset...
Training baseline model...
开始train_epoch正式训练，总的 batch 大小: 200
Start training epoch 20...
epoch: 20, train_batch_id: 0, avg_cost: 4269.398927660796
loss: -8036.388846885756, grad norm: 102908.9375, clipped: 1.0
epoch: 20, train_batch_id: 50, avg_cost: 4297.551626376413
loss: -4587.343282456948, grad norm: 96006.015625, clipped: 1.0
epoch: 20, train_batch_id: 100, avg_cost: 4561.813114146026
loss: -11167.973545520792, grad norm: 95778.75, clipped: 1.0
epoch: 20, train_batch_id: 150, avg_cost: 4346.132410295286
loss: -6246.033110767958, grad norm: 97372.6953125, clipped: 1.0
Finished epoch 20, took 00:08:22 s
####Saving model and state...
调用validate
Validating...
Validation overall avg_cost: 4313.532685545856 +- 8.004127739634276
Evaluating candidate model on evaluation dataset
Epoch 20 candidate mean 4298.509768677803, baseline epoch 16 mean 4310.891162083113, difference -12.381393405310519
p-value: 0.02061779256962164
Update baseline
Evaluating baseline model on evaluation dataset

Start train epoch 21, lr=0.0001 for run train_raw_100_20260228T011907
Evaluating baseline on dataset...
Training baseline model...
开始train_epoch正式训练，总的 batch 大小: 200
Start training epoch 21...
epoch: 21, train_batch_id: 0, avg_cost: 4038.866344214812
loss: -6000.085519515229, grad norm: 56006.875, clipped: 1.0
epoch: 21, train_batch_id: 50, avg_cost: 4346.319126844951
loss: -3077.6745343258335, grad norm: 69738.0390625, clipped: 1.0
epoch: 21, train_batch_id: 100, avg_cost: 4100.534187823929
loss: 1169.0086934534713, grad norm: 80450.234375, clipped: 1.0
epoch: 21, train_batch_id: 150, avg_cost: 3886.778732667998
loss: 4880.441021927044, grad norm: 67021.8515625, clipped: 1.0
Finished epoch 21, took 00:08:23 s
####Saving model and state...
调用validate
Validating...
Validation overall avg_cost: 4286.669193596358 +- 7.868015504252494
Evaluating candidate model on evaluation dataset
Epoch 21 candidate mean 4291.388063382955, baseline epoch 20 mean 4324.5901057775945, difference -33.20204239463965
p-value: 5.0005573693828914e-09
Update baseline
Evaluating baseline model on evaluation dataset

Start train epoch 22, lr=0.0001 for run train_raw_100_20260228T011907
Evaluating baseline on dataset...
Training baseline model...
开始train_epoch正式训练，总的 batch 大小: 200
Start training epoch 22...
epoch: 22, train_batch_id: 0, avg_cost: 4093.4693197981637
loss: 297.4584778880537, grad norm: 70246.359375, clipped: 1.0
epoch: 22, train_batch_id: 50, avg_cost: 3734.2666644031187
loss: -5469.763994078306, grad norm: 65807.1484375, clipped: 1.0
epoch: 22, train_batch_id: 100, avg_cost: 4329.4491571753715
loss: -4122.222984980459, grad norm: 82298.578125, clipped: 1.0
epoch: 22, train_batch_id: 150, avg_cost: 4011.1167895641215
loss: -2712.753430776809, grad norm: 68937.2421875, clipped: 1.0
Finished epoch 22, took 00:08:00 s
####Saving model and state...
调用validate
Validating...
Validation overall avg_cost: 4286.1831289664515 +- 7.971500746647081
Evaluating candidate model on evaluation dataset
Epoch 22 candidate mean 4276.921413610705, baseline epoch 21 mean 4281.99780033656, difference -5.0763867258556274
p-value: 0.18989968058524276
Start train epoch 23, lr=0.0001 for run train_raw_100_20260228T011907
Evaluating baseline on dataset...
Training baseline model...
开始train_epoch正式训练，总的 batch 大小: 200
Start training epoch 23...
epoch: 23, train_batch_id: 0, avg_cost: 4072.9985676981705
loss: -3075.8677456857577, grad norm: 57847.89453125, clipped: 1.0
epoch: 23, train_batch_id: 50, avg_cost: 4066.5230762534247
loss: 1889.1129418668488, grad norm: 69806.78125, clipped: 1.0
epoch: 23, train_batch_id: 100, avg_cost: 4249.774342811635
loss: -1151.4289447944125, grad norm: 70176.3203125, clipped: 1.0
epoch: 23, train_batch_id: 150, avg_cost: 4617.0540817541005
loss: -6105.81787932577, grad norm: 94465.0078125, clipped: 1.0
Finished epoch 23, took 00:08:11 s
####Saving model and state...
调用validate
Validating...
Validation overall avg_cost: 4307.134380795388 +- 7.938692990452016
Evaluating candidate model on evaluation dataset
Epoch 23 candidate mean 4303.0069021496665, baseline epoch 21 mean 4281.99780033656, difference 21.0091018131061
Start train epoch 24, lr=0.0001 for run train_raw_100_20260228T011907
Evaluating baseline on dataset...
Training baseline model...
开始train_epoch正式训练，总的 batch 大小: 200
Start training epoch 24...
epoch: 24, train_batch_id: 0, avg_cost: 3916.5078400621437
loss: -5138.868707872275, grad norm: 65731.34375, clipped: 1.0
epoch: 24, train_batch_id: 50, avg_cost: 3995.4076086279047
loss: -2830.6103060137752, grad norm: 94598.1015625, clipped: 1.0
epoch: 24, train_batch_id: 100, avg_cost: 4138.999271236065
loss: -3884.185767762717, grad norm: 80962.9765625, clipped: 1.0
epoch: 24, train_batch_id: 150, avg_cost: 4180.389638211607
loss: 1685.5507480028045, grad norm: 105703.65625, clipped: 1.0
Finished epoch 24, took 00:08:11 s
####Saving model and state...
调用validate
Validating...
Validation overall avg_cost: 4315.6061663698165 +- 8.055772017505808
Evaluating candidate model on evaluation dataset
Epoch 24 candidate mean 4308.128046832067, baseline epoch 21 mean 4281.99780033656, difference 26.13024649550698
Start train epoch 25, lr=0.0001 for run train_raw_100_20260228T011907
Evaluating baseline on dataset...
Training baseline model...
开始train_epoch正式训练，总的 batch 大小: 200
Start training epoch 25...
epoch: 25, train_batch_id: 0, avg_cost: 3879.2685288196603
loss: -4381.531711287511, grad norm: 80582.09375, clipped: 1.0
epoch: 25, train_batch_id: 50, avg_cost: 4346.796392201034
loss: -6787.681234335758, grad norm: 103622.0, clipped: 1.0
epoch: 25, train_batch_id: 100, avg_cost: 4614.097961147351
loss: -10001.461713250748, grad norm: 111026.03125, clipped: 1.0
epoch: 25, train_batch_id: 150, avg_cost: 4127.654435430716
loss: -7617.919828508708, grad norm: 94697.078125, clipped: 1.0
Finished epoch 25, took 00:08:08 s
####Saving model and state...
调用validate
Validating...
Validation overall avg_cost: 4292.569453253354 +- 7.9926356692154465
Evaluating candidate model on evaluation dataset
Epoch 25 candidate mean 4292.457086947084, baseline epoch 21 mean 4281.99780033656, difference 10.459286610523122
Start train epoch 26, lr=0.0001 for run train_raw_100_20260228T011907
Evaluating baseline on dataset...
Training baseline model...
开始train_epoch正式训练，总的 batch 大小: 200
Start training epoch 26...
epoch: 26, train_batch_id: 0, avg_cost: 4538.707899059009
loss: -5820.983855064091, grad norm: 124064.4296875, clipped: 1.0
epoch: 26, train_batch_id: 50, avg_cost: 4253.370277647199
loss: -8542.754802867854, grad norm: 91701.2578125, clipped: 1.0
epoch: 26, train_batch_id: 100, avg_cost: 4176.887773588398
loss: -5160.203752448915, grad norm: 68252.0859375, clipped: 1.0
epoch: 26, train_batch_id: 150, avg_cost: 3853.973932481481
loss: -1441.7630160106946, grad norm: 74681.9609375, clipped: 1.0
Finished epoch 26, took 00:08:11 s
####Saving model and state...
调用validate
Validating...
Validation overall avg_cost: 4290.229831088349 +- 7.691619931696525
Evaluating candidate model on evaluation dataset
Epoch 26 candidate mean 4283.339653046651, baseline epoch 21 mean 4281.99780033656, difference 1.3418527100902793
Start train epoch 27, lr=0.0001 for run train_raw_100_20260228T011907
Evaluating baseline on dataset...
Training baseline model...
开始train_epoch正式训练，总的 batch 大小: 200
Start training epoch 27...
epoch: 27, train_batch_id: 0, avg_cost: 4662.364685197143
loss: -1403.3654914684253, grad norm: 64264.00390625, clipped: 1.0
epoch: 27, train_batch_id: 50, avg_cost: 4020.12923714684
loss: -966.7688590382854, grad norm: 77363.9296875, clipped: 1.0
epoch: 27, train_batch_id: 100, avg_cost: 3800.2434123164844
loss: -281.2957929921646, grad norm: 86369.3515625, clipped: 1.0
epoch: 27, train_batch_id: 150, avg_cost: 4057.575001831949
loss: -1128.9714882917206, grad norm: 84373.7734375, clipped: 1.0
Finished epoch 27, took 00:08:13 s
####Saving model and state...
调用validate
Validating...
Validation overall avg_cost: 4287.324218770476 +- 7.799301002924038
Evaluating candidate model on evaluation dataset
Epoch 27 candidate mean 4274.896070753096, baseline epoch 21 mean 4281.99780033656, difference -7.101729583464476
p-value: 0.11454235567276931
Start train epoch 28, lr=0.0001 for run train_raw_100_20260228T011907
Evaluating baseline on dataset...
Training baseline model...
开始train_epoch正式训练，总的 batch 大小: 200
Start training epoch 28...
epoch: 28, train_batch_id: 0, avg_cost: 4399.806584735476
loss: -2987.3486550346097, grad norm: 81369.46875, clipped: 1.0
epoch: 28, train_batch_id: 50, avg_cost: 4246.324742563426
loss: -135.85896169255147, grad norm: 100471.3671875, clipped: 1.0
epoch: 28, train_batch_id: 100, avg_cost: 4406.952955328473
loss: -1929.287737092678, grad norm: 85117.8046875, clipped: 1.0
epoch: 28, train_batch_id: 150, avg_cost: 4135.142046795749
loss: -5004.993581883089, grad norm: 80934.2421875, clipped: 1.0
Finished epoch 28, took 00:08:11 s
####Saving model and state...
调用validate
Validating...
Validation overall avg_cost: 4265.831301208297 +- 7.64804548221918
Evaluating candidate model on evaluation dataset
Epoch 28 candidate mean 4259.836125362819, baseline epoch 21 mean 4281.99780033656, difference -22.161674973741356
p-value: 0.0001492230072496406
Update baseline
Evaluating baseline model on evaluation dataset

Start train epoch 29, lr=0.0001 for run train_raw_100_20260228T011907
Evaluating baseline on dataset...
Training baseline model...
开始train_epoch正式训练，总的 batch 大小: 200
Start training epoch 29...
epoch: 29, train_batch_id: 0, avg_cost: 4438.696769065297
loss: -5611.272428029644, grad norm: 61679.6796875, clipped: 1.0
epoch: 29, train_batch_id: 50, avg_cost: 4060.112481994093
loss: -6146.762621110934, grad norm: 56840.48828125, clipped: 1.0
epoch: 29, train_batch_id: 100, avg_cost: 4154.087171040961
loss: -5679.202165228814, grad norm: 75860.140625, clipped: 1.0
epoch: 29, train_batch_id: 150, avg_cost: 4206.590708325352
loss: -3821.9378113721655, grad norm: 62246.33984375, clipped: 1.0
Finished epoch 29, took 00:08:23 s
####Saving model and state...
调用validate
Validating...
Validation overall avg_cost: 4246.460227033685 +- 7.677649190050641
Evaluating candidate model on evaluation dataset
Epoch 29 candidate mean 4259.883920789919, baseline epoch 28 mean 4282.36229961554, difference -22.478378825620894
p-value: 3.471801648623433e-05
Update baseline
Evaluating baseline model on evaluation dataset

Start train epoch 30, lr=0.0001 for run train_raw_100_20260228T011907
Evaluating baseline on dataset...
Training baseline model...
开始train_epoch正式训练，总的 batch 大小: 200
Start training epoch 30...
epoch: 30, train_batch_id: 0, avg_cost: 3711.9516453222236
loss: -4770.865429864427, grad norm: 50220.765625, clipped: 1.0
epoch: 30, train_batch_id: 50, avg_cost: 4309.68255992828
loss: -3697.9023405743746, grad norm: 57346.80859375, clipped: 1.0
epoch: 30, train_batch_id: 100, avg_cost: 4497.9107151193275
loss: -9810.828986294051, grad norm: 96673.84375, clipped: 1.0
epoch: 30, train_batch_id: 150, avg_cost: 3518.592325560533
loss: -6402.977967528968, grad norm: 63520.15625, clipped: 1.0
Finished epoch 30, took 00:08:24 s
####Saving model and state...
调用validate
Validating...
Validation overall avg_cost: 4267.375752874676 +- 7.941917534052295
Evaluating candidate model on evaluation dataset
Epoch 30 candidate mean 4271.562571399974, baseline epoch 29 mean 4247.334724091042, difference 24.227847308932724
Start train epoch 31, lr=0.0001 for run train_raw_100_20260228T011907
Evaluating baseline on dataset...
Training baseline model...
开始train_epoch正式训练，总的 batch 大小: 200
Start training epoch 31...
epoch: 31, train_batch_id: 0, avg_cost: 3762.036500539428
loss: -7777.681890433806, grad norm: 62547.34765625, clipped: 1.0
epoch: 31, train_batch_id: 50, avg_cost: 3760.2925585828416
loss: -4770.789143938399, grad norm: 52574.0859375, clipped: 1.0
epoch: 31, train_batch_id: 100, avg_cost: 4217.840883840434
loss: -9130.707930718498, grad norm: 81715.8984375, clipped: 1.0
epoch: 31, train_batch_id: 150, avg_cost: 4274.2971045739105
loss: -7920.172620225783, grad norm: 61917.71875, clipped: 1.0
Finished epoch 31, took 00:08:30 s
####Saving model and state...
调用validate
Validating...
Validation overall avg_cost: 4228.770826582193 +- 7.804349821729407
Evaluating candidate model on evaluation dataset
Epoch 31 candidate mean 4241.098056965715, baseline epoch 29 mean 4247.334724091042, difference -6.236667125326676
p-value: 0.1306923213960747
Start train epoch 32, lr=0.0001 for run train_raw_100_20260228T011907
Evaluating baseline on dataset...
Training baseline model...
开始train_epoch正式训练，总的 batch 大小: 200
Start training epoch 32...
epoch: 32, train_batch_id: 0, avg_cost: 3928.8466732809984
loss: -3166.606134769162, grad norm: 80326.0390625, clipped: 1.0
epoch: 32, train_batch_id: 50, avg_cost: 4295.321738286274
loss: -5405.156779824876, grad norm: 68215.59375, clipped: 1.0
epoch: 32, train_batch_id: 100, avg_cost: 4034.562864446194
loss: -5847.187594322935, grad norm: 62912.46875, clipped: 1.0
epoch: 32, train_batch_id: 150, avg_cost: 4370.567445636679
loss: -6405.952337450424, grad norm: 71555.75, clipped: 1.0
Finished epoch 32, took 00:08:26 s
####Saving model and state...
调用validate
Validating...
Validation overall avg_cost: 4209.431371287553 +- 7.809554128033414
Evaluating candidate model on evaluation dataset
Epoch 32 candidate mean 4219.865410338452, baseline epoch 29 mean 4247.334724091042, difference -27.469313752589187
p-value: 1.928305549679013e-06
Update baseline
Evaluating baseline model on evaluation dataset

Start train epoch 33, lr=0.0001 for run train_raw_100_20260228T011907
Evaluating baseline on dataset...
Training baseline model...
开始train_epoch正式训练，总的 batch 大小: 200
Start training epoch 33...
epoch: 33, train_batch_id: 0, avg_cost: 4408.256896734724
loss: -10719.92235000369, grad norm: 70584.2578125, clipped: 1.0
epoch: 33, train_batch_id: 50, avg_cost: 3902.352962546225
loss: -10640.856184508804, grad norm: 70775.96875, clipped: 1.0
epoch: 33, train_batch_id: 100, avg_cost: 4275.644047827202
loss: -8534.341053802054, grad norm: 85647.75, clipped: 1.0
epoch: 33, train_batch_id: 150, avg_cost: 4333.202986303777
loss: -9304.26934848896, grad norm: 78805.3671875, clipped: 1.0
Finished epoch 33, took 00:08:20 s
####Saving model and state...
调用validate
Validating...
Validation overall avg_cost: 4207.767406136464 +- 7.687490241939476
Evaluating candidate model on evaluation dataset
Epoch 33 candidate mean 4206.707924952344, baseline epoch 32 mean 4207.43067070253, difference -0.7227457501858225
p-value: 0.4468034227390628
Start train epoch 34, lr=0.0001 for run train_raw_100_20260228T011907
Evaluating baseline on dataset...
Training baseline model...
开始train_epoch正式训练，总的 batch 大小: 200
Start training epoch 34...
epoch: 34, train_batch_id: 0, avg_cost: 3768.046300665587
loss: -3175.1176298770347, grad norm: 77964.1171875, clipped: 1.0
epoch: 34, train_batch_id: 50, avg_cost: 4033.5137288251617
loss: -5374.759213748945, grad norm: 79974.0625, clipped: 1.0
epoch: 34, train_batch_id: 100, avg_cost: 4125.927541263809
loss: -6879.577766813525, grad norm: 63049.01171875, clipped: 1.0
epoch: 34, train_batch_id: 150, avg_cost: 3794.0349927097723
loss: -2800.166578703655, grad norm: 58683.78515625, clipped: 1.0
Finished epoch 34, took 00:08:20 s
####Saving model and state...
调用validate
Validating...
Validation overall avg_cost: 4224.5138965395645 +- 7.923798311641318
Evaluating candidate model on evaluation dataset
Epoch 34 candidate mean 4220.788330359148, baseline epoch 32 mean 4207.43067070253, difference 13.357659656618125
Start train epoch 35, lr=0.0001 for run train_raw_100_20260228T011907
Evaluating baseline on dataset...
Training baseline model...
开始train_epoch正式训练，总的 batch 大小: 200
Start training epoch 35...
epoch: 35, train_batch_id: 0, avg_cost: 3967.4889249089483
loss: -4387.3194179871425, grad norm: 78376.015625, clipped: 1.0
epoch: 35, train_batch_id: 50, avg_cost: 3863.6925967834595
loss: -5136.9050191704, grad norm: 54559.54296875, clipped: 1.0
epoch: 35, train_batch_id: 100, avg_cost: 3765.8404516603723
loss: -6927.634419727652, grad norm: 94090.4609375, clipped: 1.0
epoch: 35, train_batch_id: 150, avg_cost: 4379.291834732132
loss: -10233.91449119974, grad norm: 82235.6328125, clipped: 1.0
Finished epoch 35, took 00:08:19 s
####Saving model and state...
调用validate
Validating...
Validation overall avg_cost: 4243.920924534951 +- 8.163249826745995
Evaluating candidate model on evaluation dataset
Epoch 35 candidate mean 4234.908930798213, baseline epoch 32 mean 4207.43067070253, difference 27.478260095683254
Start train epoch 36, lr=0.0001 for run train_raw_100_20260228T011907
Evaluating baseline on dataset...
Training baseline model...
开始train_epoch正式训练，总的 batch 大小: 200
Start training epoch 36...
epoch: 36, train_batch_id: 0, avg_cost: 3830.0857782384346
loss: -3416.2517084177143, grad norm: 62011.40625, clipped: 1.0
epoch: 36, train_batch_id: 50, avg_cost: 4432.788360612757
loss: -3630.0893346195207, grad norm: 51133.87890625, clipped: 1.0
epoch: 36, train_batch_id: 100, avg_cost: 4331.229066220489
loss: 567.1208215505368, grad norm: 72823.65625, clipped: 1.0
epoch: 36, train_batch_id: 150, avg_cost: 3763.4874958007385
loss: -1460.7325283632267, grad norm: 71621.25, clipped: 1.0
Finished epoch 36, took 00:08:19 s
####Saving model and state...
调用validate
Validating...
Validation overall avg_cost: 4194.982046950464 +- 7.9008386246459015
Evaluating candidate model on evaluation dataset
Epoch 36 candidate mean 4185.381911304181, baseline epoch 32 mean 4207.43067070253, difference -22.04875939834892
p-value: 0.00017502877087668953
Update baseline
Evaluating baseline model on evaluation dataset

Start train epoch 37, lr=0.0001 for run train_raw_100_20260228T011907
Evaluating baseline on dataset...
Training baseline model...
开始train_epoch正式训练，总的 batch 大小: 200
Start training epoch 37...
epoch: 37, train_batch_id: 0, avg_cost: 3901.2353228218435
loss: -3958.1296746473763, grad norm: 62026.59375, clipped: 1.0
epoch: 37, train_batch_id: 50, avg_cost: 4166.362297775235
loss: -7571.586481750395, grad norm: 64877.35546875, clipped: 1.0
epoch: 37, train_batch_id: 100, avg_cost: 4163.690727103307
loss: -9520.19225429498, grad norm: 74930.15625, clipped: 1.0
epoch: 37, train_batch_id: 150, avg_cost: 3729.380832188023
loss: -9563.444038222699, grad norm: 58351.6484375, clipped: 1.0
Finished epoch 37, took 00:08:19 s
####Saving model and state...
调用validate
Validating...
Validation overall avg_cost: 4208.672205662866 +- 7.927312803905882
Evaluating candidate model on evaluation dataset
Epoch 37 candidate mean 4205.592646234758, baseline epoch 36 mean 4178.39020515374, difference 27.20244108101815
Start train epoch 38, lr=0.0001 for run train_raw_100_20260228T011907
Evaluating baseline on dataset...
Training baseline model...
开始train_epoch正式训练，总的 batch 大小: 200
Start training epoch 38...
epoch: 38, train_batch_id: 0, avg_cost: 4204.277850420229
loss: -5858.1718029687445, grad norm: 53476.31640625, clipped: 1.0
epoch: 38, train_batch_id: 50, avg_cost: 4292.925876777723
loss: -3779.050449758997, grad norm: 61168.09375, clipped: 1.0
epoch: 38, train_batch_id: 100, avg_cost: 4252.491521398546
loss: -1852.4611953184271, grad norm: 62518.1640625, clipped: 1.0
epoch: 38, train_batch_id: 150, avg_cost: 4134.998617561609
loss: -6842.93129846863, grad norm: 72172.6171875, clipped: 1.0
Finished epoch 38, took 00:08:12 s
####Saving model and state...
调用validate
Validating...
Validation overall avg_cost: 4195.516751529419 +- 7.894694478676329
Evaluating candidate model on evaluation dataset
Epoch 38 candidate mean 4189.063981476495, baseline epoch 36 mean 4178.39020515374, difference 10.673776322755657
Start train epoch 39, lr=0.0001 for run train_raw_100_20260228T011907
Evaluating baseline on dataset...
Training baseline model...
开始train_epoch正式训练，总的 batch 大小: 200
Start training epoch 39...
epoch: 39, train_batch_id: 0, avg_cost: 3263.781497954762
loss: -432.96575715239806, grad norm: 49907.3984375, clipped: 1.0
epoch: 39, train_batch_id: 50, avg_cost: 3712.759211751102
loss: -3807.1117745425818, grad norm: 73645.578125, clipped: 1.0
epoch: 39, train_batch_id: 100, avg_cost: 3904.193325886881
loss: -5984.697882596598, grad norm: 59912.56640625, clipped: 1.0
epoch: 39, train_batch_id: 150, avg_cost: 3596.44548231865
loss: 2787.004073394841, grad norm: 65622.1015625, clipped: 1.0
Finished epoch 39, took 00:08:16 s
####Saving model and state...
调用validate
Validating...
Validation overall avg_cost: 4182.240547482447 +- 7.6370271635238325
Evaluating candidate model on evaluation dataset
Epoch 39 candidate mean 4183.5518784236865, baseline epoch 36 mean 4178.39020515374, difference 5.161673269946732
Start train epoch 40, lr=0.0001 for run train_raw_100_20260228T011907
Evaluating baseline on dataset...
Training baseline model...
开始train_epoch正式训练，总的 batch 大小: 200
Start training epoch 40...
epoch: 40, train_batch_id: 0, avg_cost: 4059.606961245293
loss: -6306.304567540297, grad norm: 80911.15625, clipped: 1.0
epoch: 40, train_batch_id: 50, avg_cost: 3947.3046553417093
loss: -3034.9173143833887, grad norm: 67880.1171875, clipped: 1.0
epoch: 40, train_batch_id: 100, avg_cost: 3813.6422938511923
loss: -4612.881372735839, grad norm: 56736.8046875, clipped: 1.0
epoch: 40, train_batch_id: 150, avg_cost: 4140.331329980743
loss: -7309.318067366181, grad norm: 88525.1640625, clipped: 1.0
Finished epoch 40, took 00:08:14 s
####Saving model and state...
调用validate
Validating...
Validation overall avg_cost: 4163.426688084464 +- 7.690834321024558
Evaluating candidate model on evaluation dataset
Epoch 40 candidate mean 4170.568160469959, baseline epoch 36 mean 4178.39020515374, difference -7.822044683780405
p-value: 0.10237113379896932
Start train epoch 41, lr=0.0001 for run train_raw_100_20260228T011907
Evaluating baseline on dataset...
Training baseline model...
开始train_epoch正式训练，总的 batch 大小: 200
Start training epoch 41...
epoch: 41, train_batch_id: 0, avg_cost: 3637.497656802513
loss: -3904.6112243839184, grad norm: 61540.546875, clipped: 1.0
epoch: 41, train_batch_id: 50, avg_cost: 3880.843078561642
loss: -2216.6113820874825, grad norm: 78998.3515625, clipped: 1.0
epoch: 41, train_batch_id: 100, avg_cost: 4193.847638058898
loss: -5619.9675342782375, grad norm: 68114.34375, clipped: 1.0
epoch: 41, train_batch_id: 150, avg_cost: 3865.2767608274153
loss: -6145.63317056899, grad norm: 65022.5859375, clipped: 1.0
Finished epoch 41, took 00:08:24 s
####Saving model and state...
调用validate
Validating...
Validation overall avg_cost: 4166.35134906904 +- 7.669105851223059
Evaluating candidate model on evaluation dataset
Epoch 41 candidate mean 4166.008387360169, baseline epoch 36 mean 4178.39020515374, difference -12.381817793570917
p-value: 0.022110775138956793
Update baseline
Evaluating baseline model on evaluation dataset

Start train epoch 42, lr=0.0001 for run train_raw_100_20260228T011907
Evaluating baseline on dataset...
Training baseline model...
开始train_epoch正式训练，总的 batch 大小: 200
Start training epoch 42...
epoch: 42, train_batch_id: 0, avg_cost: 4000.759175326929
loss: -1795.799370210681, grad norm: 54614.39453125, clipped: 1.0
epoch: 42, train_batch_id: 50, avg_cost: 4465.100649828475
loss: -6096.095172245901, grad norm: 52580.28515625, clipped: 1.0
epoch: 42, train_batch_id: 100, avg_cost: 4564.702060723723
loss: -5791.380319501281, grad norm: 62860.81640625, clipped: 1.0
epoch: 42, train_batch_id: 150, avg_cost: 3955.705504474245
loss: -3230.6261085349415, grad norm: 77493.796875, clipped: 1.0
Finished epoch 42, took 00:08:25 s
####Saving model and state...
调用validate
Validating...
Validation overall avg_cost: 4183.429056555336 +- 7.671576983261594
Evaluating candidate model on evaluation dataset
Epoch 42 candidate mean 4192.01966191289, baseline epoch 41 mean 4176.876731396137, difference 15.14293051675304
Start train epoch 43, lr=0.0001 for run train_raw_100_20260228T011907
Evaluating baseline on dataset...
Training baseline model...
开始train_epoch正式训练，总的 batch 大小: 200
Start training epoch 43...
epoch: 43, train_batch_id: 0, avg_cost: 3906.1342067612068
loss: -2483.9883928295617, grad norm: 62976.34375, clipped: 1.0
epoch: 43, train_batch_id: 50, avg_cost: 4127.1472992361
loss: -2625.904467926774, grad norm: 79323.3046875, clipped: 1.0
epoch: 43, train_batch_id: 100, avg_cost: 4074.5018709189626
loss: -2732.6568433663174, grad norm: 62708.0390625, clipped: 1.0
epoch: 43, train_batch_id: 150, avg_cost: 3744.2230892108955
loss: 150.18247765864987, grad norm: 62824.296875, clipped: 1.0
Finished epoch 43, took 00:08:32 s
####Saving model and state...
调用validate
Validating...
Validation overall avg_cost: 4163.685084968679 +- 7.615226300211502
Evaluating candidate model on evaluation dataset
Epoch 43 candidate mean 4166.289621490743, baseline epoch 41 mean 4176.876731396137, difference -10.587109905393845
p-value: 0.032974445291817665
Update baseline
Evaluating baseline model on evaluation dataset

Start train epoch 44, lr=0.0001 for run train_raw_100_20260228T011907
Evaluating baseline on dataset...
Training baseline model...
开始train_epoch正式训练，总的 batch 大小: 200
Start training epoch 44...
epoch: 44, train_batch_id: 0, avg_cost: 4144.907110439856
loss: -2860.0611847997907, grad norm: 58832.54296875, clipped: 1.0
epoch: 44, train_batch_id: 50, avg_cost: 3774.2789606561028
loss: -1262.890907173622, grad norm: 62776.87890625, clipped: 1.0
epoch: 44, train_batch_id: 100, avg_cost: 3882.451422170885
loss: -5738.979682808525, grad norm: 66776.5, clipped: 1.0
epoch: 44, train_batch_id: 150, avg_cost: 4232.992714302822
loss: -4546.476188708202, grad norm: 60046.8203125, clipped: 1.0
Finished epoch 44, took 00:08:22 s
####Saving model and state...
调用validate
Validating...
Validation overall avg_cost: 4150.012699897775 +- 7.549654104405616
Evaluating candidate model on evaluation dataset
Epoch 44 candidate mean 4154.770027670686, baseline epoch 43 mean 4162.218524605571, difference -7.448496934884133
p-value: 0.09042104527159306
Start train epoch 45, lr=0.0001 for run train_raw_100_20260228T011907
Evaluating baseline on dataset...
Training baseline model...
开始train_epoch正式训练，总的 batch 大小: 200
Start training epoch 45...
epoch: 45, train_batch_id: 0, avg_cost: 3696.8353008110576
loss: -1739.8820745882197, grad norm: 64618.34765625, clipped: 1.0
epoch: 45, train_batch_id: 50, avg_cost: 3762.502327887923
loss: -1367.5266746621646, grad norm: 57068.18359375, clipped: 1.0
epoch: 45, train_batch_id: 100, avg_cost: 3975.6602245639483
loss: -568.2818147315817, grad norm: 55427.54296875, clipped: 1.0
epoch: 45, train_batch_id: 150, avg_cost: 3573.1534263796543
loss: -10052.991957622464, grad norm: 70865.6484375, clipped: 1.0
Finished epoch 45, took 00:08:23 s
####Saving model and state...
调用validate
Validating...
Validation overall avg_cost: 4140.689147982113 +- 7.762110148254756
Evaluating candidate model on evaluation dataset
Epoch 45 candidate mean 4141.2793708623985, baseline epoch 43 mean 4162.218524605571, difference -20.939153743172028
p-value: 0.0001687658577187407
Update baseline
Evaluating baseline model on evaluation dataset

Start train epoch 46, lr=0.0001 for run train_raw_100_20260228T011907
Evaluating baseline on dataset...
Training baseline model...
开始train_epoch正式训练，总的 batch 大小: 200
Start training epoch 46...
epoch: 46, train_batch_id: 0, avg_cost: 4030.45511535419
loss: -3074.1945262504805, grad norm: 53654.5078125, clipped: 1.0
epoch: 46, train_batch_id: 50, avg_cost: 4017.781551837682
loss: -6005.794460344809, grad norm: 61981.4765625, clipped: 1.0
epoch: 46, train_batch_id: 100, avg_cost: 3810.203870405251
loss: -1679.5239613390481, grad norm: 53048.42578125, clipped: 1.0
epoch: 46, train_batch_id: 150, avg_cost: 3881.940298017909
loss: -2048.7443352148075, grad norm: 63157.0546875, clipped: 1.0
Finished epoch 46, took 00:08:31 s
####Saving model and state...
调用validate
Validating...
Validation overall avg_cost: 4172.632709487238 +- 7.598698942868817
Evaluating candidate model on evaluation dataset
Epoch 46 candidate mean 4170.177325910584, baseline epoch 45 mean 4143.478454775558, difference 26.69887113502591
Start train epoch 47, lr=0.0001 for run train_raw_100_20260228T011907
Evaluating baseline on dataset...
Training baseline model...
开始train_epoch正式训练，总的 batch 大小: 200
Start training epoch 47...
epoch: 47, train_batch_id: 0, avg_cost: 3871.0639142026866
loss: -1800.526556487149, grad norm: 51471.078125, clipped: 1.0
epoch: 47, train_batch_id: 50, avg_cost: 3836.1713376841076
loss: -3577.088000717943, grad norm: 58663.68359375, clipped: 1.0
epoch: 47, train_batch_id: 100, avg_cost: 3995.85671299545
loss: -2796.1142765441173, grad norm: 55634.95703125, clipped: 1.0
epoch: 47, train_batch_id: 150, avg_cost: 3420.2770802071727
loss: -3372.837438149364, grad norm: 50513.99609375, clipped: 1.0
Finished epoch 47, took 00:08:21 s
####Saving model and state...
调用validate
Validating...
Validation overall avg_cost: 4140.590075345117 +- 7.483857840078572
Evaluating candidate model on evaluation dataset
Epoch 47 candidate mean 4133.994398274645, baseline epoch 45 mean 4143.478454775558, difference -9.48405650091263
p-value: 0.054717281547113784
Start train epoch 48, lr=0.0001 for run train_raw_100_20260228T011907
Evaluating baseline on dataset...
Training baseline model...
开始train_epoch正式训练，总的 batch 大小: 200
Start training epoch 48...
epoch: 48, train_batch_id: 0, avg_cost: 3738.987773120424
loss: -3359.5002168079563, grad norm: 72803.9140625, clipped: 1.0
epoch: 48, train_batch_id: 50, avg_cost: 4039.4907959307147
loss: -2283.500420581567, grad norm: 67354.75, clipped: 1.0
epoch: 48, train_batch_id: 100, avg_cost: 4123.285631901954
loss: -1115.1552344281417, grad norm: 58455.7265625, clipped: 1.0
epoch: 48, train_batch_id: 150, avg_cost: 3747.5597378973457
loss: -2281.275611940159, grad norm: 61726.9765625, clipped: 1.0
Finished epoch 48, took 00:08:17 s
####Saving model and state...
调用validate
Validating...
Validation overall avg_cost: 4127.685695202723 +- 7.453361754940553
Evaluating candidate model on evaluation dataset
Epoch 48 candidate mean 4120.341279690162, baseline epoch 45 mean 4143.478454775558, difference -23.13717508539594
p-value: 5.504792619533061e-05
Update baseline
Evaluating baseline model on evaluation dataset

Start train epoch 49, lr=0.0001 for run train_raw_100_20260228T011907
Evaluating baseline on dataset...
Training baseline model...
开始train_epoch正式训练，总的 batch 大小: 200
Start training epoch 49...
epoch: 49, train_batch_id: 0, avg_cost: 3718.3684074384028
loss: -4384.550802315843, grad norm: 47032.36328125, clipped: 1.0
epoch: 49, train_batch_id: 50, avg_cost: 4181.0090487041625
loss: -5046.77362516926, grad norm: 52665.98828125, clipped: 1.0
epoch: 49, train_batch_id: 100, avg_cost: 3663.3309267465233
loss: -2115.017123160197, grad norm: 43840.9296875, clipped: 1.0
epoch: 49, train_batch_id: 150, avg_cost: 3925.8927374897276
loss: -3260.993150952845, grad norm: 44262.6015625, clipped: 1.0
Finished epoch 49, took 00:08:12 s
####Saving model and state...
调用validate
Validating...
Validation overall avg_cost: 4095.509438214866 +- 7.5734441956107315
Evaluating candidate model on evaluation dataset
Epoch 49 candidate mean 4105.981751596943, baseline epoch 48 mean 4137.4292468005315, difference -31.447495203588915
p-value: 8.618066187972317e-09
Update baseline
Evaluating baseline model on evaluation dataset

Start train epoch 50, lr=0.0001 for run train_raw_100_20260228T011907
Evaluating baseline on dataset...
Training baseline model...
开始train_epoch正式训练，总的 batch 大小: 200
Start training epoch 50...
epoch: 50, train_batch_id: 0, avg_cost: 4302.999253267242
loss: -2715.8207498815073, grad norm: 60573.34765625, clipped: 1.0
epoch: 50, train_batch_id: 50, avg_cost: 4055.1915180546553
loss: -3736.186861963977, grad norm: 55673.52734375, clipped: 1.0
epoch: 50, train_batch_id: 100, avg_cost: 3783.2362763548786
loss: -6050.755823557072, grad norm: 63829.78515625, clipped: 1.0
epoch: 50, train_batch_id: 150, avg_cost: 3790.345342451141
loss: -2600.7200748338128, grad norm: 60436.0390625, clipped: 1.0
Finished epoch 50, took 00:08:18 s
####Saving model and state...
调用validate
Validating...
Validation overall avg_cost: 4063.5732961548106 +- 7.44028684647733
Evaluating candidate model on evaluation dataset
Epoch 50 candidate mean 4074.639379604958, baseline epoch 49 mean 4101.602369031261, difference -26.962989426303466
p-value: 5.97086099798522e-07
Update baseline
Evaluating baseline model on evaluation dataset

Start train epoch 51, lr=0.0001 for run train_raw_100_20260228T011907
Evaluating baseline on dataset...
Training baseline model...
开始train_epoch正式训练，总的 batch 大小: 200
Start training epoch 51...
epoch: 51, train_batch_id: 0, avg_cost: 3792.247650163558
loss: -5991.769710461551, grad norm: 50100.84375, clipped: 1.0
epoch: 51, train_batch_id: 50, avg_cost: 3725.871909235727
loss: -225.0213356900154, grad norm: 35580.04296875, clipped: 1.0
epoch: 51, train_batch_id: 100, avg_cost: 4001.6482317042482
loss: -1649.6133847226429, grad norm: 42070.95703125, clipped: 1.0
epoch: 51, train_batch_id: 150, avg_cost: 3604.1625627453213
loss: -586.4437773456013, grad norm: 49014.01171875, clipped: 1.0
Finished epoch 51, took 00:08:25 s
####Saving model and state...
调用validate
Validating...
Validation overall avg_cost: 4039.7708367599193 +- 7.253466199986505
Evaluating candidate model on evaluation dataset
Epoch 51 candidate mean 4047.2387957412275, baseline epoch 50 mean 4068.6784387059524, difference -21.439642964724953
p-value: 2.2380969987971854e-05
Update baseline
Evaluating baseline model on evaluation dataset

Start train epoch 52, lr=0.0001 for run train_raw_100_20260228T011907
Evaluating baseline on dataset...
Training baseline model...
开始train_epoch正式训练，总的 batch 大小: 200
Start training epoch 52...
epoch: 52, train_batch_id: 0, avg_cost: 3611.5128484787124
loss: -976.0696731490915, grad norm: 42779.52734375, clipped: 1.0
epoch: 52, train_batch_id: 50, avg_cost: 4009.067447977628
loss: -7225.410304391796, grad norm: 57958.6484375, clipped: 1.0
epoch: 52, train_batch_id: 100, avg_cost: 3782.7980987089113
loss: -1097.382102698938, grad norm: 40917.52734375, clipped: 1.0
epoch: 52, train_batch_id: 150, avg_cost: 3540.537878533206
loss: -498.84081289593627, grad norm: 51575.29296875, clipped: 1.0
Finished epoch 52, took 00:08:27 s
####Saving model and state...
调用validate
Validating...
Validation overall avg_cost: 4061.039512001983 +- 7.487769544998925
Evaluating candidate model on evaluation dataset
Epoch 52 candidate mean 4067.7527234549643, baseline epoch 51 mean 4045.2342697976073, difference 22.518453657356986
Start train epoch 53, lr=0.0001 for run train_raw_100_20260228T011907
Evaluating baseline on dataset...
Training baseline model...
开始train_epoch正式训练，总的 batch 大小: 200
Start training epoch 53...
epoch: 53, train_batch_id: 0, avg_cost: 4257.305139588918
loss: -6643.702004648544, grad norm: 62779.64453125, clipped: 1.0
epoch: 53, train_batch_id: 50, avg_cost: 3836.0074213201287
loss: -3146.759147869341, grad norm: 53899.515625, clipped: 1.0
epoch: 53, train_batch_id: 100, avg_cost: 3857.6189797362867
loss: -3583.8630635319787, grad norm: 61882.20703125, clipped: 1.0
epoch: 53, train_batch_id: 150, avg_cost: 3904.2864038827497
loss: -100.9135058914548, grad norm: 59317.20703125, clipped: 1.0
Finished epoch 53, took 00:08:25 s
####Saving model and state...
调用validate
Validating...
Validation overall avg_cost: 4025.5444667555557 +- 7.234691178654204
Evaluating candidate model on evaluation dataset
Epoch 53 candidate mean 4022.4037092097356, baseline epoch 51 mean 4045.2342697976073, difference -22.830560587871787
p-value: 7.825928993083223e-05
Update baseline
Evaluating baseline model on evaluation dataset

Start train epoch 54, lr=0.0001 for run train_raw_100_20260228T011907
Evaluating baseline on dataset...
Training baseline model...
开始train_epoch正式训练，总的 batch 大小: 200
Start training epoch 54...
epoch: 54, train_batch_id: 0, avg_cost: 4166.177279437681
loss: -4969.355055913671, grad norm: 53462.9453125, clipped: 1.0
epoch: 54, train_batch_id: 50, avg_cost: 3668.3118669395485
loss: 98.68999340014688, grad norm: 27122.123046875, clipped: 1.0
epoch: 54, train_batch_id: 100, avg_cost: 3759.3183274406542
loss: -1339.627569876401, grad norm: 43937.671875, clipped: 1.0
epoch: 54, train_batch_id: 150, avg_cost: 3916.042193797974
loss: -3565.517880025386, grad norm: 45633.76171875, clipped: 1.0
Finished epoch 54, took 00:08:26 s
####Saving model and state...
调用validate
Validating...
Validation overall avg_cost: 4053.924805696522 +- 7.504663121402206
Evaluating candidate model on evaluation dataset
Epoch 54 candidate mean 4065.4177674233056, baseline epoch 53 mean 4029.3036114570386, difference 36.114155966266935
Start train epoch 55, lr=0.0001 for run train_raw_100_20260228T011907
Evaluating baseline on dataset...
Training baseline model...
开始train_epoch正式训练，总的 batch 大小: 200
Start training epoch 55...
epoch: 55, train_batch_id: 0, avg_cost: 3819.8000185318188
loss: -4037.850866825428, grad norm: 44633.8125, clipped: 1.0
epoch: 55, train_batch_id: 50, avg_cost: 3607.1940586602223
loss: 628.6332100511507, grad norm: 37733.01953125, clipped: 1.0
epoch: 55, train_batch_id: 100, avg_cost: 3743.6104952170344
loss: -2469.2718782345164, grad norm: 51239.00390625, clipped: 1.0
epoch: 55, train_batch_id: 150, avg_cost: 3469.692963266718
loss: 1145.725412504161, grad norm: 39469.5703125, clipped: 1.0
Finished epoch 55, took 00:08:23 s
####Saving model and state...
调用validate
Validating...
Validation overall avg_cost: 3985.6801313087767 +- 7.303951559804335
Evaluating candidate model on evaluation dataset
Epoch 55 candidate mean 3971.962032226128, baseline epoch 53 mean 4029.3036114570386, difference -57.34157923091061
p-value: 1.0267072471910957e-22
Update baseline
Evaluating baseline model on evaluation dataset

Start train epoch 56, lr=0.0001 for run train_raw_100_20260228T011907
Evaluating baseline on dataset...
Training baseline model...
开始train_epoch正式训练，总的 batch 大小: 200
Start training epoch 56...
epoch: 56, train_batch_id: 0, avg_cost: 3733.5706358093926
loss: -3349.3265084772465, grad norm: 46703.90234375, clipped: 1.0
epoch: 56, train_batch_id: 50, avg_cost: 3836.372427084428
loss: -3943.276716931635, grad norm: 52622.99609375, clipped: 1.0
epoch: 56, train_batch_id: 100, avg_cost: 3751.406313642163
loss: -4812.5298249288235, grad norm: 48577.76171875, clipped: 1.0
epoch: 56, train_batch_id: 150, avg_cost: 3573.231601362985
loss: -2736.9105615343087, grad norm: 42692.55078125, clipped: 1.0
Finished epoch 56, took 00:08:18 s
####Saving model and state...
调用validate
Validating...
Validation overall avg_cost: 3971.176888055797 +- 7.394931919449139
Evaluating candidate model on evaluation dataset
Epoch 56 candidate mean 3987.0771992612445, baseline epoch 55 mean 3982.2855952464456, difference 4.79160401479885
Start train epoch 57, lr=0.0001 for run train_raw_100_20260228T011907
Evaluating baseline on dataset...
Training baseline model...
开始train_epoch正式训练，总的 batch 大小: 200
Start training epoch 57...
epoch: 57, train_batch_id: 0, avg_cost: 3925.607794503743
loss: -2143.954247443104, grad norm: 46984.19921875, clipped: 1.0
epoch: 57, train_batch_id: 50, avg_cost: 4135.175575488803
loss: -3781.1096430111465, grad norm: 36028.34765625, clipped: 1.0
epoch: 57, train_batch_id: 100, avg_cost: 3501.6335547236276
loss: -165.72910631457842, grad norm: 43969.5390625, clipped: 1.0
epoch: 57, train_batch_id: 150, avg_cost: 3633.0807153425817
loss: -4320.604787073824, grad norm: 54115.99609375, clipped: 1.0
Finished epoch 57, took 00:08:21 s
####Saving model and state...
调用validate
Validating...
Validation overall avg_cost: 4025.092608348988 +- 7.4620028990766425
Evaluating candidate model on evaluation dataset
Epoch 57 candidate mean 4039.047370421195, baseline epoch 55 mean 3982.2855952464456, difference 56.761775174749346
Start train epoch 58, lr=0.0001 for run train_raw_100_20260228T011907
Evaluating baseline on dataset...
Training baseline model...
开始train_epoch正式训练，总的 batch 大小: 200
Start training epoch 58...
epoch: 58, train_batch_id: 0, avg_cost: 3425.6124520604285
loss: -2762.5268149162634, grad norm: 49299.2578125, clipped: 1.0
epoch: 58, train_batch_id: 50, avg_cost: 3826.786333235981
loss: -1209.7598489965424, grad norm: 36465.08203125, clipped: 1.0
epoch: 58, train_batch_id: 100, avg_cost: 4060.6786222768424
loss: -9167.48186542178, grad norm: 58452.9375, clipped: 1.0
epoch: 58, train_batch_id: 150, avg_cost: 3800.6077780816804
loss: -3262.09318968376, grad norm: 46457.76171875, clipped: 1.0
Finished epoch 58, took 00:08:26 s
####Saving model and state...
调用validate
Validating...
Validation overall avg_cost: 4136.4753980497735 +- 8.087361264311
Evaluating candidate model on evaluation dataset
Epoch 58 candidate mean 4140.249060025937, baseline epoch 55 mean 3982.2855952464456, difference 157.96346477949146
Start train epoch 59, lr=0.0001 for run train_raw_100_20260228T011907
Evaluating baseline on dataset...
Training baseline model...
开始train_epoch正式训练，总的 batch 大小: 200
Start training epoch 59...
epoch: 59, train_batch_id: 0, avg_cost: 3840.5736085162935
loss: -6634.619711752863, grad norm: 55614.42578125, clipped: 1.0
epoch: 59, train_batch_id: 50, avg_cost: 3489.801766134786
loss: -6319.429487742325, grad norm: 54690.05859375, clipped: 1.0
epoch: 59, train_batch_id: 100, avg_cost: 3746.350452702189
loss: -7303.166279980584, grad norm: 49252.05078125, clipped: 1.0
epoch: 59, train_batch_id: 150, avg_cost: 4298.03992997553
loss: -6685.017724330358, grad norm: 61567.984375, clipped: 1.0
Finished epoch 59, took 00:08:23 s
####Saving model and state...
调用validate
Validating...
Validation overall avg_cost: 4007.4053716931003 +- 7.496868729240261
Evaluating candidate model on evaluation dataset
Epoch 59 candidate mean 4012.0350920951296, baseline epoch 55 mean 3982.2855952464456, difference 29.749496848683975
Start train epoch 60, lr=0.0001 for run train_raw_100_20260228T011907
Evaluating baseline on dataset...
Training baseline model...
开始train_epoch正式训练，总的 batch 大小: 200
Start training epoch 60...
epoch: 60, train_batch_id: 0, avg_cost: 3297.5174343743765
loss: -2925.8387036843014, grad norm: 36225.27734375, clipped: 1.0
epoch: 60, train_batch_id: 50, avg_cost: 3934.643244133092
loss: -3479.834666833037, grad norm: 51464.14453125, clipped: 1.0
epoch: 60, train_batch_id: 100, avg_cost: 3781.216639414306
loss: -4074.90510787153, grad norm: 54908.71484375, clipped: 1.0
epoch: 60, train_batch_id: 150, avg_cost: 3907.362346626105
loss: -4025.430404560618, grad norm: 54384.90234375, clipped: 1.0
Finished epoch 60, took 00:08:22 s
####Saving model and state...
调用validate
Validating...
Validation overall avg_cost: 4028.8364803362088 +- 7.612567567892674
Evaluating candidate model on evaluation dataset
Epoch 60 candidate mean 4047.075579920365, baseline epoch 55 mean 3982.2855952464456, difference 64.78998467391921
Start train epoch 61, lr=0.0001 for run train_raw_100_20260228T011907
Evaluating baseline on dataset...
Training baseline model...
开始train_epoch正式训练，总的 batch 大小: 200
Start training epoch 61...
epoch: 61, train_batch_id: 0, avg_cost: 4015.247080164945
loss: -3761.4044505991305, grad norm: 59420.578125, clipped: 1.0
epoch: 61, train_batch_id: 50, avg_cost: 3295.2058726526243
loss: -7160.275500253489, grad norm: 54321.125, clipped: 1.0
epoch: 61, train_batch_id: 100, avg_cost: 3506.801156289978
loss: -2874.464828774193, grad norm: 52308.16015625, clipped: 1.0
epoch: 61, train_batch_id: 150, avg_cost: 3874.3086860645976
loss: -4039.8643611380194, grad norm: 62890.7578125, clipped: 1.0
Finished epoch 61, took 00:08:22 s
####Saving model and state...
调用validate
Validating...
Validation overall avg_cost: 3968.6839636613217 +- 7.173208810838942
Evaluating candidate model on evaluation dataset
Epoch 61 candidate mean 3971.3112764411644, baseline epoch 55 mean 3982.2855952464456, difference -10.9743188052812
p-value: 0.03389814992657625
Update baseline
Evaluating baseline model on evaluation dataset

Start train epoch 62, lr=0.0001 for run train_raw_100_20260228T011907
Evaluating baseline on dataset...
Training baseline model...
开始train_epoch正式训练，总的 batch 大小: 200
Start training epoch 62...
epoch: 62, train_batch_id: 0, avg_cost: 4289.233832025402
loss: -3770.7915221670846, grad norm: 48830.109375, clipped: 1.0
epoch: 62, train_batch_id: 50, avg_cost: 4149.081251698761
loss: -2793.4375336688217, grad norm: 50754.17578125, clipped: 1.0
epoch: 62, train_batch_id: 100, avg_cost: 3655.1620864921474
loss: -2038.7928935337304, grad norm: 52436.11328125, clipped: 1.0
epoch: 62, train_batch_id: 150, avg_cost: 3701.813976736533
loss: -2021.2969113471027, grad norm: 47530.9921875, clipped: 1.0
Finished epoch 62, took 00:08:26 s
####Saving model and state...
调用validate
Validating...
Validation overall avg_cost: 3967.0731526118648 +- 7.388472742931217
Evaluating candidate model on evaluation dataset
Epoch 62 candidate mean 3959.980006706592, baseline epoch 61 mean 3963.0809008004226, difference -3.1008940938304477
p-value: 0.2715360618866323
Start train epoch 63, lr=0.0001 for run train_raw_100_20260228T011907
Evaluating baseline on dataset...
Training baseline model...
开始train_epoch正式训练，总的 batch 大小: 200
Start training epoch 63...
epoch: 63, train_batch_id: 0, avg_cost: 3421.3399374467535
loss: -2142.3210459790516, grad norm: 49494.6484375, clipped: 1.0
epoch: 63, train_batch_id: 50, avg_cost: 3557.5534589630497
loss: -305.2290225636849, grad norm: 32137.580078125, clipped: 1.0
epoch: 63, train_batch_id: 100, avg_cost: 4093.6488141692907
loss: -5428.867657018156, grad norm: 61466.078125, clipped: 1.0
epoch: 63, train_batch_id: 150, avg_cost: 3237.161871028917
loss: -13078.810194139709, grad norm: 46531.78515625, clipped: 1.0
Finished epoch 63, took 00:08:21 s
####Saving model and state...
调用validate
Validating...
Validation overall avg_cost: 3938.6922530057896 +- 7.3162249384535745
Evaluating candidate model on evaluation dataset
Epoch 63 candidate mean 3929.5969272874186, baseline epoch 61 mean 3963.0809008004226, difference -33.483973513004
p-value: 6.428080771924207e-10
Update baseline
Evaluating baseline model on evaluation dataset

Start train epoch 64, lr=0.0001 for run train_raw_100_20260228T011907
Evaluating baseline on dataset...
Training baseline model...
开始train_epoch正式训练，总的 batch 大小: 200
Start training epoch 64...
epoch: 64, train_batch_id: 0, avg_cost: 3724.6849240070514
loss: -1342.881040622337, grad norm: 31363.556640625, clipped: 1.0
epoch: 64, train_batch_id: 50, avg_cost: 3806.538987777888
loss: -5744.201645321027, grad norm: 36752.59765625, clipped: 1.0
epoch: 64, train_batch_id: 100, avg_cost: 4172.48119125372
loss: -2448.2269611845672, grad norm: 50548.33203125, clipped: 1.0
epoch: 64, train_batch_id: 150, avg_cost: 3549.70401136512
loss: 1074.0708162142375, grad norm: 39748.578125, clipped: 1.0
Finished epoch 64, took 00:08:04 s
####Saving model and state...
调用validate
Validating...
Validation overall avg_cost: 3900.864208842567 +- 7.381921183337901
Evaluating candidate model on evaluation dataset
Epoch 64 candidate mean 3886.5896571732796, baseline epoch 63 mean 3935.2451910820614, difference -48.65553390878176
p-value: 2.762849573860863e-18
Update baseline
Evaluating baseline model on evaluation dataset

Start train epoch 65, lr=0.0001 for run train_raw_100_20260228T011907
Evaluating baseline on dataset...
Training baseline model...
开始train_epoch正式训练，总的 batch 大小: 200
Start training epoch 65...
epoch: 65, train_batch_id: 0, avg_cost: 3993.30774071109
loss: -2688.061888608332, grad norm: 34782.0234375, clipped: 1.0
epoch: 65, train_batch_id: 50, avg_cost: 4218.15540821472
loss: -1445.0110489625033, grad norm: 39703.5546875, clipped: 1.0
epoch: 65, train_batch_id: 100, avg_cost: 3603.78409230597
loss: 571.9439613269216, grad norm: 42123.78515625, clipped: 1.0
epoch: 65, train_batch_id: 150, avg_cost: 3809.2529615226695
loss: -2861.223604387384, grad norm: 34862.265625, clipped: 1.0
Finished epoch 65, took 00:08:02 s
####Saving model and state...
调用validate
Validating...
Validation overall avg_cost: 3855.893635463949 +- 7.263041851846636
Evaluating candidate model on evaluation dataset
Epoch 65 candidate mean 3860.365059253575, baseline epoch 64 mean 3884.947507023902, difference -24.58244777032678
p-value: 2.3206932833283967e-06
Update baseline
Evaluating baseline model on evaluation dataset

Start train epoch 66, lr=0.0001 for run train_raw_100_20260228T011907
Evaluating baseline on dataset...
Training baseline model...
开始train_epoch正式训练，总的 batch 大小: 200
Start training epoch 66...
epoch: 66, train_batch_id: 0, avg_cost: 4049.5349266161447
loss: -4592.387554916628, grad norm: 27298.166015625, clipped: 1.0
epoch: 66, train_batch_id: 50, avg_cost: 3483.5764519986005
loss: -5549.872214000967, grad norm: 34553.7109375, clipped: 1.0
epoch: 66, train_batch_id: 100, avg_cost: 3995.1921820229427
loss: -11303.319953859364, grad norm: 50062.1015625, clipped: 1.0
epoch: 66, train_batch_id: 150, avg_cost: 3498.000950082678
loss: -6682.148066202133, grad norm: 33930.7109375, clipped: 1.0
Finished epoch 66, took 00:07:50 s
####Saving model and state...
调用validate
Validating...
Validation overall avg_cost: 3874.2412721196188 +- 7.230868680213943
Evaluating candidate model on evaluation dataset
Epoch 66 candidate mean 3867.513130368661, baseline epoch 65 mean 3851.5422248386144, difference 15.97090553004682
Start train epoch 67, lr=0.0001 for run train_raw_100_20260228T011907
Evaluating baseline on dataset...
Training baseline model...
开始train_epoch正式训练，总的 batch 大小: 200
Start training epoch 67...
epoch: 67, train_batch_id: 0, avg_cost: 3504.507826059029
loss: -4131.807670212489, grad norm: 31494.58984375, clipped: 1.0
epoch: 67, train_batch_id: 50, avg_cost: 4007.3635915336035
loss: -3744.8481175839383, grad norm: 39217.10546875, clipped: 1.0
epoch: 67, train_batch_id: 100, avg_cost: 3369.8396926522
loss: -3688.134718761351, grad norm: 38438.8125, clipped: 1.0
epoch: 67, train_batch_id: 150, avg_cost: 3612.8508029151944
loss: -2339.4056411717615, grad norm: 36626.56640625, clipped: 1.0
Finished epoch 67, took 00:08:13 s
####Saving model and state...
调用validate
Validating...
Validation overall avg_cost: 3868.2097721593495 +- 7.326382923899221
Evaluating candidate model on evaluation dataset
Epoch 67 candidate mean 3865.3127634474895, baseline epoch 65 mean 3851.5422248386144, difference 13.770538608875086
Start train epoch 68, lr=0.0001 for run train_raw_100_20260228T011907
Evaluating baseline on dataset...
Training baseline model...
开始train_epoch正式训练，总的 batch 大小: 200
Start training epoch 68...
epoch: 68, train_batch_id: 0, avg_cost: 3706.0912215349936
loss: -2851.984960312032, grad norm: 30633.845703125, clipped: 1.0
epoch: 68, train_batch_id: 50, avg_cost: 3594.7116874042904
loss: -4365.868781592103, grad norm: 38142.81640625, clipped: 1.0
epoch: 68, train_batch_id: 100, avg_cost: 3828.550290571472
loss: -756.407658419881, grad norm: 31418.1328125, clipped: 1.0
epoch: 68, train_batch_id: 150, avg_cost: 4092.2809849383584
loss: -3889.9353073918714, grad norm: 34032.7578125, clipped: 1.0
Finished epoch 68, took 00:08:14 s
####Saving model and state...
调用validate
Validating...
Validation overall avg_cost: 3867.3782889858535 +- 7.362981260252412
Evaluating candidate model on evaluation dataset
Epoch 68 candidate mean 3860.0456089130166, baseline epoch 65 mean 3851.5422248386144, difference 8.50338407440222
Start train epoch 69, lr=0.0001 for run train_raw_100_20260228T011907
Evaluating baseline on dataset...
Training baseline model...
开始train_epoch正式训练，总的 batch 大小: 200
Start training epoch 69...
epoch: 69, train_batch_id: 0, avg_cost: 3735.0498680550227
loss: -4772.9464738393945, grad norm: 39320.11328125, clipped: 1.0
epoch: 69, train_batch_id: 50, avg_cost: 4075.607725649746
loss: -5977.970384831662, grad norm: 38602.7578125, clipped: 1.0
epoch: 69, train_batch_id: 100, avg_cost: 3564.3549042126074
loss: -3487.4549491581724, grad norm: 45679.93359375, clipped: 1.0
epoch: 69, train_batch_id: 150, avg_cost: 3914.9588298898325
loss: -1231.922810642473, grad norm: 39616.625, clipped: 1.0
Finished epoch 69, took 00:08:07 s
####Saving model and state...
调用validate
Validating...
Validation overall avg_cost: 3874.1411270598055 +- 7.326536389348354
Evaluating candidate model on evaluation dataset
Epoch 69 candidate mean 3860.1864423036827, baseline epoch 65 mean 3851.5422248386144, difference 8.644217465068323
Start train epoch 70, lr=0.0001 for run train_raw_100_20260228T011907
Evaluating baseline on dataset...
Training baseline model...
开始train_epoch正式训练，总的 batch 大小: 200
Start training epoch 70...
epoch: 70, train_batch_id: 0, avg_cost: 3742.788485218863
loss: -2151.654009195964, grad norm: 37615.97265625, clipped: 1.0
epoch: 70, train_batch_id: 50, avg_cost: 3699.9962076180836
loss: -2253.1874495025268, grad norm: 47246.73046875, clipped: 1.0
epoch: 70, train_batch_id: 100, avg_cost: 3808.666463157434
loss: -2541.8852360685014, grad norm: 35845.12890625, clipped: 1.0
epoch: 70, train_batch_id: 150, avg_cost: 3488.942442119593
loss: -4430.9077293291875, grad norm: 39074.58203125, clipped: 1.0
Finished epoch 70, took 00:08:16 s
####Saving model and state...
调用validate
Validating...
Validation overall avg_cost: 3848.3977684627016 +- 7.129257401187263
Evaluating candidate model on evaluation dataset
Epoch 70 candidate mean 3835.585715403986, baseline epoch 65 mean 3851.5422248386144, difference -15.956509434628515
p-value: 0.002494973360876388
Update baseline
Evaluating baseline model on evaluation dataset

Start train epoch 71, lr=0.0001 for run train_raw_100_20260228T011907
Evaluating baseline on dataset...
Training baseline model...
开始train_epoch正式训练，总的 batch 大小: 200
Start training epoch 71...
epoch: 71, train_batch_id: 0, avg_cost: 3865.7956995012873
loss: -371.4361783181174, grad norm: 24936.919921875, clipped: 1.0
epoch: 71, train_batch_id: 50, avg_cost: 4055.4517681771467
loss: -958.5452276064487, grad norm: 35566.0625, clipped: 1.0
epoch: 71, train_batch_id: 100, avg_cost: 3165.3209135112197
loss: -2881.377261885062, grad norm: 29612.322265625, clipped: 1.0
epoch: 71, train_batch_id: 150, avg_cost: 3672.9061314329674
loss: -1064.4887557094803, grad norm: 33885.89453125, clipped: 1.0
Finished epoch 71, took 00:08:17 s
####Saving model and state...
调用validate
Validating...
Validation overall avg_cost: 3839.1942434365237 +- 7.3662217861302235
Evaluating candidate model on evaluation dataset
Epoch 71 candidate mean 3842.3777835590495, baseline epoch 70 mean 3837.1462142530468, difference 5.2315693060027115
Start train epoch 72, lr=0.0001 for run train_raw_100_20260228T011907
Evaluating baseline on dataset...
Training baseline model...
开始train_epoch正式训练，总的 batch 大小: 200
Start training epoch 72...
epoch: 72, train_batch_id: 0, avg_cost: 3906.963797458474
loss: -1622.64648170077, grad norm: 40786.20703125, clipped: 1.0
epoch: 72, train_batch_id: 50, avg_cost: 3959.950392051598
loss: -1544.7022088740646, grad norm: 36105.57421875, clipped: 1.0
epoch: 72, train_batch_id: 100, avg_cost: 3446.1757129649554
loss: 381.22938523531093, grad norm: 39474.30859375, clipped: 1.0
epoch: 72, train_batch_id: 150, avg_cost: 3107.139392879959
loss: -3539.846186431277, grad norm: 38398.921875, clipped: 1.0
Finished epoch 72, took 00:08:13 s
####Saving model and state...
调用validate
Validating...
Validation overall avg_cost: 3839.696996584616 +- 7.403225720967435
Evaluating candidate model on evaluation dataset
Epoch 72 candidate mean 3836.934542758188, baseline epoch 70 mean 3837.1462142530468, difference -0.21167149485881964
p-value: 0.4851662236523707
Start train epoch 73, lr=0.0001 for run train_raw_100_20260228T011907
Evaluating baseline on dataset...
Training baseline model...
开始train_epoch正式训练，总的 batch 大小: 200
Start training epoch 73...
epoch: 73, train_batch_id: 0, avg_cost: 3476.144152529938
loss: -621.3847272309752, grad norm: 46532.91796875, clipped: 1.0
epoch: 73, train_batch_id: 50, avg_cost: 3403.917307492249
loss: 226.05337943948928, grad norm: 37070.640625, clipped: 1.0
epoch: 73, train_batch_id: 100, avg_cost: 3670.8496252269297
loss: -1098.003764621075, grad norm: 38596.83984375, clipped: 1.0
epoch: 73, train_batch_id: 150, avg_cost: 3750.7887176864497
loss: 1960.4368002250867, grad norm: 32065.990234375, clipped: 1.0
Finished epoch 73, took 00:08:22 s
####Saving model and state...
调用validate
Validating...
Validation overall avg_cost: 3835.0314416502497 +- 7.3500038555780005
Evaluating candidate model on evaluation dataset
Epoch 73 candidate mean 3838.8933236030302, baseline epoch 70 mean 3837.1462142530468, difference 1.7471093499834751
Start train epoch 74, lr=0.0001 for run train_raw_100_20260228T011907
Evaluating baseline on dataset...
Training baseline model...
开始train_epoch正式训练，总的 batch 大小: 200
Start training epoch 74...
epoch: 74, train_batch_id: 0, avg_cost: 3500.035756559702
loss: -3605.8536059845555, grad norm: 34446.75390625, clipped: 1.0
epoch: 74, train_batch_id: 50, avg_cost: 3424.13704829168
loss: -562.8149638109544, grad norm: 26604.17578125, clipped: 1.0
epoch: 74, train_batch_id: 100, avg_cost: 3657.7315848081944
loss: -2148.868656422662, grad norm: 38563.91796875, clipped: 1.0
epoch: 74, train_batch_id: 150, avg_cost: 3874.289674020658
loss: 47.41252301320003, grad norm: 34642.11328125, clipped: 1.0
Finished epoch 74, took 00:08:16 s
####Saving model and state...
调用validate
Validating...
Validation overall avg_cost: 3812.4687428765287 +- 7.338539632670258
Evaluating candidate model on evaluation dataset
Epoch 74 candidate mean 3815.144723419587, baseline epoch 70 mean 3837.1462142530468, difference -22.001490833459684
p-value: 5.130718082397475e-05
Update baseline
Evaluating baseline model on evaluation dataset

Start train epoch 75, lr=0.0001 for run train_raw_100_20260228T011907
Evaluating baseline on dataset...
Training baseline model...
开始train_epoch正式训练，总的 batch 大小: 200
Start training epoch 75...
epoch: 75, train_batch_id: 0, avg_cost: 3795.645028228343
loss: -2034.9564925291036, grad norm: 30347.60546875, clipped: 1.0
epoch: 75, train_batch_id: 50, avg_cost: 3571.933780996344
loss: -726.4884259227614, grad norm: 36967.6328125, clipped: 1.0
epoch: 75, train_batch_id: 100, avg_cost: 3671.788139610525
loss: 399.2738665687169, grad norm: 42902.953125, clipped: 1.0
epoch: 75, train_batch_id: 150, avg_cost: 3445.0059476373144
loss: 1469.130303161645, grad norm: 27660.216796875, clipped: 1.0
Finished epoch 75, took 00:07:58 s
####Saving model and state...
调用validate
Validating...
Validation overall avg_cost: 3767.6492073049253 +- 7.183640929939915
Evaluating candidate model on evaluation dataset
Epoch 75 candidate mean 3775.6661308624093, baseline epoch 74 mean 3817.5698534405014, difference -41.90372257809213
p-value: 1.3179589754558224e-15
Update baseline
Evaluating baseline model on evaluation dataset

Start train epoch 76, lr=0.0001 for run train_raw_100_20260228T011907
Evaluating baseline on dataset...
Training baseline model...
开始train_epoch正式训练，总的 batch 大小: 200
Start training epoch 76...
epoch: 76, train_batch_id: 0, avg_cost: 3785.953905845104
loss: -2286.0960818480203, grad norm: 26859.1796875, clipped: 1.0
epoch: 76, train_batch_id: 50, avg_cost: 3711.1897503695036
loss: -3693.4843083795054, grad norm: 36959.83203125, clipped: 1.0
epoch: 76, train_batch_id: 100, avg_cost: 4139.282000335246
loss: -7070.195464355526, grad norm: 37607.60546875, clipped: 1.0
epoch: 76, train_batch_id: 150, avg_cost: 3976.84471024074
loss: -3862.7642709975917, grad norm: 37665.80859375, clipped: 1.0
Finished epoch 76, took 00:08:05 s
####Saving model and state...
调用validate
Validating...
Validation overall avg_cost: 3879.7918707288977 +- 7.735642343024826
Evaluating candidate model on evaluation dataset
Epoch 76 candidate mean 3891.756929281547, baseline epoch 75 mean 3770.221050821504, difference 121.53587846004302
Start train epoch 77, lr=0.0001 for run train_raw_100_20260228T011907
Evaluating baseline on dataset...
Training baseline model...
开始train_epoch正式训练，总的 batch 大小: 200
Start training epoch 77...
epoch: 77, train_batch_id: 0, avg_cost: 3559.6510634437604
loss: -4548.317964571162, grad norm: 42549.9375, clipped: 1.0
epoch: 77, train_batch_id: 50, avg_cost: 3946.1462438011013
loss: -1410.61778682149, grad norm: 39882.4140625, clipped: 1.0
epoch: 77, train_batch_id: 100, avg_cost: 3722.126358546989
loss: -276.1430353173912, grad norm: 29367.84765625, clipped: 1.0
epoch: 77, train_batch_id: 150, avg_cost: 3569.0737345722664
loss: 730.3402511111692, grad norm: 30616.45703125, clipped: 1.0
Finished epoch 77, took 00:08:15 s
####Saving model and state...
调用validate
Validating...
Validation overall avg_cost: 3728.8917809790987 +- 7.166212977279901
Evaluating candidate model on evaluation dataset
Epoch 77 candidate mean 3732.299811602922, baseline epoch 75 mean 3770.221050821504, difference -37.92123921858183
p-value: 8.08684455966272e-12
Update baseline
Evaluating baseline model on evaluation dataset

Start train epoch 78, lr=0.0001 for run train_raw_100_20260228T011907
Evaluating baseline on dataset...
Training baseline model...
开始train_epoch正式训练，总的 batch 大小: 200
Start training epoch 78...
epoch: 78, train_batch_id: 0, avg_cost: 3249.411199666989
loss: -1018.7613839647158, grad norm: 28174.576171875, clipped: 1.0
epoch: 78, train_batch_id: 50, avg_cost: 3348.995489403915
loss: -915.7268053550857, grad norm: 23269.69921875, clipped: 1.0
epoch: 78, train_batch_id: 100, avg_cost: 3035.6491827634554
loss: -2514.290540338333, grad norm: 30645.529296875, clipped: 1.0
epoch: 78, train_batch_id: 150, avg_cost: 3961.5085657771506
loss: -18171.455896360574, grad norm: 60288.27734375, clipped: 1.0
Finished epoch 78, took 00:08:26 s
####Saving model and state...
调用validate
Validating...
Validation overall avg_cost: 4696.139939553844 +- 8.440900087441705
Evaluating candidate model on evaluation dataset
Epoch 78 candidate mean 4703.677862775969, baseline epoch 77 mean 3727.318007031198, difference 976.3598557447708
Start train epoch 79, lr=0.0001 for run train_raw_100_20260228T011907
Evaluating baseline on dataset...
Training baseline model...
开始train_epoch正式训练，总的 batch 大小: 200
Start training epoch 79...
epoch: 79, train_batch_id: 0, avg_cost: 3964.759272303063
loss: -41381.572685552994, grad norm: 129120.078125, clipped: 1.0
epoch: 79, train_batch_id: 50, avg_cost: 4565.359565709636
loss: -53277.29853080157, grad norm: 184856.84375, clipped: 1.0
epoch: 79, train_batch_id: 100, avg_cost: 3642.2407915227477
loss: -10087.59075218938, grad norm: 57761.1015625, clipped: 1.0
epoch: 79, train_batch_id: 150, avg_cost: 3610.898977576342
loss: -20825.562403391166, grad norm: 93838.46875, clipped: 1.0
Finished epoch 79, took 00:08:39 s
####Saving model and state...
调用validate
Validating...
Validation overall avg_cost: 3835.7678203407536 +- 7.6782567852778
Evaluating candidate model on evaluation dataset
Epoch 79 candidate mean 3852.0418027748524, baseline epoch 77 mean 3727.318007031198, difference 124.72379574365459
Start train epoch 80, lr=0.0001 for run train_raw_100_20260228T011907
Evaluating baseline on dataset...
Training baseline model...
开始train_epoch正式训练，总的 batch 大小: 200
Start training epoch 80...
epoch: 80, train_batch_id: 0, avg_cost: 3542.833349349195
loss: -7736.8720947912, grad norm: 33358.125, clipped: 1.0
epoch: 80, train_batch_id: 50, avg_cost: 3759.008033755784
loss: -7238.434879360619, grad norm: 44357.75, clipped: 1.0
epoch: 80, train_batch_id: 100, avg_cost: 3332.6662245550633
loss: -5141.4042474115995, grad norm: 31208.638671875, clipped: 1.0
epoch: 80, train_batch_id: 150, avg_cost: 3636.6779277447617
loss: -748.3941026256265, grad norm: 27997.7890625, clipped: 1.0
Finished epoch 80, took 00:08:25 s
####Saving model and state...
调用validate
Validating...
Validation overall avg_cost: 3770.610972517132 +- 7.359149107544816
Evaluating candidate model on evaluation dataset
Epoch 80 candidate mean 3768.0449212812, baseline epoch 77 mean 3727.318007031198, difference 40.72691425000221
Start train epoch 81, lr=0.0001 for run train_raw_100_20260228T011907
Evaluating baseline on dataset...
Training baseline model...
开始train_epoch正式训练，总的 batch 大小: 200
Start training epoch 81...
epoch: 81, train_batch_id: 0, avg_cost: 3576.1802254623085
loss: -1915.0724155271853, grad norm: 33468.7109375, clipped: 1.0
epoch: 81, train_batch_id: 50, avg_cost: 3705.8103815803915
loss: -5540.52747032031, grad norm: 42637.33984375, clipped: 1.0
epoch: 81, train_batch_id: 100, avg_cost: 3844.3201211294927
loss: -2210.426943119234, grad norm: 28059.67578125, clipped: 1.0
epoch: 81, train_batch_id: 150, avg_cost: 3754.4554505473952
loss: -1409.9396730851108, grad norm: 29838.80078125, clipped: 1.0
Finished epoch 81, took 00:08:27 s
####Saving model and state...
调用validate
Validating...
Validation overall avg_cost: 3742.2774096098965 +- 7.171591561235536
Evaluating candidate model on evaluation dataset
Epoch 81 candidate mean 3744.748314390925, baseline epoch 77 mean 3727.318007031198, difference 17.430307359727067
Start train epoch 82, lr=0.0001 for run train_raw_100_20260228T011907
Evaluating baseline on dataset...
Training baseline model...
开始train_epoch正式训练，总的 batch 大小: 200
Start training epoch 82...
epoch: 82, train_batch_id: 0, avg_cost: 3213.6041287493713
loss: 211.2358104209806, grad norm: 23793.115234375, clipped: 1.0
epoch: 82, train_batch_id: 50, avg_cost: 3573.97796644116
loss: -3480.292948744969, grad norm: 33811.44140625, clipped: 1.0
epoch: 82, train_batch_id: 100, avg_cost: 3218.3775839307536
loss: -2488.5715458129753, grad norm: 35548.953125, clipped: 1.0
epoch: 82, train_batch_id: 150, avg_cost: 3680.8843082491126
loss: -2793.720142181693, grad norm: 35718.73046875, clipped: 1.0
Finished epoch 82, took 00:08:34 s
####Saving model and state...
调用validate
Validating...
Validation overall avg_cost: 3785.9507651285535 +- 7.4985249239657
Evaluating candidate model on evaluation dataset
Epoch 82 candidate mean 3789.221701454419, baseline epoch 77 mean 3727.318007031198, difference 61.90369442322117
Start train epoch 83, lr=0.0001 for run train_raw_100_20260228T011907
Evaluating baseline on dataset...
Training baseline model...
开始train_epoch正式训练，总的 batch 大小: 200
Start training epoch 83...
epoch: 83, train_batch_id: 0, avg_cost: 4134.7319101420835
loss: -7415.761801741579, grad norm: 41030.48828125, clipped: 1.0
epoch: 83, train_batch_id: 50, avg_cost: 3645.396995232785
loss: -5721.1972780536125, grad norm: 44634.4765625, clipped: 1.0
epoch: 83, train_batch_id: 100, avg_cost: 3667.4678796385015
loss: -3888.185904703038, grad norm: 30058.71875, clipped: 1.0
epoch: 83, train_batch_id: 150, avg_cost: 3438.206292626385
loss: 1490.1643093213597, grad norm: 25107.724609375, clipped: 1.0
Finished epoch 83, took 00:08:16 s
####Saving model and state...
调用validate
Validating...
Validation overall avg_cost: 3694.2231485047673 +- 7.0392671329395595
Evaluating candidate model on evaluation dataset
Epoch 83 candidate mean 3702.8781398406654, baseline epoch 77 mean 3727.318007031198, difference -24.439867190532368
p-value: 1.72542830877098e-05
Update baseline
Evaluating baseline model on evaluation dataset

Start train epoch 84, lr=0.0001 for run train_raw_100_20260228T011907
Evaluating baseline on dataset...
Training baseline model...
开始train_epoch正式训练，总的 batch 大小: 200
Start training epoch 84...
epoch: 84, train_batch_id: 0, avg_cost: 3552.2603035062766
loss: -1414.7663376327068, grad norm: 20913.91015625, clipped: 1.0
epoch: 84, train_batch_id: 50, avg_cost: 3147.274609616345
loss: -2087.1543759342894, grad norm: 24338.8828125, clipped: 1.0
epoch: 84, train_batch_id: 100, avg_cost: 3484.8404951535927
loss: -2135.4190817078556, grad norm: 22618.3046875, clipped: 1.0
epoch: 84, train_batch_id: 150, avg_cost: 3591.3706508831847
loss: -403.7842837558754, grad norm: 25200.23828125, clipped: 1.0
Finished epoch 84, took 00:08:19 s
####Saving model and state...
调用validate
Validating...
Validation overall avg_cost: 3736.4031240440904 +- 7.475545303770593
Evaluating candidate model on evaluation dataset
Epoch 84 candidate mean 3753.285078474973, baseline epoch 83 mean 3719.8332016982, difference 33.45187677677313
Start train epoch 85, lr=0.0001 for run train_raw_100_20260228T011907
Evaluating baseline on dataset...
Training baseline model...
开始train_epoch正式训练，总的 batch 大小: 200
Start training epoch 85...
epoch: 85, train_batch_id: 0, avg_cost: 3658.2683821143482
loss: -884.0792170545253, grad norm: 28463.138671875, clipped: 1.0
epoch: 85, train_batch_id: 50, avg_cost: 3745.3359665162184
loss: -3707.658299264347, grad norm: 26245.58203125, clipped: 1.0
epoch: 85, train_batch_id: 100, avg_cost: 3573.2424642177953
loss: -168.51023856610493, grad norm: 27876.45703125, clipped: 1.0
epoch: 85, train_batch_id: 150, avg_cost: 3707.6596864016865
loss: -3722.866676342876, grad norm: 29301.443359375, clipped: 1.0
Finished epoch 85, took 00:08:14 s
####Saving model and state...
调用validate
Validating...
Validation overall avg_cost: 3654.299811009899 +- 7.072157403243198
Evaluating candidate model on evaluation dataset
Epoch 85 candidate mean 3656.5214110433026, baseline epoch 83 mean 3719.8332016982, difference -63.31179065489732
p-value: 1.073598143491805e-28
Update baseline
Evaluating baseline model on evaluation dataset

Start train epoch 86, lr=0.0001 for run train_raw_100_20260228T011907
Evaluating baseline on dataset...
Training baseline model...
开始train_epoch正式训练，总的 batch 大小: 200
Start training epoch 86...
epoch: 86, train_batch_id: 0, avg_cost: 3307.899647228906
loss: -1237.6247583342133, grad norm: 21365.037109375, clipped: 1.0
epoch: 86, train_batch_id: 50, avg_cost: 3800.593960378616
loss: -2829.8879688967772, grad norm: 33809.56640625, clipped: 1.0
epoch: 86, train_batch_id: 100, avg_cost: 3796.437552911635
loss: -2988.9335431774825, grad norm: 32071.83203125, clipped: 1.0
epoch: 86, train_batch_id: 150, avg_cost: 3591.5571582541115
loss: -1836.8371274300991, grad norm: 36495.37890625, clipped: 1.0
Finished epoch 86, took 00:08:22 s
####Saving model and state...
调用validate
Validating...
Validation overall avg_cost: 3722.2570861637396 +- 7.263491479322456
Evaluating candidate model on evaluation dataset
Epoch 86 candidate mean 3717.316218642158, baseline epoch 85 mean 3647.9144104654124, difference 69.40180817674582
Start train epoch 87, lr=0.0001 for run train_raw_100_20260228T011907
Evaluating baseline on dataset...
Training baseline model...
开始train_epoch正式训练，总的 batch 大小: 200
Start training epoch 87...
epoch: 87, train_batch_id: 0, avg_cost: 3649.4796815374048
loss: -4881.564393074556, grad norm: 43087.921875, clipped: 1.0
epoch: 87, train_batch_id: 50, avg_cost: 3782.6470560900207
loss: -2858.9953413795693, grad norm: 37608.2421875, clipped: 1.0
epoch: 87, train_batch_id: 100, avg_cost: 3790.454755760915
loss: -5075.290291792035, grad norm: 42466.14453125, clipped: 1.0
epoch: 87, train_batch_id: 150, avg_cost: 3685.2061953656284
loss: -4029.407207506012, grad norm: 29472.400390625, clipped: 1.0
Finished epoch 87, took 00:08:10 s
####Saving model and state...
调用validate
Validating...
Validation overall avg_cost: 3645.9069847371366 +- 7.1182808570209835
Evaluating candidate model on evaluation dataset
Epoch 87 candidate mean 3639.749815236816, baseline epoch 85 mean 3647.9144104654124, difference -8.164595228596227
p-value: 0.07708888738033233
Start train epoch 88, lr=0.0001 for run train_raw_100_20260228T011907
Evaluating baseline on dataset...
Training baseline model...
开始train_epoch正式训练，总的 batch 大小: 200
Start training epoch 88...
epoch: 88, train_batch_id: 0, avg_cost: 3737.361440552864
loss: -35.51612827279416, grad norm: 35229.52734375, clipped: 1.0
epoch: 88, train_batch_id: 50, avg_cost: 3306.297304246834
loss: -334.6958180915622, grad norm: 36765.89453125, clipped: 1.0
epoch: 88, train_batch_id: 100, avg_cost: 3314.037704500506
loss: -257.4962739034587, grad norm: 28031.787109375, clipped: 1.0
epoch: 88, train_batch_id: 150, avg_cost: 3743.6688860666954
loss: -1954.31222392154, grad norm: 33172.36328125, clipped: 1.0
Finished epoch 88, took 00:08:14 s
####Saving model and state...
调用validate
Validating...
Validation overall avg_cost: 3588.0694649052134 +- 7.031663680788664
Evaluating candidate model on evaluation dataset
Epoch 88 candidate mean 3593.4287528510395, baseline epoch 85 mean 3647.9144104654124, difference -54.48565761437294
p-value: 5.496024444943226e-20
Update baseline
Evaluating baseline model on evaluation dataset

Start train epoch 89, lr=0.0001 for run train_raw_100_20260228T011907
Evaluating baseline on dataset...
Training baseline model...
开始train_epoch正式训练，总的 batch 大小: 200
Start training epoch 89...
epoch: 89, train_batch_id: 0, avg_cost: 3444.392271267673
loss: -682.9515504414478, grad norm: 18161.890625, clipped: 1.0
epoch: 89, train_batch_id: 50, avg_cost: 3407.925050246102
loss: -1318.8353596752702, grad norm: 25614.521484375, clipped: 1.0
epoch: 89, train_batch_id: 100, avg_cost: 3346.135145402445
loss: 559.441239938694, grad norm: 23503.6875, clipped: 1.0
epoch: 89, train_batch_id: 150, avg_cost: 3259.6821993787435
loss: -810.6411737539311, grad norm: 26501.576171875, clipped: 1.0
Finished epoch 89, took 00:08:12 s
####Saving model and state...
调用validate
Validating...
Validation overall avg_cost: 3555.1560641515043 +- 7.164968281977221
Evaluating candidate model on evaluation dataset
Epoch 89 candidate mean 3562.636844359369, baseline epoch 88 mean 3592.1946127686906, difference -29.557768409321397
p-value: 1.2051367402203377e-08
Update baseline
Evaluating baseline model on evaluation dataset

Start train epoch 90, lr=0.0001 for run train_raw_100_20260228T011907
Evaluating baseline on dataset...
Training baseline model...
开始train_epoch正式训练，总的 batch 大小: 200
Start training epoch 90...
epoch: 90, train_batch_id: 0, avg_cost: 3520.7040847685093
loss: -228.8409921765611, grad norm: 19185.9453125, clipped: 1.0
epoch: 90, train_batch_id: 50, avg_cost: 3354.064786335677
loss: -378.0615020976227, grad norm: 22643.625, clipped: 1.0
epoch: 90, train_batch_id: 100, avg_cost: 3624.553683309403
loss: -1391.8902479429769, grad norm: 28465.736328125, clipped: 1.0
epoch: 90, train_batch_id: 150, avg_cost: 3450.2083768246484
loss: -248.3806668460297, grad norm: 36613.2890625, clipped: 1.0
Finished epoch 90, took 00:08:07 s
####Saving model and state...
调用validate
Validating...
Validation overall avg_cost: 3520.34684597049 +- 6.971139490782573
Evaluating candidate model on evaluation dataset
Epoch 90 candidate mean 3514.6311657192045, baseline epoch 89 mean 3551.7710519438306, difference -37.139886224626025
p-value: 1.975069663212913e-12
Update baseline
Evaluating baseline model on evaluation dataset

Start train epoch 91, lr=0.0001 for run train_raw_100_20260228T011907
Evaluating baseline on dataset...
Training baseline model...
开始train_epoch正式训练，总的 batch 大小: 200
Start training epoch 91...
epoch: 91, train_batch_id: 0, avg_cost: 3496.987251800566
loss: -512.4894626130074, grad norm: 20609.8671875, clipped: 1.0
epoch: 91, train_batch_id: 50, avg_cost: 3304.1903411773337
loss: 645.5227331691583, grad norm: 30683.0625, clipped: 1.0
epoch: 91, train_batch_id: 100, avg_cost: 3781.7622656755993
loss: 509.2704514355362, grad norm: 35718.40625, clipped: 1.0
epoch: 91, train_batch_id: 150, avg_cost: 3495.0897376993344
loss: 1550.6536302352545, grad norm: 36104.3671875, clipped: 1.0
Finished epoch 91, took 00:07:51 s
####Saving model and state...
调用validate
Validating...
Validation overall avg_cost: 3441.743274199593 +- 6.676516605835746
Evaluating candidate model on evaluation dataset
Epoch 91 candidate mean 3443.4409071724403, baseline epoch 90 mean 3523.5057678434737, difference -80.06486067103333
p-value: 2.0144042916621047e-44
Update baseline
Evaluating baseline model on evaluation dataset

Start train epoch 92, lr=0.0001 for run train_raw_100_20260228T011907
Evaluating baseline on dataset...
Training baseline model...
开始train_epoch正式训练，总的 batch 大小: 200
Start training epoch 92...
epoch: 92, train_batch_id: 0, avg_cost: 3069.2140228288827
loss: -2263.2975078463896, grad norm: 27356.984375, clipped: 1.0
epoch: 92, train_batch_id: 50, avg_cost: 3101.583118797003
loss: -164.11134631222944, grad norm: 30611.05859375, clipped: 1.0
epoch: 92, train_batch_id: 100, avg_cost: 3900.1795494720063
loss: -12467.931960181733, grad norm: 96832.5625, clipped: 1.0
epoch: 92, train_batch_id: 150, avg_cost: 3339.0912511551487
loss: -2809.6677787828944, grad norm: 31033.24609375, clipped: 1.0
Finished epoch 92, took 00:08:09 s
####Saving model and state...
调用validate
Validating...
Validation overall avg_cost: 3503.2436054224545 +- 6.9036276812411375
Evaluating candidate model on evaluation dataset
Epoch 92 candidate mean 3485.501351016081, baseline epoch 91 mean 3427.7486288160485, difference 57.75272220003262
Start train epoch 93, lr=0.0001 for run train_raw_100_20260228T011907
Evaluating baseline on dataset...
Training baseline model...
开始train_epoch正式训练，总的 batch 大小: 200
Start training epoch 93...
epoch: 93, train_batch_id: 0, avg_cost: 3465.2586668954254
loss: -2691.866972878919, grad norm: 35468.81640625, clipped: 1.0
epoch: 93, train_batch_id: 50, avg_cost: 3878.9901662323705
loss: -5642.1150435110685, grad norm: 45092.203125, clipped: 1.0
epoch: 93, train_batch_id: 100, avg_cost: 3559.2425460202203
loss: -12609.699357273228, grad norm: 77080.921875, clipped: 1.0
epoch: 93, train_batch_id: 150, avg_cost: 3513.6164285165105
loss: -3868.638385311221, grad norm: 50373.26953125, clipped: 1.0
Finished epoch 93, took 00:07:43 s
####Saving model and state...
调用validate
Validating...
Validation overall avg_cost: 3414.698478178231 +- 6.755273333314525
Evaluating candidate model on evaluation dataset
Epoch 93 candidate mean 3406.2336065362383, baseline epoch 91 mean 3427.7486288160485, difference -21.515022279810182
p-value: 2.3272919486645898e-05
Update baseline
Evaluating baseline model on evaluation dataset

Start train epoch 94, lr=0.0001 for run train_raw_100_20260228T011907
Evaluating baseline on dataset...
Training baseline model...
开始train_epoch正式训练，总的 batch 大小: 200
Start training epoch 94...
epoch: 94, train_batch_id: 0, avg_cost: 2991.387731276114
loss: -1608.783235373654, grad norm: 26111.240234375, clipped: 1.0
epoch: 94, train_batch_id: 50, avg_cost: 3296.9679647473986
loss: -493.5013118740576, grad norm: 29600.431640625, clipped: 1.0
epoch: 94, train_batch_id: 100, avg_cost: 3563.3826997682213
loss: -381.0688594256976, grad norm: 36788.078125, clipped: 1.0
epoch: 94, train_batch_id: 150, avg_cost: 3309.0323839191624
loss: -2387.9764827383683, grad norm: 33225.87109375, clipped: 1.0
Finished epoch 94, took 00:07:24 s
####Saving model and state...
调用validate
Validating...
Validation overall avg_cost: 3481.908278209191 +- 6.848171315780012
Evaluating candidate model on evaluation dataset
Epoch 94 candidate mean 3468.0837428612513, baseline epoch 93 mean 3393.7801656279153, difference 74.303577233336
Start train epoch 95, lr=0.0001 for run train_raw_100_20260228T011907
Evaluating baseline on dataset...
Training baseline model...
开始train_epoch正式训练，总的 batch 大小: 200
Start training epoch 95...
epoch: 95, train_batch_id: 0, avg_cost: 3156.7634749875824
loss: -6812.919983450506, grad norm: 48189.4609375, clipped: 1.0
epoch: 95, train_batch_id: 50, avg_cost: 3725.547535204833
loss: -19358.42347219827, grad norm: 135342.046875, clipped: 1.0
epoch: 95, train_batch_id: 100, avg_cost: 3826.2612551070624
loss: -3824.254949410299, grad norm: 53013.56640625, clipped: 1.0
epoch: 95, train_batch_id: 150, avg_cost: 3476.2986990325116
loss: 340.57535508105843, grad norm: 32112.087890625, clipped: 1.0
Finished epoch 95, took 00:07:35 s
####Saving model and state...
调用validate
Validating...
Validation overall avg_cost: 3421.273594551325 +- 6.520824635518155
Evaluating candidate model on evaluation dataset
Epoch 95 candidate mean 3404.645601361139, baseline epoch 93 mean 3393.7801656279153, difference 10.865435733223876
Start train epoch 96, lr=0.0001 for run train_raw_100_20260228T011907
Evaluating baseline on dataset...
Training baseline model...
开始train_epoch正式训练，总的 batch 大小: 200
Start training epoch 96...
epoch: 96, train_batch_id: 0, avg_cost: 3505.8262261205914
loss: -1945.2187330099127, grad norm: 28134.5390625, clipped: 1.0
epoch: 96, train_batch_id: 50, avg_cost: 3367.6805797809466
loss: -1418.4545285405065, grad norm: 34388.4375, clipped: 1.0
epoch: 96, train_batch_id: 100, avg_cost: 3168.0254949740356
loss: -1082.008818223053, grad norm: 28024.37890625, clipped: 1.0
epoch: 96, train_batch_id: 150, avg_cost: 3426.879209370783
loss: -8776.40710867643, grad norm: 63921.12890625, clipped: 1.0
Finished epoch 96, took 00:07:55 s
####Saving model and state...
调用validate
Validating...
Validation overall avg_cost: 3428.276659637391 +- 6.514780131029078
Evaluating candidate model on evaluation dataset
Epoch 96 candidate mean 3410.62112800164, baseline epoch 93 mean 3393.7801656279153, difference 16.84096237372478
Start train epoch 97, lr=0.0001 for run train_raw_100_20260228T011907
Evaluating baseline on dataset...
Training baseline model...
开始train_epoch正式训练，总的 batch 大小: 200
Start training epoch 97...
epoch: 97, train_batch_id: 0, avg_cost: 3326.2591651544144
loss: -2223.6224229353074, grad norm: 43348.734375, clipped: 1.0
epoch: 97, train_batch_id: 50, avg_cost: 3334.345266337792
loss: -1155.5811725330088, grad norm: 45600.34375, clipped: 1.0
epoch: 97, train_batch_id: 100, avg_cost: 3213.851230353833
loss: -1457.4487816369392, grad norm: 36243.671875, clipped: 1.0
epoch: 97, train_batch_id: 150, avg_cost: 3333.09619897711
loss: -1603.8644502728212, grad norm: 39976.1875, clipped: 1.0
Finished epoch 97, took 00:07:45 s
####Saving model and state...
调用validate
Validating...
Validation overall avg_cost: 3417.6715764297387 +- 6.619811549832422
Evaluating candidate model on evaluation dataset
Epoch 97 candidate mean 3401.7288541018916, baseline epoch 93 mean 3393.7801656279153, difference 7.94868847397629
Start train epoch 98, lr=0.0001 for run train_raw_100_20260228T011907
Evaluating baseline on dataset...
Training baseline model...
开始train_epoch正式训练，总的 batch 大小: 200
Start training epoch 98...
epoch: 98, train_batch_id: 0, avg_cost: 3487.195286049717
loss: 279.3988536143247, grad norm: 41844.48828125, clipped: 1.0
epoch: 98, train_batch_id: 50, avg_cost: 3283.4531034124575
loss: -2993.727902577536, grad norm: 40191.01953125, clipped: 1.0
epoch: 98, train_batch_id: 100, avg_cost: 3493.8523566183953
loss: -610.5189703963671, grad norm: 27815.16796875, clipped: 1.0
epoch: 98, train_batch_id: 150, avg_cost: 2919.676741176084
loss: -1035.7581426273032, grad norm: 32689.54296875, clipped: 1.0
Finished epoch 98, took 00:07:53 s
####Saving model and state...
调用validate
Validating...
Validation overall avg_cost: 3390.1610884154425 +- 6.31320286526128
Evaluating candidate model on evaluation dataset
Epoch 98 candidate mean 3380.9034450616796, baseline epoch 93 mean 3393.7801656279153, difference -12.87672056623569
p-value: 0.01181870710490329
Update baseline
Evaluating baseline model on evaluation dataset

Start train epoch 99, lr=0.0001 for run train_raw_100_20260228T011907
Evaluating baseline on dataset...
Training baseline model...
开始train_epoch正式训练，总的 batch 大小: 200
Start training epoch 99...
epoch: 99, train_batch_id: 0, avg_cost: 3822.099570480257
loss: -4400.028983056924, grad norm: 38895.82421875, clipped: 1.0
epoch: 99, train_batch_id: 50, avg_cost: 3075.740160381678
loss: 85.6008346063727, grad norm: 32693.265625, clipped: 1.0
epoch: 99, train_batch_id: 100, avg_cost: 3602.121596125317
loss: 921.0984005390335, grad norm: 33968.85546875, clipped: 1.0
epoch: 99, train_batch_id: 150, avg_cost: 3402.1347776435896
loss: -397.15722397294735, grad norm: 24195.849609375, clipped: 1.0
Finished epoch 99, took 00:08:02 s
####Saving model and state...
调用validate
Validating...
Validation overall avg_cost: 3327.0347224421353 +- 6.353377208138486
Evaluating candidate model on evaluation dataset
Epoch 99 candidate mean 3327.159297447915, baseline epoch 98 mean 3382.7994229103024, difference -55.64012546238746
p-value: 6.870705258340518e-23
Update baseline
Evaluating baseline model on evaluation dataset

