CUDA status: use_cuda=True, device_count=1
{'baseline': 'rollout',
 'batch_size': 64,
 'bl_alpha': 0.05,
 'bl_warmup_epochs': 0,
 'checkpoint_encoder': False,
 'checkpoint_epochs': 1,
 'data_distribution': None,
 'embedding_dim': 128,
 'epoch_size': 12800,
 'epoch_start': 0,
 'eval_batch_size': 1000,
 'eval_only': False,
 'exp_beta': 0.8,
 'fine_tune': False,
 'graph_size': 50,
 'hidden_dim': 128,
 'load_path': None,
 'log_dir': 'logs',
 'log_stdout': True,
 'log_step': 50,
 'lr_critic': 0.0001,
 'lr_decay': 1.0,
 'lr_model': 0.0001,
 'max_grad_norm': 1.0,
 'model': 'attention',
 'n_encode_layers': 3,
 'n_epochs': 100,
 'no_cuda': False,
 'no_progress_bar': True,
 'no_tensorboard': True,
 'normalization': 'batch',
 'optimizer': 'Adam',
 'output_dir': 'outputs',
 'problem': 'agh',
 'resume': None,
 'rnn_time': False,
 'run_name': 'train_raw_50_20260228T011907',
 'save_dir': 'outputs/agh_50/train_raw_50_20260228T011907',
 'seed': 123456,
 'shrink_size': None,
 'tanh_clipping': 10.0,
 'use_cuda': True,
 'val_dataset': None,
 'val_size': 1000,
 'wo_time': False}
调用AttentionModel
加载 rollout baseline
Evaluating baseline model on evaluation dataset

Training
Start train epoch 0, lr=0.0001 for run train_raw_50_20260228T011907
Evaluating baseline on dataset...
Training baseline model...
开始train_epoch正式训练，总的 batch 大小: 200
Start training epoch 0...
epoch: 0, train_batch_id: 0, avg_cost: 2402.598571151301
loss: -526.9745009571419, grad norm: 29921.521484375, clipped: 1.0
epoch: 0, train_batch_id: 50, avg_cost: 2174.441714931874
loss: 3014.5199672495846, grad norm: 27538.830078125, clipped: 1.0
epoch: 0, train_batch_id: 100, avg_cost: 2275.0226180428936
loss: 3124.1512652491274, grad norm: 33596.265625, clipped: 1.0
epoch: 0, train_batch_id: 150, avg_cost: 2288.2777896694856
loss: 3503.5794779474027, grad norm: 31707.91015625, clipped: 1.0
Finished epoch 0, took 00:04:23 s
####Saving model and state...
调用validate
Validating...
Validation overall avg_cost: 2240.184050277303 +- 5.795116431513698
Evaluating candidate model on evaluation dataset
Epoch 0 candidate mean 2244.949399499779, baseline epoch 0 mean 2244.4573485445862, difference 0.4920509551925534
Start train epoch 1, lr=0.0001 for run train_raw_50_20260228T011907
Evaluating baseline on dataset...
Training baseline model...
开始train_epoch正式训练，总的 batch 大小: 200
Start training epoch 1...
epoch: 1, train_batch_id: 0, avg_cost: 1698.5220260055498
loss: 4432.9231128140655, grad norm: 31315.373046875, clipped: 1.0
epoch: 1, train_batch_id: 50, avg_cost: 2124.47162257569
loss: 5027.714108190784, grad norm: 28420.79296875, clipped: 1.0
epoch: 1, train_batch_id: 100, avg_cost: 2196.115752014426
loss: 4398.1992456296475, grad norm: 32817.26171875, clipped: 1.0
epoch: 1, train_batch_id: 150, avg_cost: 2088.1539491192243
loss: 5454.957298913943, grad norm: 37761.21875, clipped: 1.0
Finished epoch 1, took 00:04:34 s
####Saving model and state...
调用validate
Validating...
Validation overall avg_cost: 2232.978177054603 +- 5.684166812633043
Evaluating candidate model on evaluation dataset
Epoch 1 candidate mean 2235.67464620146, baseline epoch 0 mean 2244.4573485445862, difference -8.782702343126402
p-value: 0.009988841784303686
Update baseline
Evaluating baseline model on evaluation dataset

Start train epoch 2, lr=0.0001 for run train_raw_50_20260228T011907
Evaluating baseline on dataset...
Training baseline model...
开始train_epoch正式训练，总的 batch 大小: 200
Start training epoch 2...
epoch: 2, train_batch_id: 0, avg_cost: 2181.9798096930836
loss: -410.6627677501074, grad norm: 16252.54296875, clipped: 1.0
epoch: 2, train_batch_id: 50, avg_cost: 2113.252849447038
loss: -1394.1187928443767, grad norm: 23581.068359375, clipped: 1.0
epoch: 2, train_batch_id: 100, avg_cost: 2118.849174844887
loss: -282.3198226144686, grad norm: 17852.384765625, clipped: 1.0
epoch: 2, train_batch_id: 150, avg_cost: 2163.816455265571
loss: -108.03451703464992, grad norm: 20440.77734375, clipped: 1.0
Finished epoch 2, took 00:04:56 s
####Saving model and state...
调用validate
Validating...
Validation overall avg_cost: 2220.8878202543974 +- 5.680393728148343
Evaluating candidate model on evaluation dataset
Epoch 2 candidate mean 2221.533629267299, baseline epoch 1 mean 2235.600825319577, difference -14.067196052277723
p-value: 1.3327906136156604e-05
Update baseline
Evaluating baseline model on evaluation dataset

Start train epoch 3, lr=0.0001 for run train_raw_50_20260228T011907
Evaluating baseline on dataset...
Training baseline model...
开始train_epoch正式训练，总的 batch 大小: 200
Start training epoch 3...
epoch: 3, train_batch_id: 0, avg_cost: 2123.4900314945535
loss: 15.85764403207557, grad norm: 18142.01171875, clipped: 1.0
epoch: 3, train_batch_id: 50, avg_cost: 2064.609523808982
loss: -44.40554912874589, grad norm: 16320.009765625, clipped: 1.0
epoch: 3, train_batch_id: 100, avg_cost: 2156.859645996744
loss: 237.1486809591729, grad norm: 19041.39453125, clipped: 1.0
epoch: 3, train_batch_id: 150, avg_cost: 2036.4640727845003
loss: -1975.3692657048853, grad norm: 21262.525390625, clipped: 1.0
Finished epoch 3, took 00:05:00 s
####Saving model and state...
调用validate
Validating...
Validation overall avg_cost: 2209.9329844216836 +- 5.821997174679269
Evaluating candidate model on evaluation dataset
Epoch 3 candidate mean 2201.902569002756, baseline epoch 2 mean 2215.4073584976995, difference -13.504789494943452
p-value: 3.832934031576082e-05
Update baseline
Evaluating baseline model on evaluation dataset

Start train epoch 4, lr=0.0001 for run train_raw_50_20260228T011907
Evaluating baseline on dataset...
Training baseline model...
开始train_epoch正式训练，总的 batch 大小: 200
Start training epoch 4...
epoch: 4, train_batch_id: 0, avg_cost: 1920.023552429602
loss: -472.71576560484226, grad norm: 17018.4453125, clipped: 1.0
epoch: 4, train_batch_id: 50, avg_cost: 1963.912050448977
loss: -504.74677764224646, grad norm: 15472.8310546875, clipped: 1.0
epoch: 4, train_batch_id: 100, avg_cost: 1868.7486166639214
loss: -592.9840102545152, grad norm: 17600.642578125, clipped: 1.0
epoch: 4, train_batch_id: 150, avg_cost: 2193.8098374974147
loss: 720.7282971665085, grad norm: 20182.79296875, clipped: 1.0
Finished epoch 4, took 00:04:59 s
####Saving model and state...
调用validate
Validating...
Validation overall avg_cost: 2186.7284575039807 +- 5.625406531311737
Evaluating candidate model on evaluation dataset
Epoch 4 candidate mean 2182.3815958836317, baseline epoch 3 mean 2206.477240309472, difference -24.09564442584042
p-value: 2.3227222865204173e-13
Update baseline
Evaluating baseline model on evaluation dataset

Start train epoch 5, lr=0.0001 for run train_raw_50_20260228T011907
Evaluating baseline on dataset...
Training baseline model...
开始train_epoch正式训练，总的 batch 大小: 200
Start training epoch 5...
epoch: 5, train_batch_id: 0, avg_cost: 2003.155899147399
loss: -633.9654283524726, grad norm: 19080.78125, clipped: 1.0
epoch: 5, train_batch_id: 50, avg_cost: 2118.605291470286
loss: -722.6811937148989, grad norm: 16821.134765625, clipped: 1.0
epoch: 5, train_batch_id: 100, avg_cost: 2120.8934260173555
loss: 101.42097579773952, grad norm: 19416.927734375, clipped: 1.0
epoch: 5, train_batch_id: 150, avg_cost: 2313.381537411974
loss: -1327.7664580075239, grad norm: 29809.27734375, clipped: 1.0
Finished epoch 5, took 00:04:56 s
####Saving model and state...
调用validate
Validating...
Validation overall avg_cost: 2184.6742282146083 +- 5.6144316356933315
Evaluating candidate model on evaluation dataset
Epoch 5 candidate mean 2186.8639869275785, baseline epoch 4 mean 2192.137739485886, difference -5.2737525583074785
p-value: 0.06981570143531847
Start train epoch 6, lr=0.0001 for run train_raw_50_20260228T011907
Evaluating baseline on dataset...
Training baseline model...
开始train_epoch正式训练，总的 batch 大小: 200
Start training epoch 6...
epoch: 6, train_batch_id: 0, avg_cost: 2052.1090350259738
loss: 462.85747793226795, grad norm: 21845.9609375, clipped: 1.0
epoch: 6, train_batch_id: 50, avg_cost: 1907.2189696853418
loss: 436.36754526593154, grad norm: 19811.73046875, clipped: 1.0
epoch: 6, train_batch_id: 100, avg_cost: 1969.9408861057086
loss: 839.2198138670833, grad norm: 19199.673828125, clipped: 1.0
epoch: 6, train_batch_id: 150, avg_cost: 1988.9371650838473
loss: 807.9071403475325, grad norm: 24524.822265625, clipped: 1.0
Finished epoch 6, took 00:04:55 s
####Saving model and state...
调用validate
Validating...
Validation overall avg_cost: 2172.253369571575 +- 5.720326506046306
Evaluating candidate model on evaluation dataset
Epoch 6 candidate mean 2171.7164662845216, baseline epoch 4 mean 2192.137739485886, difference -20.42127320136433
p-value: 6.857075987633632e-09
Update baseline
Evaluating baseline model on evaluation dataset

Start train epoch 7, lr=0.0001 for run train_raw_50_20260228T011907
Evaluating baseline on dataset...
Training baseline model...
开始train_epoch正式训练，总的 batch 大小: 200
Start training epoch 7...
epoch: 7, train_batch_id: 0, avg_cost: 1870.9833582410943
loss: -670.065535741413, grad norm: 21589.83984375, clipped: 1.0
epoch: 7, train_batch_id: 50, avg_cost: 2148.188227239772
loss: -486.0672770087242, grad norm: 21799.740234375, clipped: 1.0
epoch: 7, train_batch_id: 100, avg_cost: 2273.171298939463
loss: -648.054270838418, grad norm: 21960.703125, clipped: 1.0
epoch: 7, train_batch_id: 150, avg_cost: 2238.1354730041257
loss: -341.051049045078, grad norm: 25055.611328125, clipped: 1.0
Finished epoch 7, took 00:04:51 s
####Saving model and state...
调用validate
Validating...
Validation overall avg_cost: 2187.5721086400185 +- 5.465836797628229
Evaluating candidate model on evaluation dataset
Epoch 7 candidate mean 2201.2802405765087, baseline epoch 6 mean 2185.608340580717, difference 15.671899995791591
Start train epoch 8, lr=0.0001 for run train_raw_50_20260228T011907
Evaluating baseline on dataset...
Training baseline model...
开始train_epoch正式训练，总的 batch 大小: 200
Start training epoch 8...
epoch: 8, train_batch_id: 0, avg_cost: 2110.824513261514
loss: -384.8801529949492, grad norm: 27430.16015625, clipped: 1.0
epoch: 8, train_batch_id: 50, avg_cost: 1917.177587180969
loss: -490.3204279196967, grad norm: 22316.203125, clipped: 1.0
epoch: 8, train_batch_id: 100, avg_cost: 1858.5637669091293
loss: -1360.8249885287837, grad norm: 23469.078125, clipped: 1.0
epoch: 8, train_batch_id: 150, avg_cost: 1926.5958555014163
loss: -825.6703071419151, grad norm: 25172.4140625, clipped: 1.0
Finished epoch 8, took 00:04:53 s
####Saving model and state...
调用validate
Validating...
Validation overall avg_cost: 2169.1207044491925 +- 5.555664375036942
Evaluating candidate model on evaluation dataset
Epoch 8 candidate mean 2182.1464172134215, baseline epoch 6 mean 2185.608340580717, difference -3.4619233672956398
p-value: 0.16322777191681853
Start train epoch 9, lr=0.0001 for run train_raw_50_20260228T011907
Evaluating baseline on dataset...
Training baseline model...
开始train_epoch正式训练，总的 batch 大小: 200
Start training epoch 9...
epoch: 9, train_batch_id: 0, avg_cost: 2047.923571229026
loss: -100.39983625234075, grad norm: 20982.423828125, clipped: 1.0
epoch: 9, train_batch_id: 50, avg_cost: 2198.0962536753937
loss: 43.41691496057534, grad norm: 21899.900390625, clipped: 1.0
epoch: 9, train_batch_id: 100, avg_cost: 2138.944875804442
loss: 251.60559665147267, grad norm: 22493.103515625, clipped: 1.0
epoch: 9, train_batch_id: 150, avg_cost: 2093.946095660349
loss: -1092.5860273863705, grad norm: 18762.8515625, clipped: 1.0
Finished epoch 9, took 00:04:53 s
####Saving model and state...
调用validate
Validating...
Validation overall avg_cost: 2168.102483208432 +- 5.665961666672015
Evaluating candidate model on evaluation dataset
Epoch 9 candidate mean 2173.542507880487, baseline epoch 6 mean 2185.608340580717, difference -12.065832700230203
p-value: 0.0005712439927936705
Update baseline
Evaluating baseline model on evaluation dataset

Start train epoch 10, lr=0.0001 for run train_raw_50_20260228T011907
Evaluating baseline on dataset...
Training baseline model...
开始train_epoch正式训练，总的 batch 大小: 200
Start training epoch 10...
epoch: 10, train_batch_id: 0, avg_cost: 1956.5585936179518
loss: -295.76163727681273, grad norm: 15456.6650390625, clipped: 1.0
epoch: 10, train_batch_id: 50, avg_cost: 2208.683720131139
loss: -787.8355943074378, grad norm: 24178.513671875, clipped: 1.0
epoch: 10, train_batch_id: 100, avg_cost: 2160.9783155213017
loss: -992.2875109735085, grad norm: 25902.1796875, clipped: 1.0
epoch: 10, train_batch_id: 150, avg_cost: 2235.8375574948054
loss: -1335.7223951880521, grad norm: 22205.150390625, clipped: 1.0
Finished epoch 10, took 00:05:02 s
####Saving model and state...
调用validate
Validating...
Validation overall avg_cost: 2167.491914006091 +- 5.807675975375671
Evaluating candidate model on evaluation dataset
Epoch 10 candidate mean 2168.7080797640006, baseline epoch 9 mean 2168.946951906433, difference -0.23887214243222843
p-value: 0.4738889319564439
Start train epoch 11, lr=0.0001 for run train_raw_50_20260228T011907
Evaluating baseline on dataset...
Training baseline model...
开始train_epoch正式训练，总的 batch 大小: 200
Start training epoch 11...
epoch: 11, train_batch_id: 0, avg_cost: 2099.678413669866
loss: -750.6283406124371, grad norm: 23062.9375, clipped: 1.0
epoch: 11, train_batch_id: 50, avg_cost: 1861.622595983435
loss: -317.7346273277861, grad norm: 21434.42578125, clipped: 1.0
epoch: 11, train_batch_id: 100, avg_cost: 2001.6082934609012
loss: -735.0777810290124, grad norm: 19599.958984375, clipped: 1.0
epoch: 11, train_batch_id: 150, avg_cost: 2082.8192609719677
loss: -328.8238615786348, grad norm: 23219.345703125, clipped: 1.0
Finished epoch 11, took 00:05:00 s
####Saving model and state...
调用validate
Validating...
Validation overall avg_cost: 2154.404695930884 +- 5.570852180839531
Evaluating candidate model on evaluation dataset
Epoch 11 candidate mean 2151.918435279214, baseline epoch 9 mean 2168.946951906433, difference -17.028516627218778
p-value: 1.4011307596246518e-06
Update baseline
Evaluating baseline model on evaluation dataset

Start train epoch 12, lr=0.0001 for run train_raw_50_20260228T011907
Evaluating baseline on dataset...
Training baseline model...
开始train_epoch正式训练，总的 batch 大小: 200
Start training epoch 12...
epoch: 12, train_batch_id: 0, avg_cost: 2303.64782039033
loss: -1340.3237148953822, grad norm: 24146.154296875, clipped: 1.0
epoch: 12, train_batch_id: 50, avg_cost: 2150.293733848336
loss: 292.9889294283674, grad norm: 17976.38671875, clipped: 1.0
epoch: 12, train_batch_id: 100, avg_cost: 1958.8506649571125
loss: -880.6570048387815, grad norm: 16405.767578125, clipped: 1.0
epoch: 12, train_batch_id: 150, avg_cost: 1738.3341154670002
loss: -128.20627811024417, grad norm: 20262.6953125, clipped: 1.0
Finished epoch 12, took 00:04:58 s
####Saving model and state...
调用validate
Validating...
Validation overall avg_cost: 2160.119121506305 +- 5.618694562125299
Evaluating candidate model on evaluation dataset
Epoch 12 candidate mean 2159.685655115486, baseline epoch 11 mean 2150.590275498172, difference 9.095379617313938
Start train epoch 13, lr=0.0001 for run train_raw_50_20260228T011907
Evaluating baseline on dataset...
Training baseline model...
开始train_epoch正式训练，总的 batch 大小: 200
Start training epoch 13...
epoch: 13, train_batch_id: 0, avg_cost: 2249.5117629543056
loss: -211.10684668856345, grad norm: 21826.3828125, clipped: 1.0
epoch: 13, train_batch_id: 50, avg_cost: 1921.3621789435933
loss: -858.1273701660688, grad norm: 26030.271484375, clipped: 1.0
epoch: 13, train_batch_id: 100, avg_cost: 2298.08357704432
loss: -773.7772236693195, grad norm: 22972.021484375, clipped: 1.0
epoch: 13, train_batch_id: 150, avg_cost: 1884.2546055194116
loss: -444.3002361008397, grad norm: 21403.017578125, clipped: 1.0
Finished epoch 13, took 00:04:53 s
####Saving model and state...
调用validate
Validating...
Validation overall avg_cost: 2137.435994427309 +- 5.446503037820216
Evaluating candidate model on evaluation dataset
Epoch 13 candidate mean 2130.76701162086, baseline epoch 11 mean 2150.590275498172, difference -19.823263877312
p-value: 4.4301477998503294e-08
Update baseline
Evaluating baseline model on evaluation dataset

Start train epoch 14, lr=0.0001 for run train_raw_50_20260228T011907
Evaluating baseline on dataset...
Training baseline model...
开始train_epoch正式训练，总的 batch 大小: 200
Start training epoch 14...
epoch: 14, train_batch_id: 0, avg_cost: 2097.8121242041616
loss: -1219.100277133661, grad norm: 22403.248046875, clipped: 1.0
epoch: 14, train_batch_id: 50, avg_cost: 1942.8573217832895
loss: 361.86272782614645, grad norm: 18562.671875, clipped: 1.0
epoch: 14, train_batch_id: 100, avg_cost: 2330.309338488621
loss: -2390.471179635319, grad norm: 25061.982421875, clipped: 1.0
epoch: 14, train_batch_id: 150, avg_cost: 2183.2853771831033
loss: -28.725160781063835, grad norm: 24865.46875, clipped: 1.0
Finished epoch 14, took 00:04:51 s
####Saving model and state...
调用validate
Validating...
Validation overall avg_cost: 2139.476830504763 +- 5.655285093103923
Evaluating candidate model on evaluation dataset
Epoch 14 candidate mean 2149.211888551885, baseline epoch 13 mean 2139.902731293113, difference 9.309157258771847
Start train epoch 15, lr=0.0001 for run train_raw_50_20260228T011907
Evaluating baseline on dataset...
Training baseline model...
开始train_epoch正式训练，总的 batch 大小: 200
Start training epoch 15...
epoch: 15, train_batch_id: 0, avg_cost: 1968.9717265502536
loss: -226.08973362012625, grad norm: 19410.34375, clipped: 1.0
epoch: 15, train_batch_id: 50, avg_cost: 2014.5512895534027
loss: 958.4837909746907, grad norm: 26253.478515625, clipped: 1.0
epoch: 15, train_batch_id: 100, avg_cost: 1984.8825515136464
loss: 162.4967606414989, grad norm: 22058.822265625, clipped: 1.0
epoch: 15, train_batch_id: 150, avg_cost: 2104.670637126181
loss: 762.218491195788, grad norm: 20925.00390625, clipped: 1.0
Finished epoch 15, took 00:04:49 s
####Saving model and state...
调用validate
Validating...
Validation overall avg_cost: 2113.7470894539356 +- 5.508320307901342
Evaluating candidate model on evaluation dataset
Epoch 15 candidate mean 2115.5392024050616, baseline epoch 13 mean 2139.902731293113, difference -24.363528888051405
p-value: 5.368723935103402e-11
Update baseline
Evaluating baseline model on evaluation dataset

Start train epoch 16, lr=0.0001 for run train_raw_50_20260228T011907
Evaluating baseline on dataset...
Training baseline model...
开始train_epoch正式训练，总的 batch 大小: 200
Start training epoch 16...
epoch: 16, train_batch_id: 0, avg_cost: 2126.116877971594
loss: -302.4133939749492, grad norm: 20353.857421875, clipped: 1.0
epoch: 16, train_batch_id: 50, avg_cost: 2199.908195925455
loss: -33.59428220703852, grad norm: 20475.1953125, clipped: 1.0
epoch: 16, train_batch_id: 100, avg_cost: 2018.1481221702268
loss: -105.57520413420971, grad norm: 18007.251953125, clipped: 1.0
epoch: 16, train_batch_id: 150, avg_cost: 2014.231134700731
loss: -1142.1138646137301, grad norm: 22065.21875, clipped: 1.0
Finished epoch 16, took 00:04:51 s
####Saving model and state...
调用validate
Validating...
Validation overall avg_cost: 2100.1358396720234 +- 5.394739914957306
Evaluating candidate model on evaluation dataset
Epoch 16 candidate mean 2110.1143769734576, baseline epoch 15 mean 2117.637878892293, difference -7.523501918835336
p-value: 0.017461330199659952
Update baseline
Evaluating baseline model on evaluation dataset

Start train epoch 17, lr=0.0001 for run train_raw_50_20260228T011907
Evaluating baseline on dataset...
Training baseline model...
开始train_epoch正式训练，总的 batch 大小: 200
Start training epoch 17...
epoch: 17, train_batch_id: 0, avg_cost: 2214.7667451147013
loss: -1266.90060480831, grad norm: 19206.892578125, clipped: 1.0
epoch: 17, train_batch_id: 50, avg_cost: 2202.612668825479
loss: -565.7968307771976, grad norm: 14303.919921875, clipped: 1.0
epoch: 17, train_batch_id: 100, avg_cost: 2116.9649996952608
loss: -1197.2292489228396, grad norm: 16371.025390625, clipped: 1.0
epoch: 17, train_batch_id: 150, avg_cost: 2054.3245833972796
loss: -55.681755712296024, grad norm: 14720.1806640625, clipped: 1.0
Finished epoch 17, took 00:04:55 s
####Saving model and state...
调用validate
Validating...
Validation overall avg_cost: 2081.9948404679258 +- 5.445021826817279
Evaluating candidate model on evaluation dataset
Epoch 17 candidate mean 2090.3435147425116, baseline epoch 16 mean 2114.463913163269, difference -24.120398420757283
p-value: 1.644612690472402e-12
Update baseline
Evaluating baseline model on evaluation dataset

Start train epoch 18, lr=0.0001 for run train_raw_50_20260228T011907
Evaluating baseline on dataset...
Training baseline model...
开始train_epoch正式训练，总的 batch 大小: 200
Start training epoch 18...
epoch: 18, train_batch_id: 0, avg_cost: 1855.6256874431565
loss: -655.319411196039, grad norm: 13689.7724609375, clipped: 1.0
epoch: 18, train_batch_id: 50, avg_cost: 2189.6469406384367
loss: -1010.3959276016395, grad norm: 22293.92578125, clipped: 1.0
epoch: 18, train_batch_id: 100, avg_cost: 1827.1546015622303
loss: -762.7985588593756, grad norm: 19109.1953125, clipped: 1.0
epoch: 18, train_batch_id: 150, avg_cost: 1926.6976463361239
loss: -972.0373805096277, grad norm: 18909.04296875, clipped: 1.0
Finished epoch 18, took 00:04:46 s
####Saving model and state...
调用validate
Validating...
Validation overall avg_cost: 2076.7986236343863 +- 5.414774917370227
Evaluating candidate model on evaluation dataset
Epoch 18 candidate mean 2083.0079906196725, baseline epoch 17 mean 2092.8685573894577, difference -9.860566769785237
p-value: 0.0033561542551492525
Update baseline
Evaluating baseline model on evaluation dataset

Start train epoch 19, lr=0.0001 for run train_raw_50_20260228T011907
Evaluating baseline on dataset...
Training baseline model...
开始train_epoch正式训练，总的 batch 大小: 200
Start training epoch 19...
epoch: 19, train_batch_id: 0, avg_cost: 2193.6850632455025
loss: -589.0370134783569, grad norm: 17497.947265625, clipped: 1.0
epoch: 19, train_batch_id: 50, avg_cost: 2044.969928850679
loss: -661.3863993262069, grad norm: 14882.9755859375, clipped: 1.0
epoch: 19, train_batch_id: 100, avg_cost: 2002.1120514168645
loss: -1387.4732980808121, grad norm: 20096.30078125, clipped: 1.0
epoch: 19, train_batch_id: 150, avg_cost: 2002.8365326635135
loss: 24.611330933726663, grad norm: 17787.6875, clipped: 1.0
Finished epoch 19, took 00:04:38 s
####Saving model and state...
调用validate
Validating...
Validation overall avg_cost: 2067.1508278740007 +- 5.358049470779301
Evaluating candidate model on evaluation dataset
Epoch 19 candidate mean 2065.2725014816797, baseline epoch 18 mean 2072.8015465411945, difference -7.529045059514829
p-value: 0.01237404874231595
Update baseline
Evaluating baseline model on evaluation dataset

Start train epoch 20, lr=0.0001 for run train_raw_50_20260228T011907
Evaluating baseline on dataset...
Training baseline model...
开始train_epoch正式训练，总的 batch 大小: 200
Start training epoch 20...
epoch: 20, train_batch_id: 0, avg_cost: 2116.433003920928
loss: -1242.0681714147636, grad norm: 16194.7490234375, clipped: 1.0
epoch: 20, train_batch_id: 50, avg_cost: 2034.5381138985886
loss: -486.0040034150376, grad norm: 12676.365234375, clipped: 1.0
epoch: 20, train_batch_id: 100, avg_cost: 2053.5378877341755
loss: -78.27264185865198, grad norm: 16766.658203125, clipped: 1.0
epoch: 20, train_batch_id: 150, avg_cost: 2115.148033461805
loss: -619.8915576227776, grad norm: 16300.701171875, clipped: 1.0
Finished epoch 20, took 00:04:47 s
####Saving model and state...
调用validate
Validating...
Validation overall avg_cost: 2061.135076016538 +- 5.371132978497472
Evaluating candidate model on evaluation dataset
Epoch 20 candidate mean 2072.537427376126, baseline epoch 19 mean 2078.4772940799826, difference -5.939866703856751
p-value: 0.03901559689959626
Update baseline
Evaluating baseline model on evaluation dataset

Start train epoch 21, lr=0.0001 for run train_raw_50_20260228T011907
Evaluating baseline on dataset...
Training baseline model...
开始train_epoch正式训练，总的 batch 大小: 200
Start training epoch 21...
epoch: 21, train_batch_id: 0, avg_cost: 1995.5539188904145
loss: -1428.6873187995238, grad norm: 16656.40234375, clipped: 1.0
epoch: 21, train_batch_id: 50, avg_cost: 2061.862131739934
loss: -603.7094967145129, grad norm: 10051.9609375, clipped: 1.0
epoch: 21, train_batch_id: 100, avg_cost: 2254.9783822488466
loss: -3007.6364243728412, grad norm: 20236.751953125, clipped: 1.0
epoch: 21, train_batch_id: 150, avg_cost: 1923.5807884689698
loss: -183.04881524305668, grad norm: 15966.5126953125, clipped: 1.0
Finished epoch 21, took 00:04:55 s
####Saving model and state...
调用validate
Validating...
Validation overall avg_cost: 2064.290844117984 +- 5.382445106328463
Evaluating candidate model on evaluation dataset
Epoch 21 candidate mean 2071.7336921636183, baseline epoch 20 mean 2063.2743905669668, difference 8.459301596651585
Start train epoch 22, lr=0.0001 for run train_raw_50_20260228T011907
Evaluating baseline on dataset...
Training baseline model...
开始train_epoch正式训练，总的 batch 大小: 200
Start training epoch 22...
epoch: 22, train_batch_id: 0, avg_cost: 1870.0227371750766
loss: -651.6212388583727, grad norm: 14726.515625, clipped: 1.0
epoch: 22, train_batch_id: 50, avg_cost: 2055.4951452275864
loss: -499.49686279925913, grad norm: 15767.2880859375, clipped: 1.0
epoch: 22, train_batch_id: 100, avg_cost: 2248.6114575146084
loss: -469.2101575009669, grad norm: 18684.732421875, clipped: 1.0
epoch: 22, train_batch_id: 150, avg_cost: 1830.7761153689746
loss: -808.557720957705, grad norm: 16248.9287109375, clipped: 1.0
Finished epoch 22, took 00:04:51 s
####Saving model and state...
调用validate
Validating...
Validation overall avg_cost: 2058.5867619593214 +- 5.358097853396098
Evaluating candidate model on evaluation dataset
Epoch 22 candidate mean 2065.5554284787477, baseline epoch 20 mean 2063.2743905669668, difference 2.2810379117809134
Start train epoch 23, lr=0.0001 for run train_raw_50_20260228T011907
Evaluating baseline on dataset...
Training baseline model...
开始train_epoch正式训练，总的 batch 大小: 200
Start training epoch 23...
epoch: 23, train_batch_id: 0, avg_cost: 1848.5341300630996
loss: -932.910561242883, grad norm: 14870.6064453125, clipped: 1.0
epoch: 23, train_batch_id: 50, avg_cost: 2025.1863675474538
loss: -943.6308472620233, grad norm: 21507.37109375, clipped: 1.0
epoch: 23, train_batch_id: 100, avg_cost: 2074.7618228734777
loss: -1546.593584690923, grad norm: 14519.296875, clipped: 1.0
epoch: 23, train_batch_id: 150, avg_cost: 1966.2188822351086
loss: -369.1036870760375, grad norm: 13747.1962890625, clipped: 1.0
Finished epoch 23, took 00:04:50 s
####Saving model and state...
调用validate
Validating...
Validation overall avg_cost: 2047.937820607747 +- 5.343463688076062
Evaluating candidate model on evaluation dataset
Epoch 23 candidate mean 2061.2915671161127, baseline epoch 20 mean 2063.2743905669668, difference -1.9828234508540845
p-value: 0.28977575201234845
Start train epoch 24, lr=0.0001 for run train_raw_50_20260228T011907
Evaluating baseline on dataset...
Training baseline model...
开始train_epoch正式训练，总的 batch 大小: 200
Start training epoch 24...
epoch: 24, train_batch_id: 0, avg_cost: 1748.8514337457877
loss: -409.26806670814244, grad norm: 16042.2919921875, clipped: 1.0
epoch: 24, train_batch_id: 50, avg_cost: 2029.8709649066063
loss: 244.29873981221579, grad norm: 18745.650390625, clipped: 1.0
epoch: 24, train_batch_id: 100, avg_cost: 2022.4386269322745
loss: -104.9177247223169, grad norm: 13524.478515625, clipped: 1.0
epoch: 24, train_batch_id: 150, avg_cost: 2124.1420623580225
loss: 465.05780035427784, grad norm: 19175.466796875, clipped: 1.0
Finished epoch 24, took 00:04:49 s
####Saving model and state...
调用validate
Validating...
Validation overall avg_cost: 2066.0879298690134 +- 5.329454746395041
Evaluating candidate model on evaluation dataset
Epoch 24 candidate mean 2075.0237856323633, baseline epoch 20 mean 2063.2743905669668, difference 11.749395065396584
Start train epoch 25, lr=0.0001 for run train_raw_50_20260228T011907
Evaluating baseline on dataset...
Training baseline model...
开始train_epoch正式训练，总的 batch 大小: 200
Start training epoch 25...
epoch: 25, train_batch_id: 0, avg_cost: 2120.385357467824
loss: -1250.009988315395, grad norm: 16594.142578125, clipped: 1.0
epoch: 25, train_batch_id: 50, avg_cost: 1864.7512071859003
loss: 19.435970351788356, grad norm: 18380.939453125, clipped: 1.0
epoch: 25, train_batch_id: 100, avg_cost: 1883.5910371755358
loss: 154.30792163707122, grad norm: 16659.361328125, clipped: 1.0
epoch: 25, train_batch_id: 150, avg_cost: 2232.857473388822
loss: 191.1355596329572, grad norm: 16601.875, clipped: 1.0
Finished epoch 25, took 00:04:46 s
####Saving model and state...
调用validate
Validating...
Validation overall avg_cost: 2021.3442493848504 +- 5.283246020515823
Evaluating candidate model on evaluation dataset
Epoch 25 candidate mean 2029.75213722886, baseline epoch 20 mean 2063.2743905669668, difference -33.52225333810679
p-value: 4.668745133710346e-19
Update baseline
Evaluating baseline model on evaluation dataset

Start train epoch 26, lr=0.0001 for run train_raw_50_20260228T011907
Evaluating baseline on dataset...
Training baseline model...
开始train_epoch正式训练，总的 batch 大小: 200
Start training epoch 26...
epoch: 26, train_batch_id: 0, avg_cost: 2008.1348366623868
loss: -303.6474097483119, grad norm: 9346.0048828125, clipped: 1.0
epoch: 26, train_batch_id: 50, avg_cost: 2098.274340431824
loss: -108.13931126352402, grad norm: 12278.9052734375, clipped: 1.0
epoch: 26, train_batch_id: 100, avg_cost: 1923.4050145480167
loss: 104.59849939640465, grad norm: 13092.8076171875, clipped: 1.0
epoch: 26, train_batch_id: 150, avg_cost: 1955.3904862236757
loss: -771.8755123188644, grad norm: 15542.3798828125, clipped: 1.0
Finished epoch 26, took 00:04:43 s
####Saving model and state...
调用validate
Validating...
Validation overall avg_cost: 2016.211446144428 +- 5.17089996959394
Evaluating candidate model on evaluation dataset
Epoch 26 candidate mean 2019.5095738084563, baseline epoch 25 mean 2025.7484730868337, difference -6.238899278377403
p-value: 0.03117216214145538
Update baseline
Evaluating baseline model on evaluation dataset

Start train epoch 27, lr=0.0001 for run train_raw_50_20260228T011907
Evaluating baseline on dataset...
Training baseline model...
开始train_epoch正式训练，总的 batch 大小: 200
Start training epoch 27...
epoch: 27, train_batch_id: 0, avg_cost: 1895.799605672732
loss: -173.73655798109002, grad norm: 11167.2705078125, clipped: 1.0
epoch: 27, train_batch_id: 50, avg_cost: 1887.8131372625428
loss: -161.82248672731532, grad norm: 12059.033203125, clipped: 1.0
epoch: 27, train_batch_id: 100, avg_cost: 1866.494935230085
loss: 103.10838887187684, grad norm: 13971.517578125, clipped: 1.0
epoch: 27, train_batch_id: 150, avg_cost: 2049.578352367996
loss: -1147.9195600795128, grad norm: 13179.4638671875, clipped: 1.0
Finished epoch 27, took 00:04:41 s
####Saving model and state...
调用validate
Validating...
Validation overall avg_cost: 2020.9533323285216 +- 5.4004777826621515
Evaluating candidate model on evaluation dataset
Epoch 27 candidate mean 2015.426464355378, baseline epoch 26 mean 2013.8671287206696, difference 1.5593356347083045
Start train epoch 28, lr=0.0001 for run train_raw_50_20260228T011907
Evaluating baseline on dataset...
Training baseline model...
开始train_epoch正式训练，总的 batch 大小: 200
Start training epoch 28...
epoch: 28, train_batch_id: 0, avg_cost: 1809.751100333363
loss: -349.371969165737, grad norm: 13359.4853515625, clipped: 1.0
epoch: 28, train_batch_id: 50, avg_cost: 1783.139720174849
loss: -293.3931307827915, grad norm: 13865.7763671875, clipped: 1.0
epoch: 28, train_batch_id: 100, avg_cost: 1906.5164574677656
loss: -390.0313125891986, grad norm: 13412.3056640625, clipped: 1.0
epoch: 28, train_batch_id: 150, avg_cost: 1894.6269153179524
loss: 244.60650436430703, grad norm: 14194.4736328125, clipped: 1.0
Finished epoch 28, took 00:04:45 s
####Saving model and state...
调用validate
Validating...
Validation overall avg_cost: 2007.82863464834 +- 5.1024714733206356
Evaluating candidate model on evaluation dataset
Epoch 28 candidate mean 2006.9566099961587, baseline epoch 26 mean 2013.8671287206696, difference -6.910518724510894
p-value: 0.021148456649501685
Update baseline
Evaluating baseline model on evaluation dataset

Start train epoch 29, lr=0.0001 for run train_raw_50_20260228T011907
Evaluating baseline on dataset...
Training baseline model...
开始train_epoch正式训练，总的 batch 大小: 200
Start training epoch 29...
epoch: 29, train_batch_id: 0, avg_cost: 1926.7201021910132
loss: -168.80170558514953, grad norm: 7277.083984375, clipped: 1.0
epoch: 29, train_batch_id: 50, avg_cost: 1946.5257416998027
loss: 26.470238657732978, grad norm: 10969.51171875, clipped: 1.0
epoch: 29, train_batch_id: 100, avg_cost: 1760.0420191555709
loss: -665.1114889814006, grad norm: 13868.0693359375, clipped: 1.0
epoch: 29, train_batch_id: 150, avg_cost: 1883.43263257302
loss: -210.44424841404484, grad norm: 17485.39453125, clipped: 1.0
Finished epoch 29, took 00:04:48 s
####Saving model and state...
调用validate
Validating...
Validation overall avg_cost: 1980.152929225487 +- 5.228673084197376
Evaluating candidate model on evaluation dataset
Epoch 29 candidate mean 1991.800217516491, baseline epoch 28 mean 2014.3601914124074, difference -22.5599738959163
p-value: 9.126128764667548e-10
Update baseline
Evaluating baseline model on evaluation dataset

Start train epoch 30, lr=0.0001 for run train_raw_50_20260228T011907
Evaluating baseline on dataset...
Training baseline model...
开始train_epoch正式训练，总的 batch 大小: 200
Start training epoch 30...
epoch: 30, train_batch_id: 0, avg_cost: 1936.077163803091
loss: 137.3947825090407, grad norm: 9295.5771484375, clipped: 1.0
epoch: 30, train_batch_id: 50, avg_cost: 2103.013169110547
loss: 231.5731639637252, grad norm: 11365.5361328125, clipped: 1.0
epoch: 30, train_batch_id: 100, avg_cost: 1822.1289441667623
loss: -303.60457085095885, grad norm: 11655.11328125, clipped: 1.0
epoch: 30, train_batch_id: 150, avg_cost: 1897.9535576885623
loss: -200.72869640025527, grad norm: 12468.556640625, clipped: 1.0
Finished epoch 30, took 00:04:33 s
####Saving model and state...
调用validate
Validating...
Validation overall avg_cost: 1970.895066787084 +- 5.063026741478916
Evaluating candidate model on evaluation dataset
Epoch 30 candidate mean 1985.5826599981692, baseline epoch 29 mean 1994.0546370016089, difference -8.471977003439633
p-value: 0.0072914276003693
Update baseline
Evaluating baseline model on evaluation dataset

Start train epoch 31, lr=0.0001 for run train_raw_50_20260228T011907
Evaluating baseline on dataset...
Training baseline model...
开始train_epoch正式训练，总的 batch 大小: 200
Start training epoch 31...
epoch: 31, train_batch_id: 0, avg_cost: 2182.9284163755947
loss: -355.0611216145216, grad norm: 10170.1064453125, clipped: 1.0
epoch: 31, train_batch_id: 50, avg_cost: 2172.186159296009
loss: -821.1406724003994, grad norm: 14556.556640625, clipped: 1.0
epoch: 31, train_batch_id: 100, avg_cost: 2025.570296957466
loss: -2479.563358332909, grad norm: 17146.552734375, clipped: 1.0
epoch: 31, train_batch_id: 150, avg_cost: 1945.460737512099
loss: -95.68456220774559, grad norm: 11097.716796875, clipped: 1.0
Finished epoch 31, took 00:04:37 s
####Saving model and state...
调用validate
Validating...
Validation overall avg_cost: 1966.0397081897718 +- 5.101044972126538
Evaluating candidate model on evaluation dataset
Epoch 31 candidate mean 1970.4529244752678, baseline epoch 30 mean 1981.8154670010335, difference -11.362542525765775
p-value: 0.0004669984382983216
Update baseline
Evaluating baseline model on evaluation dataset

Start train epoch 32, lr=0.0001 for run train_raw_50_20260228T011907
Evaluating baseline on dataset...
Training baseline model...
开始train_epoch正式训练，总的 batch 大小: 200
Start training epoch 32...
epoch: 32, train_batch_id: 0, avg_cost: 1994.084836910385
loss: -100.99251971668176, grad norm: 7042.43896484375, clipped: 1.0
epoch: 32, train_batch_id: 50, avg_cost: 2059.777765472927
loss: -120.28906319560946, grad norm: 13865.771484375, clipped: 1.0
epoch: 32, train_batch_id: 100, avg_cost: 1826.20171550843
loss: -253.80450092785503, grad norm: 11468.560546875, clipped: 1.0
epoch: 32, train_batch_id: 150, avg_cost: 2007.1422431661745
loss: -38.92190844840826, grad norm: 12692.3134765625, clipped: 1.0
Finished epoch 32, took 00:04:34 s
####Saving model and state...
调用validate
Validating...
Validation overall avg_cost: 1960.0544546987646 +- 5.139886413869388
Evaluating candidate model on evaluation dataset
Epoch 32 candidate mean 1970.6089870122476, baseline epoch 31 mean 1975.4927892957523, difference -4.883802283504792
p-value: 0.05909206232590649
Start train epoch 33, lr=0.0001 for run train_raw_50_20260228T011907
Evaluating baseline on dataset...
Training baseline model...
开始train_epoch正式训练，总的 batch 大小: 200
Start training epoch 33...
epoch: 33, train_batch_id: 0, avg_cost: 1926.0347289826952
loss: -399.4560816533431, grad norm: 12363.10546875, clipped: 1.0
epoch: 33, train_batch_id: 50, avg_cost: 1861.9306563273267
loss: -771.7930671647532, grad norm: 11705.0556640625, clipped: 1.0
epoch: 33, train_batch_id: 100, avg_cost: 1871.8236151796486
loss: -30.55210902340491, grad norm: 13038.48828125, clipped: 1.0
epoch: 33, train_batch_id: 150, avg_cost: 1640.832940110758
loss: 98.99576554429169, grad norm: 10311.8515625, clipped: 1.0
Finished epoch 33, took 00:04:36 s
####Saving model and state...
调用validate
Validating...
Validation overall avg_cost: 1960.037319659038 +- 5.121130831482216
Evaluating candidate model on evaluation dataset
Epoch 33 candidate mean 1968.3962254464986, baseline epoch 31 mean 1975.4927892957523, difference -7.096563849253698
p-value: 0.019260101193600197
Update baseline
Evaluating baseline model on evaluation dataset

Start train epoch 34, lr=0.0001 for run train_raw_50_20260228T011907
Evaluating baseline on dataset...
Training baseline model...
开始train_epoch正式训练，总的 batch 大小: 200
Start training epoch 34...
epoch: 34, train_batch_id: 0, avg_cost: 1974.7191318363462
loss: -1412.0522443809496, grad norm: 12893.42578125, clipped: 1.0
epoch: 34, train_batch_id: 50, avg_cost: 2002.1638169493608
loss: -399.66470096081713, grad norm: 9692.1474609375, clipped: 1.0
epoch: 34, train_batch_id: 100, avg_cost: 2083.3954331273876
loss: -59.90033455113863, grad norm: 13942.0849609375, clipped: 1.0
epoch: 34, train_batch_id: 150, avg_cost: 1854.2841927894106
loss: -105.59218139479054, grad norm: 13364.9365234375, clipped: 1.0
Finished epoch 34, took 00:04:26 s
####Saving model and state...
调用validate
Validating...
Validation overall avg_cost: 1959.813895138697 +- 5.226020400669876
Evaluating candidate model on evaluation dataset
Epoch 34 candidate mean 1968.5370333605297, baseline epoch 33 mean 1966.7400116457832, difference 1.7970217147465064
Start train epoch 35, lr=0.0001 for run train_raw_50_20260228T011907
Evaluating baseline on dataset...
Training baseline model...
开始train_epoch正式训练，总的 batch 大小: 200
Start training epoch 35...
epoch: 35, train_batch_id: 0, avg_cost: 1963.0753649459796
loss: -669.9569925204278, grad norm: 10590.3525390625, clipped: 1.0
epoch: 35, train_batch_id: 50, avg_cost: 2164.3758818174074
loss: -294.2754417813686, grad norm: 13764.365234375, clipped: 1.0
epoch: 35, train_batch_id: 100, avg_cost: 2079.50591566019
loss: -255.6004444527685, grad norm: 16263.177734375, clipped: 1.0
epoch: 35, train_batch_id: 150, avg_cost: 1813.7369213311304
loss: -398.09007194349573, grad norm: 16545.39453125, clipped: 1.0
Finished epoch 35, took 00:04:36 s
####Saving model and state...
调用validate
Validating...
Validation overall avg_cost: 1973.9445136762445 +- 5.1269152769444855
Evaluating candidate model on evaluation dataset
Epoch 35 candidate mean 1976.0989875841433, baseline epoch 33 mean 1966.7400116457832, difference 9.358975938360118
Start train epoch 36, lr=0.0001 for run train_raw_50_20260228T011907
Evaluating baseline on dataset...
Training baseline model...
开始train_epoch正式训练，总的 batch 大小: 200
Start training epoch 36...
epoch: 36, train_batch_id: 0, avg_cost: 1839.9194467208406
loss: -325.019202079914, grad norm: 11916.8798828125, clipped: 1.0
epoch: 36, train_batch_id: 50, avg_cost: 1762.7781757898406
loss: -21.28868540379011, grad norm: 14456.7939453125, clipped: 1.0
epoch: 36, train_batch_id: 100, avg_cost: 1716.6471772026473
loss: -156.6894420447073, grad norm: 15356.1025390625, clipped: 1.0
epoch: 36, train_batch_id: 150, avg_cost: 1890.0395803699637
loss: 430.51133737831196, grad norm: 12137.4814453125, clipped: 1.0
Finished epoch 36, took 00:04:33 s
####Saving model and state...
调用validate
Validating...
Validation overall avg_cost: 1945.1996983941283 +- 5.152591936173698
Evaluating candidate model on evaluation dataset
Epoch 36 candidate mean 1954.4946087651776, baseline epoch 33 mean 1966.7400116457832, difference -12.245402880605525
p-value: 0.00013078765770106204
Update baseline
Evaluating baseline model on evaluation dataset

Start train epoch 37, lr=0.0001 for run train_raw_50_20260228T011907
Evaluating baseline on dataset...
Training baseline model...
开始train_epoch正式训练，总的 batch 大小: 200
Start training epoch 37...
epoch: 37, train_batch_id: 0, avg_cost: 1938.7939539814477
loss: -21.81295703062237, grad norm: 10231.8212890625, clipped: 1.0
epoch: 37, train_batch_id: 50, avg_cost: 1929.2021368850917
loss: -262.4022413609159, grad norm: 11278.2685546875, clipped: 1.0
epoch: 37, train_batch_id: 100, avg_cost: 1812.9738137555012
loss: -191.36839551906712, grad norm: 8849.0263671875, clipped: 1.0
epoch: 37, train_batch_id: 150, avg_cost: 1767.7202605846678
loss: 422.043183848126, grad norm: 12596.509765625, clipped: 1.0
Finished epoch 37, took 00:04:26 s
####Saving model and state...
调用validate
Validating...
Validation overall avg_cost: 1943.4844042890713 +- 5.063909607266422
Evaluating candidate model on evaluation dataset
Epoch 37 candidate mean 1946.2965648623144, baseline epoch 36 mean 1951.9517732085624, difference -5.655208346247946
p-value: 0.03774195979660263
Update baseline
Evaluating baseline model on evaluation dataset

Start train epoch 38, lr=0.0001 for run train_raw_50_20260228T011907
Evaluating baseline on dataset...
Training baseline model...
开始train_epoch正式训练，总的 batch 大小: 200
Start training epoch 38...
epoch: 38, train_batch_id: 0, avg_cost: 1994.082106989264
loss: -167.22531249975702, grad norm: 11409.98828125, clipped: 1.0
epoch: 38, train_batch_id: 50, avg_cost: 1878.764483037159
loss: 403.1112356981332, grad norm: 8598.818359375, clipped: 1.0
epoch: 38, train_batch_id: 100, avg_cost: 1795.2539279599528
loss: 228.77514536861176, grad norm: 9500.4287109375, clipped: 1.0
epoch: 38, train_batch_id: 150, avg_cost: 1824.9452891409978
loss: 32.12472340584007, grad norm: 8925.9794921875, clipped: 1.0
Finished epoch 38, took 00:04:41 s
####Saving model and state...
调用validate
Validating...
Validation overall avg_cost: 1939.343655822221 +- 5.0394257781555325
Evaluating candidate model on evaluation dataset
Epoch 38 candidate mean 1940.7889430437708, baseline epoch 37 mean 1946.130986209284, difference -5.342043165513132
p-value: 0.05202077149007441
Start train epoch 39, lr=0.0001 for run train_raw_50_20260228T011907
Evaluating baseline on dataset...
Training baseline model...
开始train_epoch正式训练，总的 batch 大小: 200
Start training epoch 39...
epoch: 39, train_batch_id: 0, avg_cost: 2066.7459753375497
loss: -67.5579304067926, grad norm: 7976.59033203125, clipped: 1.0
epoch: 39, train_batch_id: 50, avg_cost: 1819.9652601835712
loss: -101.16171611129633, grad norm: 11013.408203125, clipped: 1.0
epoch: 39, train_batch_id: 100, avg_cost: 1700.5954382209352
loss: 470.33529227681555, grad norm: 10375.8642578125, clipped: 1.0
epoch: 39, train_batch_id: 150, avg_cost: 2053.870239451714
loss: 141.41207458607454, grad norm: 12588.388671875, clipped: 1.0
Finished epoch 39, took 00:04:38 s
####Saving model and state...
调用validate
Validating...
Validation overall avg_cost: 1923.4576743788664 +- 5.107231604418243
Evaluating candidate model on evaluation dataset
Epoch 39 candidate mean 1928.2318039429488, baseline epoch 37 mean 1946.130986209284, difference -17.899182266335174
p-value: 2.1636211164825816e-07
Update baseline
Evaluating baseline model on evaluation dataset

Start train epoch 40, lr=0.0001 for run train_raw_50_20260228T011907
Evaluating baseline on dataset...
Training baseline model...
开始train_epoch正式训练，总的 batch 大小: 200
Start training epoch 40...
epoch: 40, train_batch_id: 0, avg_cost: 2023.368963542441
loss: -219.93703887035227, grad norm: 9181.2783203125, clipped: 1.0
epoch: 40, train_batch_id: 50, avg_cost: 1774.5849801208149
loss: -308.6089010594126, grad norm: 9284.8369140625, clipped: 1.0
epoch: 40, train_batch_id: 100, avg_cost: 2107.8551654558664
loss: -331.82202080898344, grad norm: 13175.0439453125, clipped: 1.0
epoch: 40, train_batch_id: 150, avg_cost: 1938.168522199443
loss: 109.24971385177179, grad norm: 12220.88671875, clipped: 1.0
Finished epoch 40, took 00:04:31 s
####Saving model and state...
调用validate
Validating...
Validation overall avg_cost: 1907.880417163843 +- 4.9317255689084245
Evaluating candidate model on evaluation dataset
Epoch 40 candidate mean 1911.7312165579133, baseline epoch 39 mean 1929.3841882926386, difference -17.65297173472527
p-value: 7.615119519304467e-09
Update baseline
Evaluating baseline model on evaluation dataset

Start train epoch 41, lr=0.0001 for run train_raw_50_20260228T011907
Evaluating baseline on dataset...
Training baseline model...
开始train_epoch正式训练，总的 batch 大小: 200
Start training epoch 41...
epoch: 41, train_batch_id: 0, avg_cost: 1733.8713273464812
loss: -443.2175694966215, grad norm: 11492.9169921875, clipped: 1.0
epoch: 41, train_batch_id: 50, avg_cost: 1920.4607925946495
loss: 101.21157336868893, grad norm: 9729.0283203125, clipped: 1.0
epoch: 41, train_batch_id: 100, avg_cost: 1802.8562094323727
loss: -326.0741587945447, grad norm: 12096.701171875, clipped: 1.0
epoch: 41, train_batch_id: 150, avg_cost: 1900.983902904761
loss: -12.316080329577005, grad norm: 13035.34375, clipped: 1.0
Finished epoch 41, took 00:04:25 s
####Saving model and state...
调用validate
Validating...
Validation overall avg_cost: 1898.7022660846717 +- 5.013318442880478
Evaluating candidate model on evaluation dataset
Epoch 41 candidate mean 1901.3827682618946, baseline epoch 40 mean 1916.3901494096704, difference -15.007381147775732
p-value: 1.0456733781464888e-06
Update baseline
Evaluating baseline model on evaluation dataset

Start train epoch 42, lr=0.0001 for run train_raw_50_20260228T011907
Evaluating baseline on dataset...
Training baseline model...
开始train_epoch正式训练，总的 batch 大小: 200
Start training epoch 42...
epoch: 42, train_batch_id: 0, avg_cost: 1962.872992478152
loss: -268.0856164125371, grad norm: 9156.7958984375, clipped: 1.0
epoch: 42, train_batch_id: 50, avg_cost: 1982.982924230333
loss: -223.46971490068648, grad norm: 11870.880859375, clipped: 1.0
epoch: 42, train_batch_id: 100, avg_cost: 2160.3755734634296
loss: -891.8421528502697, grad norm: 16863.380859375, clipped: 1.0
epoch: 42, train_batch_id: 150, avg_cost: 2117.7876846205404
loss: -901.6049028226641, grad norm: 15550.779296875, clipped: 1.0
Finished epoch 42, took 00:04:33 s
####Saving model and state...
调用validate
Validating...
Validation overall avg_cost: 1889.5774253261548 +- 5.008801266847059
Evaluating candidate model on evaluation dataset
Epoch 42 candidate mean 1896.7635570014577, baseline epoch 41 mean 1902.716463329346, difference -5.952906327888286
p-value: 0.03663967936748071
Update baseline
Evaluating baseline model on evaluation dataset

Start train epoch 43, lr=0.0001 for run train_raw_50_20260228T011907
Evaluating baseline on dataset...
Training baseline model...
开始train_epoch正式训练，总的 batch 大小: 200
Start training epoch 43...
epoch: 43, train_batch_id: 0, avg_cost: 1857.0845149528236
loss: -174.40065930681777, grad norm: 8716.3759765625, clipped: 1.0
epoch: 43, train_batch_id: 50, avg_cost: 1757.3283624020878
loss: -526.4480415895486, grad norm: 12307.2138671875, clipped: 1.0
epoch: 43, train_batch_id: 100, avg_cost: 1911.5181994718337
loss: -266.49780458712513, grad norm: 12294.640625, clipped: 1.0
epoch: 43, train_batch_id: 150, avg_cost: 1709.7022241548025
loss: 15.17949629161248, grad norm: 12685.1357421875, clipped: 1.0
Finished epoch 43, took 00:04:35 s
####Saving model and state...
调用validate
Validating...
Validation overall avg_cost: 1873.680254087587 +- 4.970329509735053
Evaluating candidate model on evaluation dataset
Epoch 43 candidate mean 1878.1212507759817, baseline epoch 42 mean 1897.7434197004861, difference -19.62216892450442
p-value: 1.6868226328629158e-09
Update baseline
Evaluating baseline model on evaluation dataset

Start train epoch 44, lr=0.0001 for run train_raw_50_20260228T011907
Evaluating baseline on dataset...
Training baseline model...
开始train_epoch正式训练，总的 batch 大小: 200
Start training epoch 44...
epoch: 44, train_batch_id: 0, avg_cost: 1846.2001125603279
loss: -528.4806116100217, grad norm: 7139.43359375, clipped: 1.0
epoch: 44, train_batch_id: 50, avg_cost: 2027.3141360280183
loss: -103.56438533388342, grad norm: 12005.509765625, clipped: 1.0
epoch: 44, train_batch_id: 100, avg_cost: 1757.4864067657595
loss: -441.6339113661945, grad norm: 19024.625, clipped: 1.0
epoch: 44, train_batch_id: 150, avg_cost: 1710.926291055751
loss: 120.2380670607301, grad norm: 15339.7353515625, clipped: 1.0
Finished epoch 44, took 00:04:24 s
####Saving model and state...
调用validate
Validating...
Validation overall avg_cost: 1832.7501774654816 +- 4.858833328634348
Evaluating candidate model on evaluation dataset
Epoch 44 candidate mean 1833.5978350606308, baseline epoch 43 mean 1874.0722637926233, difference -40.474428731992475
p-value: 5.014232973321801e-32
Update baseline
Evaluating baseline model on evaluation dataset

Start train epoch 45, lr=0.0001 for run train_raw_50_20260228T011907
Evaluating baseline on dataset...
Training baseline model...
开始train_epoch正式训练，总的 batch 大小: 200
Start training epoch 45...
epoch: 45, train_batch_id: 0, avg_cost: 1795.18237064293
loss: -67.63172797690476, grad norm: 8590.7158203125, clipped: 1.0
epoch: 45, train_batch_id: 50, avg_cost: 1749.4114031962913
loss: 126.00638426171139, grad norm: 12560.9033203125, clipped: 1.0
epoch: 45, train_batch_id: 100, avg_cost: 1757.939961344773
loss: -712.852704186229, grad norm: 15795.5322265625, clipped: 1.0
epoch: 45, train_batch_id: 150, avg_cost: 1745.6504088476531
loss: -570.3412416015294, grad norm: 12642.119140625, clipped: 1.0
Finished epoch 45, took 00:04:21 s
####Saving model and state...
调用validate
Validating...
Validation overall avg_cost: 1900.0697743352503 +- 5.1083456215750696
Evaluating candidate model on evaluation dataset
Epoch 45 candidate mean 1912.9500128355025, baseline epoch 44 mean 1840.6800558950492, difference 72.26995694045331
Start train epoch 46, lr=0.0001 for run train_raw_50_20260228T011907
Evaluating baseline on dataset...
Training baseline model...
开始train_epoch正式训练，总的 batch 大小: 200
Start training epoch 46...
epoch: 46, train_batch_id: 0, avg_cost: 1531.2351159474138
loss: -438.30823691670776, grad norm: 15551.609375, clipped: 1.0
epoch: 46, train_batch_id: 50, avg_cost: 1623.950201829712
loss: -503.8254035335931, grad norm: 9656.0546875, clipped: 1.0
epoch: 46, train_batch_id: 100, avg_cost: 1734.3185541610674
loss: -569.9923276205201, grad norm: 13963.5302734375, clipped: 1.0
epoch: 46, train_batch_id: 150, avg_cost: 1748.1260768596144
loss: -414.2106316961735, grad norm: 15637.396484375, clipped: 1.0
Finished epoch 46, took 00:04:27 s
####Saving model and state...
调用validate
Validating...
Validation overall avg_cost: 1825.8724287195241 +- 4.7399018207272405
Evaluating candidate model on evaluation dataset
Epoch 46 candidate mean 1835.642609214539, baseline epoch 44 mean 1840.6800558950492, difference -5.037446680510129
p-value: 0.07330901610945838
Start train epoch 47, lr=0.0001 for run train_raw_50_20260228T011907
Evaluating baseline on dataset...
Training baseline model...
开始train_epoch正式训练，总的 batch 大小: 200
Start training epoch 47...
epoch: 47, train_batch_id: 0, avg_cost: 1724.7706660667845
loss: -681.2777284094883, grad norm: 11415.474609375, clipped: 1.0
epoch: 47, train_batch_id: 50, avg_cost: 1873.4891900568496
loss: -341.7934432370064, grad norm: 14998.5869140625, clipped: 1.0
epoch: 47, train_batch_id: 100, avg_cost: 1783.4647898968926
loss: -26.867858444051066, grad norm: 9977.13671875, clipped: 1.0
epoch: 47, train_batch_id: 150, avg_cost: 2030.8265847345579
loss: -184.33567998521175, grad norm: 11699.58203125, clipped: 1.0
Finished epoch 47, took 00:04:20 s
####Saving model and state...
调用validate
Validating...
Validation overall avg_cost: 1788.614557496571 +- 4.684904438272191
Evaluating candidate model on evaluation dataset
Epoch 47 candidate mean 1801.120013922166, baseline epoch 44 mean 1840.6800558950492, difference -39.560041972883255
p-value: 5.486144896368684e-28
Update baseline
Evaluating baseline model on evaluation dataset

Start train epoch 48, lr=0.0001 for run train_raw_50_20260228T011907
Evaluating baseline on dataset...
Training baseline model...
开始train_epoch正式训练，总的 batch 大小: 200
Start training epoch 48...
epoch: 48, train_batch_id: 0, avg_cost: 1740.6883465116284
loss: -437.1959684754399, grad norm: 11898.931640625, clipped: 1.0
epoch: 48, train_batch_id: 50, avg_cost: 1848.8296016082807
loss: -373.2524668818468, grad norm: 13151.427734375, clipped: 1.0
epoch: 48, train_batch_id: 100, avg_cost: 1712.7776481646588
loss: -38.47743941158052, grad norm: 11628.0849609375, clipped: 1.0
epoch: 48, train_batch_id: 150, avg_cost: 1822.593904198828
loss: -305.15345517699035, grad norm: 10605.2421875, clipped: 1.0
Finished epoch 48, took 00:04:17 s
####Saving model and state...
调用validate
Validating...
Validation overall avg_cost: 1806.7347885538923 +- 4.819568823486876
Evaluating candidate model on evaluation dataset
Epoch 48 candidate mean 1816.3975369573257, baseline epoch 47 mean 1793.5496854598966, difference 22.84785149742902
Start train epoch 49, lr=0.0001 for run train_raw_50_20260228T011907
Evaluating baseline on dataset...
Training baseline model...
开始train_epoch正式训练，总的 batch 大小: 200
Start training epoch 49...
epoch: 49, train_batch_id: 0, avg_cost: 1989.6803993419169
loss: -81.98406456223373, grad norm: 14102.5380859375, clipped: 1.0
epoch: 49, train_batch_id: 50, avg_cost: 1912.6040625765033
loss: 204.7176356763727, grad norm: 13168.7255859375, clipped: 1.0
epoch: 49, train_batch_id: 100, avg_cost: 1852.5649484779929
loss: 581.6832597479589, grad norm: 19911.623046875, clipped: 1.0
epoch: 49, train_batch_id: 150, avg_cost: 1753.8253784046253
loss: -494.1913108036449, grad norm: 14910.6015625, clipped: 1.0
Finished epoch 49, took 00:04:16 s
####Saving model and state...
调用validate
Validating...
Validation overall avg_cost: 1768.6959526270116 +- 4.665661114387289
Evaluating candidate model on evaluation dataset
Epoch 49 candidate mean 1775.6542820917405, baseline epoch 47 mean 1793.5496854598966, difference -17.895403368156167
p-value: 7.76024842863439e-09
Update baseline
Evaluating baseline model on evaluation dataset

Start train epoch 50, lr=0.0001 for run train_raw_50_20260228T011907
Evaluating baseline on dataset...
Training baseline model...
开始train_epoch正式训练，总的 batch 大小: 200
Start training epoch 50...
epoch: 50, train_batch_id: 0, avg_cost: 1912.1673984474228
loss: -27.704602260316165, grad norm: 8940.47265625, clipped: 1.0
epoch: 50, train_batch_id: 50, avg_cost: 1637.7904831158448
loss: -156.34106594014273, grad norm: 17322.033203125, clipped: 1.0
epoch: 50, train_batch_id: 100, avg_cost: 1785.713217541588
loss: -648.7033801753246, grad norm: 10667.8466796875, clipped: 1.0
epoch: 50, train_batch_id: 150, avg_cost: 1773.4051596291556
loss: -294.0369605174152, grad norm: 14195.35546875, clipped: 1.0
Finished epoch 50, took 00:04:18 s
####Saving model and state...
调用validate
Validating...
Validation overall avg_cost: 1769.4933265934533 +- 4.524898344838974
Evaluating candidate model on evaluation dataset
Epoch 50 candidate mean 1764.5647462435027, baseline epoch 49 mean 1766.207936077777, difference -1.6431898342743807
p-value: 0.2935137063711613
Start train epoch 51, lr=0.0001 for run train_raw_50_20260228T011907
Evaluating baseline on dataset...
Training baseline model...
开始train_epoch正式训练，总的 batch 大小: 200
Start training epoch 51...
epoch: 51, train_batch_id: 0, avg_cost: 1637.780561999064
loss: 68.74073939381407, grad norm: 12356.486328125, clipped: 1.0
epoch: 51, train_batch_id: 50, avg_cost: 1836.993560952959
loss: -123.90378316823067, grad norm: 11009.4814453125, clipped: 1.0
epoch: 51, train_batch_id: 100, avg_cost: 1610.4119297570742
loss: 45.22243325646272, grad norm: 10708.7666015625, clipped: 1.0
epoch: 51, train_batch_id: 150, avg_cost: 1932.9633567812098
loss: -997.6788488072908, grad norm: 12404.419921875, clipped: 1.0
Finished epoch 51, took 00:04:13 s
####Saving model and state...
调用validate
Validating...
Validation overall avg_cost: 1809.5204494929478 +- 4.579079140738986
Evaluating candidate model on evaluation dataset
Epoch 51 candidate mean 1811.4939270100938, baseline epoch 49 mean 1766.207936077777, difference 45.285990932316736
Start train epoch 52, lr=0.0001 for run train_raw_50_20260228T011907
Evaluating baseline on dataset...
Training baseline model...
开始train_epoch正式训练，总的 batch 大小: 200
Start training epoch 52...
epoch: 52, train_batch_id: 0, avg_cost: 1767.2999195930875
loss: -771.5664458338355, grad norm: 24396.86328125, clipped: 1.0
epoch: 52, train_batch_id: 50, avg_cost: 2023.3913778989072
loss: -374.8393560998926, grad norm: 13587.900390625, clipped: 1.0
epoch: 52, train_batch_id: 100, avg_cost: 1892.64826137439
loss: -264.4786747644308, grad norm: 11172.677734375, clipped: 1.0
epoch: 52, train_batch_id: 150, avg_cost: 2053.8462167738253
loss: -177.7873193701996, grad norm: 13584.0107421875, clipped: 1.0
Finished epoch 52, took 00:04:10 s
####Saving model and state...
调用validate
Validating...
Validation overall avg_cost: 1751.472640771708 +- 4.442344495653297
Evaluating candidate model on evaluation dataset
Epoch 52 candidate mean 1751.7071716163393, baseline epoch 49 mean 1766.207936077777, difference -14.500764461437711
p-value: 1.5166701321874505e-05
Update baseline
Evaluating baseline model on evaluation dataset

Start train epoch 53, lr=0.0001 for run train_raw_50_20260228T011907
Evaluating baseline on dataset...
Training baseline model...
开始train_epoch正式训练，总的 batch 大小: 200
Start training epoch 53...
epoch: 53, train_batch_id: 0, avg_cost: 1576.1235253677323
loss: -53.624447957245444, grad norm: 8298.4599609375, clipped: 1.0
epoch: 53, train_batch_id: 50, avg_cost: 1798.4961607685982
loss: 53.944821998337936, grad norm: 9258.5908203125, clipped: 1.0
epoch: 53, train_batch_id: 100, avg_cost: 1787.3078301231935
loss: -302.35636973491046, grad norm: 10862.654296875, clipped: 1.0
epoch: 53, train_batch_id: 150, avg_cost: 2007.84426636763
loss: -1451.1862533726712, grad norm: 19576.287109375, clipped: 1.0
Finished epoch 53, took 00:04:19 s
####Saving model and state...
调用validate
Validating...
Validation overall avg_cost: 1754.489624883102 +- 4.555657545978123
Evaluating candidate model on evaluation dataset
Epoch 53 candidate mean 1762.9484560885771, baseline epoch 52 mean 1757.656318319997, difference 5.292137768580233
Start train epoch 54, lr=0.0001 for run train_raw_50_20260228T011907
Evaluating baseline on dataset...
Training baseline model...
开始train_epoch正式训练，总的 batch 大小: 200
Start training epoch 54...
epoch: 54, train_batch_id: 0, avg_cost: 1957.9874656041457
loss: -98.68063872947138, grad norm: 12205.76953125, clipped: 1.0
epoch: 54, train_batch_id: 50, avg_cost: 1866.242873511072
loss: -505.99396216233566, grad norm: 17571.755859375, clipped: 1.0
epoch: 54, train_batch_id: 100, avg_cost: 1835.9562999103453
loss: -685.4714928293662, grad norm: 11694.765625, clipped: 1.0
epoch: 54, train_batch_id: 150, avg_cost: 1676.2863785257641
loss: -441.4116926798408, grad norm: 8675.8447265625, clipped: 1.0
Finished epoch 54, took 00:04:25 s
####Saving model and state...
调用validate
Validating...
Validation overall avg_cost: 1745.497362379655 +- 4.666659149082792
Evaluating candidate model on evaluation dataset
Epoch 54 candidate mean 1751.9356425145143, baseline epoch 52 mean 1757.656318319997, difference -5.720675805482642
p-value: 0.05023106096237532
Start train epoch 55, lr=0.0001 for run train_raw_50_20260228T011907
Evaluating baseline on dataset...
Training baseline model...
开始train_epoch正式训练，总的 batch 大小: 200
Start training epoch 55...
epoch: 55, train_batch_id: 0, avg_cost: 1624.9782455623722
loss: -316.49736847026645, grad norm: 9424.857421875, clipped: 1.0
epoch: 55, train_batch_id: 50, avg_cost: 1524.1297261131886
loss: -203.33182268163026, grad norm: 10076.615234375, clipped: 1.0
epoch: 55, train_batch_id: 100, avg_cost: 1864.638239166461
loss: -560.3881073494588, grad norm: 13189.48828125, clipped: 1.0
epoch: 55, train_batch_id: 150, avg_cost: 1794.2587484049418
loss: -209.25273329308882, grad norm: 11573.9189453125, clipped: 1.0
Finished epoch 55, took 00:04:18 s
####Saving model and state...
调用validate
Validating...
Validation overall avg_cost: 1736.1243200091521 +- 4.499739342540892
Evaluating candidate model on evaluation dataset
Epoch 55 candidate mean 1745.9475230423975, baseline epoch 52 mean 1757.656318319997, difference -11.708795277599393
p-value: 0.0002609778727276504
Update baseline
Evaluating baseline model on evaluation dataset

Start train epoch 56, lr=0.0001 for run train_raw_50_20260228T011907
Evaluating baseline on dataset...
Training baseline model...
开始train_epoch正式训练，总的 batch 大小: 200
Start training epoch 56...
epoch: 56, train_batch_id: 0, avg_cost: 1742.5279676458458
loss: -150.80885751352943, grad norm: 7110.185546875, clipped: 1.0
epoch: 56, train_batch_id: 50, avg_cost: 1883.6874634804135
loss: -256.2013417110573, grad norm: 10385.955078125, clipped: 1.0
epoch: 56, train_batch_id: 100, avg_cost: 1716.9453493931992
loss: -55.90580561367348, grad norm: 10679.1103515625, clipped: 1.0
epoch: 56, train_batch_id: 150, avg_cost: 1876.5889423527628
loss: 1.3201219203976535, grad norm: 11642.5537109375, clipped: 1.0
Finished epoch 56, took 00:04:18 s
####Saving model and state...
调用validate
Validating...
Validation overall avg_cost: 1725.0587336439544 +- 4.466884178757047
Evaluating candidate model on evaluation dataset
Epoch 56 candidate mean 1732.3330059506327, baseline epoch 55 mean 1745.901109503936, difference -13.568103553303217
p-value: 3.743215966003007e-06
Update baseline
Evaluating baseline model on evaluation dataset

Start train epoch 57, lr=0.0001 for run train_raw_50_20260228T011907
Evaluating baseline on dataset...
Training baseline model...
开始train_epoch正式训练，总的 batch 大小: 200
Start training epoch 57...
epoch: 57, train_batch_id: 0, avg_cost: 1630.960439561596
loss: -66.82812779623316, grad norm: 6579.46484375, clipped: 1.0
epoch: 57, train_batch_id: 50, avg_cost: 1547.1790413201898
loss: -96.69633906854168, grad norm: 8525.048828125, clipped: 1.0
epoch: 57, train_batch_id: 100, avg_cost: 1610.0856538953271
loss: -128.5739789790569, grad norm: 7964.9013671875, clipped: 1.0
epoch: 57, train_batch_id: 150, avg_cost: 1735.832910883813
loss: -50.78467524553136, grad norm: 9989.2890625, clipped: 1.0
Finished epoch 57, took 00:04:10 s
####Saving model and state...
调用validate
Validating...
Validation overall avg_cost: 1773.159689258031 +- 4.6419432217072885
Evaluating candidate model on evaluation dataset
Epoch 57 candidate mean 1775.8123182540048, baseline epoch 56 mean 1731.342792431848, difference 44.46952582215681
Start train epoch 58, lr=0.0001 for run train_raw_50_20260228T011907
Evaluating baseline on dataset...
Training baseline model...
开始train_epoch正式训练，总的 batch 大小: 200
Start training epoch 58...
epoch: 58, train_batch_id: 0, avg_cost: 1607.0432252799399
loss: -274.6569021359295, grad norm: 10241.1611328125, clipped: 1.0
epoch: 58, train_batch_id: 50, avg_cost: 1665.964437143051
loss: 57.28106645991642, grad norm: 8432.478515625, clipped: 1.0
epoch: 58, train_batch_id: 100, avg_cost: 1713.839068770587
loss: -208.35235700948272, grad norm: 9608.9912109375, clipped: 1.0
epoch: 58, train_batch_id: 150, avg_cost: 1880.479321841226
loss: -169.54209182668342, grad norm: 14647.88671875, clipped: 1.0
Finished epoch 58, took 00:04:07 s
####Saving model and state...
调用validate
Validating...
Validation overall avg_cost: 1732.6815093276887 +- 4.445452589778451
Evaluating candidate model on evaluation dataset
Epoch 58 candidate mean 1740.4789796846144, baseline epoch 56 mean 1731.342792431848, difference 9.136187252766376
Start train epoch 59, lr=0.0001 for run train_raw_50_20260228T011907
Evaluating baseline on dataset...
Training baseline model...
开始train_epoch正式训练，总的 batch 大小: 200
Start training epoch 59...
epoch: 59, train_batch_id: 0, avg_cost: 1687.5777239812187
loss: -542.7186092783788, grad norm: 11628.28515625, clipped: 1.0
epoch: 59, train_batch_id: 50, avg_cost: 1620.3163094002248
loss: 16.47167270306535, grad norm: 10323.478515625, clipped: 1.0
epoch: 59, train_batch_id: 100, avg_cost: 1709.0809218987515
loss: -108.62525609469944, grad norm: 9664.953125, clipped: 1.0
epoch: 59, train_batch_id: 150, avg_cost: 1705.704942558209
loss: -125.62096010589032, grad norm: 12045.8798828125, clipped: 1.0
Finished epoch 59, took 00:04:13 s
####Saving model and state...
调用validate
Validating...
Validation overall avg_cost: 1713.184393269031 +- 4.310283984946531
Evaluating candidate model on evaluation dataset
Epoch 59 candidate mean 1717.5568910085046, baseline epoch 56 mean 1731.342792431848, difference -13.785901423343375
p-value: 7.165290795930295e-06
Update baseline
Evaluating baseline model on evaluation dataset

Start train epoch 60, lr=0.0001 for run train_raw_50_20260228T011907
Evaluating baseline on dataset...
Training baseline model...
开始train_epoch正式训练，总的 batch 大小: 200
Start training epoch 60...
epoch: 60, train_batch_id: 0, avg_cost: 1679.5737621622388
loss: -130.7362091267216, grad norm: 8337.6357421875, clipped: 1.0
epoch: 60, train_batch_id: 50, avg_cost: 1636.1561736591075
loss: 43.15808376900143, grad norm: 7314.59375, clipped: 1.0
epoch: 60, train_batch_id: 100, avg_cost: 1656.8479843994298
loss: -80.55279715709077, grad norm: 10148.3447265625, clipped: 1.0
epoch: 60, train_batch_id: 150, avg_cost: 1806.6072430089373
loss: -107.50362962211017, grad norm: 8880.3701171875, clipped: 1.0
Finished epoch 60, took 00:04:18 s
####Saving model and state...
调用validate
Validating...
Validation overall avg_cost: 1718.284242155138 +- 4.513328204422813
Evaluating candidate model on evaluation dataset
Epoch 60 candidate mean 1723.0984340599389, baseline epoch 59 mean 1708.7240951381095, difference 14.374338921829349
Start train epoch 61, lr=0.0001 for run train_raw_50_20260228T011907
Evaluating baseline on dataset...
Training baseline model...
开始train_epoch正式训练，总的 batch 大小: 200
Start training epoch 61...
epoch: 61, train_batch_id: 0, avg_cost: 1699.5487225517181
loss: -431.44182456974323, grad norm: 12475.3955078125, clipped: 1.0
epoch: 61, train_batch_id: 50, avg_cost: 1633.7182831450302
loss: -124.89559926055452, grad norm: 11035.2138671875, clipped: 1.0
epoch: 61, train_batch_id: 100, avg_cost: 1641.843936781956
loss: 142.49288903158907, grad norm: 10987.5283203125, clipped: 1.0
epoch: 61, train_batch_id: 150, avg_cost: 1586.4023687694958
loss: -273.44232699453966, grad norm: 10916.2841796875, clipped: 1.0
Finished epoch 61, took 00:04:17 s
####Saving model and state...
调用validate
Validating...
Validation overall avg_cost: 1738.398070234839 +- 4.624784413296879
Evaluating candidate model on evaluation dataset
Epoch 61 candidate mean 1735.8474525515098, baseline epoch 59 mean 1708.7240951381095, difference 27.1233574134003
Start train epoch 62, lr=0.0001 for run train_raw_50_20260228T011907
Evaluating baseline on dataset...
Training baseline model...
开始train_epoch正式训练，总的 batch 大小: 200
Start training epoch 62...
epoch: 62, train_batch_id: 0, avg_cost: 1779.007767888136
loss: -610.1243214693889, grad norm: 10472.0556640625, clipped: 1.0
epoch: 62, train_batch_id: 50, avg_cost: 1606.4663757184678
loss: -28.90565821976415, grad norm: 12717.517578125, clipped: 1.0
epoch: 62, train_batch_id: 100, avg_cost: 1748.2874093137636
loss: 149.9894043906496, grad norm: 10412.6142578125, clipped: 1.0
epoch: 62, train_batch_id: 150, avg_cost: 1728.5698886253924
loss: 238.75604534457193, grad norm: 8215.96484375, clipped: 1.0
Finished epoch 62, took 00:04:25 s
####Saving model and state...
调用validate
Validating...
Validation overall avg_cost: 1701.267052088626 +- 4.479694788823393
Evaluating candidate model on evaluation dataset
Epoch 62 candidate mean 1699.789141199756, baseline epoch 59 mean 1708.7240951381095, difference -8.934953938353601
p-value: 0.002640247766652877
Update baseline
Evaluating baseline model on evaluation dataset

Start train epoch 63, lr=0.0001 for run train_raw_50_20260228T011907
Evaluating baseline on dataset...
Training baseline model...
开始train_epoch正式训练，总的 batch 大小: 200
Start training epoch 63...
epoch: 63, train_batch_id: 0, avg_cost: 1701.8670743210664
loss: -103.54044356212603, grad norm: 6644.04345703125, clipped: 1.0
epoch: 63, train_batch_id: 50, avg_cost: 1796.2618028434604
loss: -237.19083889441424, grad norm: 11953.509765625, clipped: 1.0
epoch: 63, train_batch_id: 100, avg_cost: 1693.507722767345
loss: -396.65213333662695, grad norm: 11352.4443359375, clipped: 1.0
epoch: 63, train_batch_id: 150, avg_cost: 1857.0959477110632
loss: -743.0725709949386, grad norm: 12730.09765625, clipped: 1.0
Finished epoch 63, took 00:04:09 s
####Saving model and state...
调用validate
Validating...
Validation overall avg_cost: 1718.7249060163656 +- 4.452769951614249
Evaluating candidate model on evaluation dataset
Epoch 63 candidate mean 1725.26996946658, baseline epoch 62 mean 1710.1656265349286, difference 15.104342931651445
Start train epoch 64, lr=0.0001 for run train_raw_50_20260228T011907
Evaluating baseline on dataset...
Training baseline model...
开始train_epoch正式训练，总的 batch 大小: 200
Start training epoch 64...
epoch: 64, train_batch_id: 0, avg_cost: 1797.475070482299
loss: -135.0645786070458, grad norm: 11115.7412109375, clipped: 1.0
epoch: 64, train_batch_id: 50, avg_cost: 1611.115774287387
loss: -322.2742504997622, grad norm: 11475.4775390625, clipped: 1.0
epoch: 64, train_batch_id: 100, avg_cost: 1847.1351393421965
loss: -5382.264235353681, grad norm: 27618.474609375, clipped: 1.0
epoch: 64, train_batch_id: 150, avg_cost: 1615.7806975905282
loss: -794.940038993323, grad norm: 13615.6728515625, clipped: 1.0
Finished epoch 64, took 00:04:13 s
####Saving model and state...
调用validate
Validating...
Validation overall avg_cost: 1737.934678624014 +- 4.535985877677796
Evaluating candidate model on evaluation dataset
Epoch 64 candidate mean 1745.0946913673242, baseline epoch 62 mean 1710.1656265349286, difference 34.929064832395625
Start train epoch 65, lr=0.0001 for run train_raw_50_20260228T011907
Evaluating baseline on dataset...
Training baseline model...
开始train_epoch正式训练，总的 batch 大小: 200
Start training epoch 65...
epoch: 65, train_batch_id: 0, avg_cost: 1871.4940564915232
loss: -1191.775056934367, grad norm: 19815.861328125, clipped: 1.0
epoch: 65, train_batch_id: 50, avg_cost: 1620.2563453493874
loss: -226.24072381984206, grad norm: 12638.9072265625, clipped: 1.0
epoch: 65, train_batch_id: 100, avg_cost: 1643.480105963287
loss: -57.34979550753529, grad norm: 11687.26953125, clipped: 1.0
epoch: 65, train_batch_id: 150, avg_cost: 1561.5827024991804
loss: -428.3270589633611, grad norm: 11013.681640625, clipped: 1.0
Finished epoch 65, took 00:04:16 s
####Saving model and state...
调用validate
Validating...
Validation overall avg_cost: 1718.9897858276568 +- 4.52044585233912
Evaluating candidate model on evaluation dataset
Epoch 65 candidate mean 1722.225081473896, baseline epoch 62 mean 1710.1656265349286, difference 12.059454938967292
Start train epoch 66, lr=0.0001 for run train_raw_50_20260228T011907
Evaluating baseline on dataset...
Training baseline model...
开始train_epoch正式训练，总的 batch 大小: 200
Start training epoch 66...
epoch: 66, train_batch_id: 0, avg_cost: 1644.1469627902927
loss: -783.8172761874464, grad norm: 13623.3935546875, clipped: 1.0
epoch: 66, train_batch_id: 50, avg_cost: 1693.9024323348626
loss: -602.3774117078252, grad norm: 13824.5458984375, clipped: 1.0
epoch: 66, train_batch_id: 100, avg_cost: 1555.7089499318972
loss: -367.95639756360987, grad norm: 13996.7822265625, clipped: 1.0
epoch: 66, train_batch_id: 150, avg_cost: 1705.2882271908604
loss: -374.5309275315836, grad norm: 12854.6611328125, clipped: 1.0
Finished epoch 66, took 00:04:11 s
####Saving model and state...
调用validate
Validating...
Validation overall avg_cost: 1712.1655534525416 +- 4.4311543075598445
Evaluating candidate model on evaluation dataset
Epoch 66 candidate mean 1722.0131035411694, baseline epoch 62 mean 1710.1656265349286, difference 11.847477006240752
Start train epoch 67, lr=0.0001 for run train_raw_50_20260228T011907
Evaluating baseline on dataset...
Training baseline model...
开始train_epoch正式训练，总的 batch 大小: 200
Start training epoch 67...
epoch: 67, train_batch_id: 0, avg_cost: 1621.7041657355362
loss: -64.3209870763963, grad norm: 9226.9287109375, clipped: 1.0
epoch: 67, train_batch_id: 50, avg_cost: 1542.5561118900296
loss: -395.8007696534149, grad norm: 10727.46875, clipped: 1.0
epoch: 67, train_batch_id: 100, avg_cost: 1646.9943253685535
loss: -52.159216228079416, grad norm: 9112.9912109375, clipped: 1.0
epoch: 67, train_batch_id: 150, avg_cost: 1780.3257020413944
loss: -55.1556828134093, grad norm: 8598.0205078125, clipped: 1.0
Finished epoch 67, took 00:04:13 s
####Saving model and state...
调用validate
Validating...
Validation overall avg_cost: 1696.267982769434 +- 4.537702746456947
Evaluating candidate model on evaluation dataset
Epoch 67 candidate mean 1699.9370136095586, baseline epoch 62 mean 1710.1656265349286, difference -10.228612925370044
p-value: 0.0009201125195412021
Update baseline
Evaluating baseline model on evaluation dataset

Start train epoch 68, lr=0.0001 for run train_raw_50_20260228T011907
Evaluating baseline on dataset...
Training baseline model...
开始train_epoch正式训练，总的 batch 大小: 200
Start training epoch 68...
epoch: 68, train_batch_id: 0, avg_cost: 1780.5131995925178
loss: -191.3677992531437, grad norm: 8362.6953125, clipped: 1.0
epoch: 68, train_batch_id: 50, avg_cost: 1726.1609587847568
loss: 116.57420736414946, grad norm: 9365.2705078125, clipped: 1.0
epoch: 68, train_batch_id: 100, avg_cost: 1787.4595995588447
loss: -215.39354142905796, grad norm: 11906.849609375, clipped: 1.0
epoch: 68, train_batch_id: 150, avg_cost: 1639.859739684482
loss: 191.19942592762482, grad norm: 11001.7265625, clipped: 1.0
Finished epoch 68, took 00:04:15 s
####Saving model and state...
调用validate
Validating...
Validation overall avg_cost: 1689.552251626852 +- 4.392933339674482
Evaluating candidate model on evaluation dataset
Epoch 68 candidate mean 1684.938517448671, baseline epoch 67 mean 1702.9496274780256, difference -18.01111002935454
p-value: 5.4576669251690055e-09
Update baseline
Evaluating baseline model on evaluation dataset

Start train epoch 69, lr=0.0001 for run train_raw_50_20260228T011907
Evaluating baseline on dataset...
Training baseline model...
开始train_epoch正式训练，总的 batch 大小: 200
Start training epoch 69...
epoch: 69, train_batch_id: 0, avg_cost: 1838.5315339100327
loss: -506.65914850218144, grad norm: 7133.4716796875, clipped: 1.0
epoch: 69, train_batch_id: 50, avg_cost: 1638.357285123671
loss: -47.10472057369107, grad norm: 10030.5859375, clipped: 1.0
epoch: 69, train_batch_id: 100, avg_cost: 1566.8006303271359
loss: -70.98666551762422, grad norm: 10513.91796875, clipped: 1.0
epoch: 69, train_batch_id: 150, avg_cost: 1737.0040680905627
loss: -191.96086616411947, grad norm: 9865.705078125, clipped: 1.0
Finished epoch 69, took 00:04:16 s
####Saving model and state...
调用validate
Validating...
Validation overall avg_cost: 1678.7321001860305 +- 4.48675796811857
Evaluating candidate model on evaluation dataset
Epoch 69 candidate mean 1676.7921872596223, baseline epoch 68 mean 1694.512280464107, difference -17.720093204484783
p-value: 6.2398169496205445e-09
Update baseline
Evaluating baseline model on evaluation dataset

Start train epoch 70, lr=0.0001 for run train_raw_50_20260228T011907
Evaluating baseline on dataset...
Training baseline model...
开始train_epoch正式训练，总的 batch 大小: 200
Start training epoch 70...
epoch: 70, train_batch_id: 0, avg_cost: 1618.5387172837495
loss: -17.838161804875178, grad norm: 5483.224609375, clipped: 1.0
epoch: 70, train_batch_id: 50, avg_cost: 1672.155792409576
loss: -182.55127568294137, grad norm: 11828.4970703125, clipped: 1.0
epoch: 70, train_batch_id: 100, avg_cost: 1545.9761945142845
loss: -460.53413863582443, grad norm: 13397.025390625, clipped: 1.0
epoch: 70, train_batch_id: 150, avg_cost: 1720.8343708517643
loss: 73.31745314084591, grad norm: 9795.5927734375, clipped: 1.0
Finished epoch 70, took 00:04:14 s
####Saving model and state...
调用validate
Validating...
Validation overall avg_cost: 1658.0369034909077 +- 4.2362138620479906
Evaluating candidate model on evaluation dataset
Epoch 70 candidate mean 1665.1436301986787, baseline epoch 69 mean 1679.577405619642, difference -14.43377542096323
p-value: 2.1951936462789802e-07
Update baseline
Evaluating baseline model on evaluation dataset

Start train epoch 71, lr=0.0001 for run train_raw_50_20260228T011907
Evaluating baseline on dataset...
Training baseline model...
开始train_epoch正式训练，总的 batch 大小: 200
Start training epoch 71...
epoch: 71, train_batch_id: 0, avg_cost: 1614.1084806261165
loss: -107.42078643206301, grad norm: 5021.9833984375, clipped: 1.0
epoch: 71, train_batch_id: 50, avg_cost: 1772.9019248060886
loss: -222.83975422876946, grad norm: 9208.23828125, clipped: 1.0
epoch: 71, train_batch_id: 100, avg_cost: 1651.9226130267202
loss: -451.06039670641206, grad norm: 10000.1171875, clipped: 1.0
epoch: 71, train_batch_id: 150, avg_cost: 1680.8505159772055
loss: -169.0671110350445, grad norm: 9812.1162109375, clipped: 1.0
Finished epoch 71, took 00:04:17 s
####Saving model and state...
调用validate
Validating...
Validation overall avg_cost: 1685.9676858247794 +- 4.226521121480837
Evaluating candidate model on evaluation dataset
Epoch 71 candidate mean 1682.9555576509426, baseline epoch 70 mean 1661.074165991379, difference 21.881391659563633
Start train epoch 72, lr=0.0001 for run train_raw_50_20260228T011907
Evaluating baseline on dataset...
Training baseline model...
开始train_epoch正式训练，总的 batch 大小: 200
Start training epoch 72...
epoch: 72, train_batch_id: 0, avg_cost: 1754.2957520040277
loss: -536.4414776795559, grad norm: 10460.1826171875, clipped: 1.0
epoch: 72, train_batch_id: 50, avg_cost: 1731.1762397628186
loss: -891.3163064028377, grad norm: 16272.494140625, clipped: 1.0
epoch: 72, train_batch_id: 100, avg_cost: 1656.3598146672607
loss: -954.7700183513139, grad norm: 10312.484375, clipped: 1.0
epoch: 72, train_batch_id: 150, avg_cost: 1706.4401260446289
loss: -862.5448924012493, grad norm: 10789.3232421875, clipped: 1.0
Finished epoch 72, took 00:04:15 s
####Saving model and state...
调用validate
Validating...
Validation overall avg_cost: 1696.1957654930975 +- 4.429840313873173
Evaluating candidate model on evaluation dataset
Epoch 72 candidate mean 1697.6572120372866, baseline epoch 70 mean 1661.074165991379, difference 36.58304604590762
Start train epoch 73, lr=0.0001 for run train_raw_50_20260228T011907
Evaluating baseline on dataset...
Training baseline model...
开始train_epoch正式训练，总的 batch 大小: 200
Start training epoch 73...
epoch: 73, train_batch_id: 0, avg_cost: 1687.5675192221738
loss: -791.0706404991048, grad norm: 13930.68359375, clipped: 1.0
epoch: 73, train_batch_id: 50, avg_cost: 1613.0691657642055
loss: -276.7832921687098, grad norm: 10698.0556640625, clipped: 1.0
epoch: 73, train_batch_id: 100, avg_cost: 1840.4119439604885
loss: -293.32744749434846, grad norm: 12468.8017578125, clipped: 1.0
epoch: 73, train_batch_id: 150, avg_cost: 1523.0073443781625
loss: -280.6268585547175, grad norm: 12712.04296875, clipped: 1.0
Finished epoch 73, took 00:04:12 s
####Saving model and state...
调用validate
Validating...
Validation overall avg_cost: 1680.5323252381238 +- 4.383774852154332
Evaluating candidate model on evaluation dataset
Epoch 73 candidate mean 1681.5026340293987, baseline epoch 70 mean 1661.074165991379, difference 20.428468038019673
Start train epoch 74, lr=0.0001 for run train_raw_50_20260228T011907
Evaluating baseline on dataset...
Training baseline model...
开始train_epoch正式训练，总的 batch 大小: 200
Start training epoch 74...
epoch: 74, train_batch_id: 0, avg_cost: 1624.3527525725888
loss: -574.9397279157672, grad norm: 9423.4990234375, clipped: 1.0
epoch: 74, train_batch_id: 50, avg_cost: 1592.01292472754
loss: -465.94992066749717, grad norm: 10061.3056640625, clipped: 1.0
epoch: 74, train_batch_id: 100, avg_cost: 1638.2599420436914
loss: -500.06204042293507, grad norm: 10874.509765625, clipped: 1.0
epoch: 74, train_batch_id: 150, avg_cost: 1624.937275798428
loss: -871.4806579625678, grad norm: 14223.3994140625, clipped: 1.0
Finished epoch 74, took 00:04:11 s
####Saving model and state...
调用validate
Validating...
Validation overall avg_cost: 1690.3707386588524 +- 4.331463424274221
Evaluating candidate model on evaluation dataset
Epoch 74 candidate mean 1689.8435628802497, baseline epoch 70 mean 1661.074165991379, difference 28.769396888870688
Start train epoch 75, lr=0.0001 for run train_raw_50_20260228T011907
Evaluating baseline on dataset...
Training baseline model...
开始train_epoch正式训练，总的 batch 大小: 200
Start training epoch 75...
epoch: 75, train_batch_id: 0, avg_cost: 1500.9513738586847
loss: -368.90831098587387, grad norm: 8401.8017578125, clipped: 1.0
epoch: 75, train_batch_id: 50, avg_cost: 1813.7581606759866
loss: -603.1020713613983, grad norm: 11160.5078125, clipped: 1.0
epoch: 75, train_batch_id: 100, avg_cost: 1647.48248575056
loss: -481.6939795989565, grad norm: 11231.3056640625, clipped: 1.0
epoch: 75, train_batch_id: 150, avg_cost: 1786.5416609338145
loss: -799.7416790200348, grad norm: 9991.349609375, clipped: 1.0
Finished epoch 75, took 00:04:14 s
####Saving model and state...
调用validate
Validating...
Validation overall avg_cost: 1702.036990181589 +- 4.328654048649732
Evaluating candidate model on evaluation dataset
Epoch 75 candidate mean 1699.334002224612, baseline epoch 70 mean 1661.074165991379, difference 38.259836233233045
Start train epoch 76, lr=0.0001 for run train_raw_50_20260228T011907
Evaluating baseline on dataset...
Training baseline model...
开始train_epoch正式训练，总的 batch 大小: 200
Start training epoch 76...
epoch: 76, train_batch_id: 0, avg_cost: 1729.8426386467202
loss: -548.1838986688845, grad norm: 10744.677734375, clipped: 1.0
epoch: 76, train_batch_id: 50, avg_cost: 1655.1568387365242
loss: -992.5526724931569, grad norm: 15288.5244140625, clipped: 1.0
epoch: 76, train_batch_id: 100, avg_cost: 1655.0861560724484
loss: -482.1787577224484, grad norm: 10121.298828125, clipped: 1.0
epoch: 76, train_batch_id: 150, avg_cost: 1809.1863013705142
loss: -910.2122104059044, grad norm: 18309.060546875, clipped: 1.0
Finished epoch 76, took 00:04:20 s
####Saving model and state...
调用validate
Validating...
Validation overall avg_cost: 1716.4687608732308 +- 4.375786720469116
Evaluating candidate model on evaluation dataset
Epoch 76 candidate mean 1712.114629077857, baseline epoch 70 mean 1661.074165991379, difference 51.040463086477985
Start train epoch 77, lr=0.0001 for run train_raw_50_20260228T011907
Evaluating baseline on dataset...
Training baseline model...
开始train_epoch正式训练，总的 batch 大小: 200
Start training epoch 77...
epoch: 77, train_batch_id: 0, avg_cost: 1707.2083385727587
loss: -802.6850946962049, grad norm: 13218.33984375, clipped: 1.0
epoch: 77, train_batch_id: 50, avg_cost: 1510.9892906094221
loss: -332.61788305315395, grad norm: 11189.1611328125, clipped: 1.0
epoch: 77, train_batch_id: 100, avg_cost: 1708.1751702387091
loss: -38.667754186765315, grad norm: 8759.880859375, clipped: 1.0
epoch: 77, train_batch_id: 150, avg_cost: 1782.9122493794134
loss: -547.6659970911659, grad norm: 21189.08984375, clipped: 1.0
Finished epoch 77, took 00:04:18 s
####Saving model and state...
调用validate
Validating...
Validation overall avg_cost: 1681.6225998983562 +- 4.409974645285938
Evaluating candidate model on evaluation dataset
Epoch 77 candidate mean 1679.1359022820197, baseline epoch 70 mean 1661.074165991379, difference 18.061736290640738
Start train epoch 78, lr=0.0001 for run train_raw_50_20260228T011907
Evaluating baseline on dataset...
Training baseline model...
开始train_epoch正式训练，总的 batch 大小: 200
Start training epoch 78...
epoch: 78, train_batch_id: 0, avg_cost: 1590.47194149921
loss: -231.98401935712758, grad norm: 8388.2470703125, clipped: 1.0
epoch: 78, train_batch_id: 50, avg_cost: 1656.440400419787
loss: -565.2570204624815, grad norm: 11545.2431640625, clipped: 1.0
epoch: 78, train_batch_id: 100, avg_cost: 1639.461208877146
loss: -398.6147729981711, grad norm: 11963.443359375, clipped: 1.0
epoch: 78, train_batch_id: 150, avg_cost: 1791.3723260878937
loss: -335.6232318709782, grad norm: 11363.7578125, clipped: 1.0
Finished epoch 78, took 00:04:15 s
####Saving model and state...
调用validate
Validating...
Validation overall avg_cost: 1687.7793099951996 +- 4.533484650848124
Evaluating candidate model on evaluation dataset
Epoch 78 candidate mean 1686.8684830867426, baseline epoch 70 mean 1661.074165991379, difference 25.794317095363567
Start train epoch 79, lr=0.0001 for run train_raw_50_20260228T011907
Evaluating baseline on dataset...
Training baseline model...
开始train_epoch正式训练，总的 batch 大小: 200
Start training epoch 79...
epoch: 79, train_batch_id: 0, avg_cost: 1612.0705770961301
loss: -427.92923498031513, grad norm: 7566.349609375, clipped: 1.0
epoch: 79, train_batch_id: 50, avg_cost: 1683.206882575903
loss: -259.5115527506664, grad norm: 10727.73046875, clipped: 1.0
epoch: 79, train_batch_id: 100, avg_cost: 1868.4027442703377
loss: -604.0145161431846, grad norm: 11292.8017578125, clipped: 1.0
epoch: 79, train_batch_id: 150, avg_cost: 1731.0877104135593
loss: -839.6443652538667, grad norm: 11229.8388671875, clipped: 1.0
Finished epoch 79, took 00:04:09 s
####Saving model and state...
调用validate
Validating...
Validation overall avg_cost: 1733.2275123145623 +- 4.54586505510836
Evaluating candidate model on evaluation dataset
Epoch 79 candidate mean 1734.8912912098097, baseline epoch 70 mean 1661.074165991379, difference 73.81712521843065
Start train epoch 80, lr=0.0001 for run train_raw_50_20260228T011907
Evaluating baseline on dataset...
Training baseline model...
开始train_epoch正式训练，总的 batch 大小: 200
Start training epoch 80...
epoch: 80, train_batch_id: 0, avg_cost: 1674.539226128797
loss: -591.5573149230992, grad norm: 14511.28515625, clipped: 1.0
epoch: 80, train_batch_id: 50, avg_cost: 1740.2606691026751
loss: -712.8199065697183, grad norm: 13224.107421875, clipped: 1.0
epoch: 80, train_batch_id: 100, avg_cost: 1590.0057025255232
loss: -664.7240055452014, grad norm: 16904.041015625, clipped: 1.0
epoch: 80, train_batch_id: 150, avg_cost: 1634.3437472918263
loss: -518.026821433335, grad norm: 13148.3994140625, clipped: 1.0
Finished epoch 80, took 00:04:14 s
####Saving model and state...
调用validate
Validating...
Validation overall avg_cost: 1700.0391324353204 +- 4.456663561233549
Evaluating candidate model on evaluation dataset
Epoch 80 candidate mean 1693.0084125290189, baseline epoch 70 mean 1661.074165991379, difference 31.934246537639865
Start train epoch 81, lr=0.0001 for run train_raw_50_20260228T011907
Evaluating baseline on dataset...
Training baseline model...
开始train_epoch正式训练，总的 batch 大小: 200
Start training epoch 81...
epoch: 81, train_batch_id: 0, avg_cost: 1604.254985460289
loss: -1791.1945948241362, grad norm: 14891.154296875, clipped: 1.0
epoch: 81, train_batch_id: 50, avg_cost: 1680.5343352505265
loss: -69.5335667560912, grad norm: 8249.59765625, clipped: 1.0
epoch: 81, train_batch_id: 100, avg_cost: 1757.5357657924746
loss: -262.6545130416754, grad norm: 8041.2890625, clipped: 1.0
epoch: 81, train_batch_id: 150, avg_cost: 1700.9959762311094
loss: -801.0785058805154, grad norm: 11263.11328125, clipped: 1.0
Finished epoch 81, took 00:04:08 s
####Saving model and state...
调用validate
Validating...
Validation overall avg_cost: 1697.9725150981258 +- 4.411973323324151
Evaluating candidate model on evaluation dataset
Epoch 81 candidate mean 1693.002480287123, baseline epoch 70 mean 1661.074165991379, difference 31.92831429574403
Start train epoch 82, lr=0.0001 for run train_raw_50_20260228T011907
Evaluating baseline on dataset...
Training baseline model...
开始train_epoch正式训练，总的 batch 大小: 200
Start training epoch 82...
epoch: 82, train_batch_id: 0, avg_cost: 1880.8105786254841
loss: -515.3538778484851, grad norm: 11396.0654296875, clipped: 1.0
epoch: 82, train_batch_id: 50, avg_cost: 1675.5149317452551
loss: -259.78409826501775, grad norm: 13938.7392578125, clipped: 1.0
epoch: 82, train_batch_id: 100, avg_cost: 1563.1432701841538
loss: -534.4435645276973, grad norm: 8741.580078125, clipped: 1.0
epoch: 82, train_batch_id: 150, avg_cost: 1690.9196969821774
loss: -529.5264667339288, grad norm: 10015.3408203125, clipped: 1.0
Finished epoch 82, took 00:04:12 s
####Saving model and state...
调用validate
Validating...
Validation overall avg_cost: 1718.1012905415148 +- 4.420208760072171
Evaluating candidate model on evaluation dataset
Epoch 82 candidate mean 1711.3167756258097, baseline epoch 70 mean 1661.074165991379, difference 50.242609634430664
Start train epoch 83, lr=0.0001 for run train_raw_50_20260228T011907
Evaluating baseline on dataset...
Training baseline model...
开始train_epoch正式训练，总的 batch 大小: 200
Start training epoch 83...
epoch: 83, train_batch_id: 0, avg_cost: 1818.044205894947
loss: -620.4063564109662, grad norm: 9770.029296875, clipped: 1.0
epoch: 83, train_batch_id: 50, avg_cost: 1780.0963747557994
loss: -692.8096295853388, grad norm: 17414.720703125, clipped: 1.0
epoch: 83, train_batch_id: 100, avg_cost: 1607.6098978561258
loss: -494.5824759641967, grad norm: 11495.419921875, clipped: 1.0
epoch: 83, train_batch_id: 150, avg_cost: 1604.303616893449
loss: -1134.990340799871, grad norm: 14782.8515625, clipped: 1.0
Finished epoch 83, took 00:04:14 s
####Saving model and state...
调用validate
Validating...
Validation overall avg_cost: 1710.8084070291281 +- 4.491254196652866
Evaluating candidate model on evaluation dataset
Epoch 83 candidate mean 1707.8924125618598, baseline epoch 70 mean 1661.074165991379, difference 46.818246570480824
Start train epoch 84, lr=0.0001 for run train_raw_50_20260228T011907
Evaluating baseline on dataset...
Training baseline model...
开始train_epoch正式训练，总的 batch 大小: 200
Start training epoch 84...
epoch: 84, train_batch_id: 0, avg_cost: 1804.4157778934527
loss: -787.9271004828357, grad norm: 12019.5048828125, clipped: 1.0
epoch: 84, train_batch_id: 50, avg_cost: 1494.4292286994933
loss: -272.9467299745058, grad norm: 9951.9140625, clipped: 1.0
epoch: 84, train_batch_id: 100, avg_cost: 1844.2539853001222
loss: -849.8387399994655, grad norm: 16992.021484375, clipped: 1.0
epoch: 84, train_batch_id: 150, avg_cost: 1639.0407761685333
loss: -777.4785761762553, grad norm: 11542.130859375, clipped: 1.0
Finished epoch 84, took 00:04:14 s
####Saving model and state...
调用validate
Validating...
Validation overall avg_cost: 1710.3215796851714 +- 4.381797654872221
Evaluating candidate model on evaluation dataset
Epoch 84 candidate mean 1701.0729267240442, baseline epoch 70 mean 1661.074165991379, difference 39.99876073266523
Start train epoch 85, lr=0.0001 for run train_raw_50_20260228T011907
Evaluating baseline on dataset...
Training baseline model...
开始train_epoch正式训练，总的 batch 大小: 200
Start training epoch 85...
epoch: 85, train_batch_id: 0, avg_cost: 1547.3488895355565
loss: -515.1492899996578, grad norm: 11182.6865234375, clipped: 1.0
epoch: 85, train_batch_id: 50, avg_cost: 1593.6915023942652
loss: -385.9788583761632, grad norm: 9494.458984375, clipped: 1.0
epoch: 85, train_batch_id: 100, avg_cost: 1653.220838989359
loss: -798.4954495319772, grad norm: 11231.8251953125, clipped: 1.0
epoch: 85, train_batch_id: 150, avg_cost: 1596.8025114481732
loss: -833.260757194704, grad norm: 11947.5068359375, clipped: 1.0
Finished epoch 85, took 00:04:16 s
####Saving model and state...
调用validate
Validating...
Validation overall avg_cost: 1703.5222580543161 +- 4.476245383357479
Evaluating candidate model on evaluation dataset
Epoch 85 candidate mean 1693.4654002311065, baseline epoch 70 mean 1661.074165991379, difference 32.39123423972751
Start train epoch 86, lr=0.0001 for run train_raw_50_20260228T011907
Evaluating baseline on dataset...
Training baseline model...
开始train_epoch正式训练，总的 batch 大小: 200
Start training epoch 86...
epoch: 86, train_batch_id: 0, avg_cost: 1548.0098467742446
loss: -332.7844556242282, grad norm: 10253.7841796875, clipped: 1.0
epoch: 86, train_batch_id: 50, avg_cost: 1800.2654911506763
loss: -1160.303280206851, grad norm: 13418.724609375, clipped: 1.0
epoch: 86, train_batch_id: 100, avg_cost: 1842.4702547998913
loss: -480.8390164308088, grad norm: 10320.28125, clipped: 1.0
epoch: 86, train_batch_id: 150, avg_cost: 1595.676307588466
loss: -744.3369336960005, grad norm: 9957.240234375, clipped: 1.0
Finished epoch 86, took 00:04:12 s
####Saving model and state...
调用validate
Validating...
Validation overall avg_cost: 1683.7997275054204 +- 4.547627105507127
Evaluating candidate model on evaluation dataset
Epoch 86 candidate mean 1678.9966743245716, baseline epoch 70 mean 1661.074165991379, difference 17.92250833319258
Start train epoch 87, lr=0.0001 for run train_raw_50_20260228T011907
Evaluating baseline on dataset...
Training baseline model...
开始train_epoch正式训练，总的 batch 大小: 200
Start training epoch 87...
epoch: 87, train_batch_id: 0, avg_cost: 1654.069109660922
loss: -427.8879139844877, grad norm: 9514.5341796875, clipped: 1.0
epoch: 87, train_batch_id: 50, avg_cost: 1547.3840277583533
loss: 15.085601093715468, grad norm: 9258.025390625, clipped: 1.0
epoch: 87, train_batch_id: 100, avg_cost: 1530.5781794508373
loss: -66.54021994846272, grad norm: 7209.09716796875, clipped: 1.0
epoch: 87, train_batch_id: 150, avg_cost: 1717.7923909048827
loss: -414.90532446148933, grad norm: 9124.953125, clipped: 1.0
Finished epoch 87, took 00:04:13 s
####Saving model and state...
调用validate
Validating...
Validation overall avg_cost: 1705.761118907327 +- 4.5535173990209765
Evaluating candidate model on evaluation dataset
Epoch 87 candidate mean 1703.7697981206393, baseline epoch 70 mean 1661.074165991379, difference 42.695632129260275
Start train epoch 88, lr=0.0001 for run train_raw_50_20260228T011907
Evaluating baseline on dataset...
Training baseline model...
开始train_epoch正式训练，总的 batch 大小: 200
Start training epoch 88...
epoch: 88, train_batch_id: 0, avg_cost: 1547.341714763972
loss: -438.51765686602124, grad norm: 9063.982421875, clipped: 1.0
epoch: 88, train_batch_id: 50, avg_cost: 1754.631583637707
loss: -273.36918253720876, grad norm: 8737.6767578125, clipped: 1.0
epoch: 88, train_batch_id: 100, avg_cost: 1700.0102508920618
loss: 111.6641665289909, grad norm: 9226.900390625, clipped: 1.0
epoch: 88, train_batch_id: 150, avg_cost: 1798.5006180305438
loss: -198.61542440817462, grad norm: 10018.5244140625, clipped: 1.0
Finished epoch 88, took 00:04:17 s
####Saving model and state...
调用validate
Validating...
Validation overall avg_cost: 1640.719351350251 +- 4.246236905142564
Evaluating candidate model on evaluation dataset
Epoch 88 candidate mean 1637.482689378891, baseline epoch 70 mean 1661.074165991379, difference -23.591476612487895
p-value: 4.119302502130797e-14
Update baseline
Evaluating baseline model on evaluation dataset

Start train epoch 89, lr=0.0001 for run train_raw_50_20260228T011907
Evaluating baseline on dataset...
Training baseline model...
开始train_epoch正式训练，总的 batch 大小: 200
Start training epoch 89...
epoch: 89, train_batch_id: 0, avg_cost: 1686.8614694088367
loss: -189.550462778428, grad norm: 7513.96435546875, clipped: 1.0
epoch: 89, train_batch_id: 50, avg_cost: 1830.5130059786893
loss: -124.6639020651925, grad norm: 9191.9716796875, clipped: 1.0
epoch: 89, train_batch_id: 100, avg_cost: 1633.1043860749724
loss: 19.643341282307077, grad norm: 7812.24951171875, clipped: 1.0
epoch: 89, train_batch_id: 150, avg_cost: 1696.1020090116713
loss: -371.1684484042576, grad norm: 6638.8291015625, clipped: 1.0
Finished epoch 89, took 00:04:02 s
####Saving model and state...
调用validate
Validating...
Validation overall avg_cost: 1640.369259260346 +- 4.192937238127865
Evaluating candidate model on evaluation dataset
Epoch 89 candidate mean 1651.6264842822952, baseline epoch 88 mean 1655.431465992533, difference -3.8049817102378256
p-value: 0.09297521011865567
Start train epoch 90, lr=0.0001 for run train_raw_50_20260228T011907
Evaluating baseline on dataset...
Training baseline model...
开始train_epoch正式训练，总的 batch 大小: 200
Start training epoch 90...
epoch: 90, train_batch_id: 0, avg_cost: 1729.3613661214786
loss: 16.84365766725749, grad norm: 6579.70458984375, clipped: 1.0
epoch: 90, train_batch_id: 50, avg_cost: 1669.403122086165
loss: -57.02804071430051, grad norm: 7576.802734375, clipped: 1.0
epoch: 90, train_batch_id: 100, avg_cost: 1583.0420258324748
loss: -283.0147660333058, grad norm: 7889.7158203125, clipped: 1.0
epoch: 90, train_batch_id: 150, avg_cost: 1503.4969326704643
loss: -261.10855449067316, grad norm: 9417.1630859375, clipped: 1.0
Finished epoch 90, took 00:04:01 s
####Saving model and state...
调用validate
Validating...
Validation overall avg_cost: 1632.3013772358363 +- 4.146969498255942
Evaluating candidate model on evaluation dataset
Epoch 90 candidate mean 1639.8811368191214, baseline epoch 88 mean 1655.431465992533, difference -15.550329173411683
p-value: 1.2679432104420625e-08
Update baseline
Evaluating baseline model on evaluation dataset

Start train epoch 91, lr=0.0001 for run train_raw_50_20260228T011907
Evaluating baseline on dataset...
Training baseline model...
开始train_epoch正式训练，总的 batch 大小: 200
Start training epoch 91...
epoch: 91, train_batch_id: 0, avg_cost: 1663.4093441281882
loss: -5.991439128679104, grad norm: 4284.60009765625, clipped: 1.0
epoch: 91, train_batch_id: 50, avg_cost: 1819.9324552587923
loss: -244.46737793530468, grad norm: 7265.2021484375, clipped: 1.0
epoch: 91, train_batch_id: 100, avg_cost: 1634.1322724086856
loss: -545.6788468407516, grad norm: 9010.3330078125, clipped: 1.0
epoch: 91, train_batch_id: 150, avg_cost: 1449.8016046571079
loss: -133.3819034554442, grad norm: 6824.71728515625, clipped: 1.0
Finished epoch 91, took 00:04:06 s
####Saving model and state...
调用validate
Validating...
Validation overall avg_cost: 1615.2356246908948 +- 4.049237830719844
Evaluating candidate model on evaluation dataset
Epoch 91 candidate mean 1613.2072377007487, baseline epoch 90 mean 1633.208050628277, difference -20.000812927528386
p-value: 5.7772481509598884e-15
Update baseline
Evaluating baseline model on evaluation dataset

Start train epoch 92, lr=0.0001 for run train_raw_50_20260228T011907
Evaluating baseline on dataset...
Training baseline model...
开始train_epoch正式训练，总的 batch 大小: 200
Start training epoch 92...
epoch: 92, train_batch_id: 0, avg_cost: 1722.2041822328404
loss: -128.64896628580408, grad norm: 6011.419921875, clipped: 1.0
epoch: 92, train_batch_id: 50, avg_cost: 1611.4609482231244
loss: -285.01445982172254, grad norm: 7139.53271484375, clipped: 1.0
epoch: 92, train_batch_id: 100, avg_cost: 1731.4411133143349
loss: -354.46211851599196, grad norm: 8982.2822265625, clipped: 1.0
epoch: 92, train_batch_id: 150, avg_cost: 1609.6613429408426
loss: -633.2029182647935, grad norm: 9377.3515625, clipped: 1.0
Finished epoch 92, took 00:03:59 s
####Saving model and state...
调用validate
Validating...
Validation overall avg_cost: 1617.5177539790461 +- 4.312894848644126
Evaluating candidate model on evaluation dataset
Epoch 92 candidate mean 1620.4804053836492, baseline epoch 91 mean 1613.7601235000545, difference 6.72028188359468
Start train epoch 93, lr=0.0001 for run train_raw_50_20260228T011907
Evaluating baseline on dataset...
Training baseline model...
开始train_epoch正式训练，总的 batch 大小: 200
Start training epoch 93...
epoch: 93, train_batch_id: 0, avg_cost: 1505.3879935061984
loss: -155.45519733419604, grad norm: 8236.296875, clipped: 1.0
epoch: 93, train_batch_id: 50, avg_cost: 1795.640455420976
loss: -208.45443452421597, grad norm: 7975.505859375, clipped: 1.0
epoch: 93, train_batch_id: 100, avg_cost: 1337.071236723154
loss: -574.8432918694368, grad norm: 9724.4619140625, clipped: 1.0
epoch: 93, train_batch_id: 150, avg_cost: 1439.8130531069419
loss: -177.01823183632914, grad norm: 7030.13525390625, clipped: 1.0
Finished epoch 93, took 00:03:59 s
####Saving model and state...
调用validate
Validating...
Validation overall avg_cost: 1615.902650570685 +- 4.133855017577077
Evaluating candidate model on evaluation dataset
Epoch 93 candidate mean 1618.4375701897982, baseline epoch 91 mean 1613.7601235000545, difference 4.677446689743647
Start train epoch 94, lr=0.0001 for run train_raw_50_20260228T011907
Evaluating baseline on dataset...
Training baseline model...
开始train_epoch正式训练，总的 batch 大小: 200
Start training epoch 94...
epoch: 94, train_batch_id: 0, avg_cost: 1639.072914855601
loss: 96.10017671275507, grad norm: 7722.9931640625, clipped: 1.0
epoch: 94, train_batch_id: 50, avg_cost: 1643.5571956337894
loss: -73.99469265329341, grad norm: 8936.544921875, clipped: 1.0
epoch: 94, train_batch_id: 100, avg_cost: 1655.4035234423905
loss: -101.77945032889357, grad norm: 8486.0302734375, clipped: 1.0
epoch: 94, train_batch_id: 150, avg_cost: 1637.7639723334996
loss: -451.32533167452107, grad norm: 11717.251953125, clipped: 1.0
Finished epoch 94, took 00:04:04 s
####Saving model and state...
调用validate
Validating...
Validation overall avg_cost: 1612.695829590828 +- 4.125169496115148
Evaluating candidate model on evaluation dataset
Epoch 94 candidate mean 1617.3704164333408, baseline epoch 91 mean 1613.7601235000545, difference 3.610292933286246
Start train epoch 95, lr=0.0001 for run train_raw_50_20260228T011907
Evaluating baseline on dataset...
Training baseline model...
开始train_epoch正式训练，总的 batch 大小: 200
Start training epoch 95...
epoch: 95, train_batch_id: 0, avg_cost: 1609.9455607489826
loss: -370.7855400068381, grad norm: 9009.390625, clipped: 1.0
epoch: 95, train_batch_id: 50, avg_cost: 1614.6244279586685
loss: -134.18051789041868, grad norm: 11090.4130859375, clipped: 1.0
epoch: 95, train_batch_id: 100, avg_cost: 1557.1276850488275
loss: 20.105204448848028, grad norm: 9752.2333984375, clipped: 1.0
epoch: 95, train_batch_id: 150, avg_cost: 1742.4915702818357
loss: -723.7317331024312, grad norm: 8249.9248046875, clipped: 1.0
Finished epoch 95, took 00:04:12 s
####Saving model and state...
调用validate
Validating...
Validation overall avg_cost: 1598.6552275818792 +- 3.955017154165455
Evaluating candidate model on evaluation dataset
Epoch 95 candidate mean 1595.9920442292234, baseline epoch 91 mean 1613.7601235000545, difference -17.768079270831095
p-value: 2.242215313498719e-11
Update baseline
Evaluating baseline model on evaluation dataset

Start train epoch 96, lr=0.0001 for run train_raw_50_20260228T011907
Evaluating baseline on dataset...
Training baseline model...
开始train_epoch正式训练，总的 batch 大小: 200
Start training epoch 96...
epoch: 96, train_batch_id: 0, avg_cost: 1626.0286894689743
loss: -139.76890799672714, grad norm: 2925.268310546875, clipped: 1.0
epoch: 96, train_batch_id: 50, avg_cost: 1612.1528027234813
loss: -413.8937710417585, grad norm: 7500.06689453125, clipped: 1.0
epoch: 96, train_batch_id: 100, avg_cost: 1698.7185815798912
loss: -242.04847820031125, grad norm: 6819.060546875, clipped: 1.0
epoch: 96, train_batch_id: 150, avg_cost: 1808.7824184060364
loss: -265.8268169074588, grad norm: 6034.82470703125, clipped: 1.0
Finished epoch 96, took 00:04:17 s
####Saving model and state...
调用validate
Validating...
Validation overall avg_cost: 1599.532735733853 +- 4.027963798923873
Evaluating candidate model on evaluation dataset
Epoch 96 candidate mean 1594.316219643624, baseline epoch 95 mean 1594.0664024791738, difference 0.2498171644501781
Start train epoch 97, lr=0.0001 for run train_raw_50_20260228T011907
Evaluating baseline on dataset...
Training baseline model...
开始train_epoch正式训练，总的 batch 大小: 200
Start training epoch 97...
epoch: 97, train_batch_id: 0, avg_cost: 1855.7059756967246
loss: -181.90845654871327, grad norm: 6787.13818359375, clipped: 1.0
epoch: 97, train_batch_id: 50, avg_cost: 1573.0899794334014
loss: 134.42325791302784, grad norm: 5528.947265625, clipped: 1.0
epoch: 97, train_batch_id: 100, avg_cost: 1740.9161626531036
loss: -171.69119783358232, grad norm: 9353.44921875, clipped: 1.0
epoch: 97, train_batch_id: 150, avg_cost: 1587.112313860651
loss: 19.52756768161632, grad norm: 7662.35546875, clipped: 1.0
Finished epoch 97, took 00:04:19 s
####Saving model and state...
调用validate
Validating...
Validation overall avg_cost: 1591.510983334654 +- 4.000370000171962
Evaluating candidate model on evaluation dataset
Epoch 97 candidate mean 1591.5766608389813, baseline epoch 95 mean 1594.0664024791738, difference -2.4897416401925057
p-value: 0.1580110168375255
Start train epoch 98, lr=0.0001 for run train_raw_50_20260228T011907
Evaluating baseline on dataset...
Training baseline model...
开始train_epoch正式训练，总的 batch 大小: 200
Start training epoch 98...
epoch: 98, train_batch_id: 0, avg_cost: 1618.29628021072
loss: -176.59879789051496, grad norm: 7978.5458984375, clipped: 1.0
epoch: 98, train_batch_id: 50, avg_cost: 1554.9150756851086
loss: 107.74122348145082, grad norm: 8324.4404296875, clipped: 1.0
epoch: 98, train_batch_id: 100, avg_cost: 1594.7817351609708
loss: 194.1755773271894, grad norm: 7355.8291015625, clipped: 1.0
epoch: 98, train_batch_id: 150, avg_cost: 1482.0724968290929
loss: 24.043775289563992, grad norm: 6933.271484375, clipped: 1.0
Finished epoch 98, took 00:04:13 s
####Saving model and state...
调用validate
Validating...
Validation overall avg_cost: 1607.007376403873 +- 4.2320263539340415
Evaluating candidate model on evaluation dataset
Epoch 98 candidate mean 1603.4669681646453, baseline epoch 95 mean 1594.0664024791738, difference 9.40056568547152
Start train epoch 99, lr=0.0001 for run train_raw_50_20260228T011907
Evaluating baseline on dataset...
Training baseline model...
开始train_epoch正式训练，总的 batch 大小: 200
Start training epoch 99...
epoch: 99, train_batch_id: 0, avg_cost: 1607.5119679986828
loss: 336.34706607976807, grad norm: 7819.66943359375, clipped: 1.0
epoch: 99, train_batch_id: 50, avg_cost: 1682.566864407918
loss: -60.42779442809899, grad norm: 6293.146484375, clipped: 1.0
epoch: 99, train_batch_id: 100, avg_cost: 1643.4801832782314
loss: 161.72823220746562, grad norm: 8303.2607421875, clipped: 1.0
epoch: 99, train_batch_id: 150, avg_cost: 1504.621440016983
loss: 86.18136623480865, grad norm: 7790.22265625, clipped: 1.0
Finished epoch 99, took 00:04:25 s
####Saving model and state...
调用validate
Validating...
Validation overall avg_cost: 1601.8726609059654 +- 4.011282028490727
Evaluating candidate model on evaluation dataset
Epoch 99 candidate mean 1597.9884164480823, baseline epoch 95 mean 1594.0664024791738, difference 3.922013968908459
